"lt_target","lt_cue","lt_fake_cue","lt_fake_target","en_cue","en_target"
"abduct","pagrobti","paziuoti","abtept","kidnap","abduct"
"absolventas","diplomas","smurlomas","absoldraustas","diploma","graduate"
"absurdiškas","juokinga","juodrauga","absurstraikas","ridiculous","absurd"
"administracinis vadovas","vadyba","vadysius","treadministracinis vadovas","management","administrative"
"adrenalinas","hormonas","iliumonas","adrenalikreipk","hormone","adrenaline"
"adresas","skaičius","liančius","adreaguo","number","address"
"agentūra","firma","krema","banktūra","firm","agency"
"aistra","entuziazmas","entušauksmas","bausra","enthusiasm","passion"
"akcentas","balsas","chasas","akprastas","voice","accent"
"akivaizdu","aišku","sepku","akispaudu","clearly","obviously"
"akmuo","rokas","roniš","aktor","rock","stone"
"aktas","gestas","flitas","akmen","gesture","act"
"aktorius","autorius","autovaiz","aktovaiz","author","actor"
"aktyvuokite","trigeris","plaugeris","aktyvuokiteneriūkš","trigger","activate"
"alėja","kampas","kamrei","žiuja","corner","alley"
"alfa","bravo","spėvo","alper","bravo","alpha"
"alibi","motyvas","motykiui","gudbi","motive","alibi"
"alien","ufo","gūo","alusn","ufo","alien"
"alkanas","pavargęs","pavardžiu","alkabink","tired","hungry"
"alus","gerti","stati","alau","drink","beer"
"alyva","anglis","įsalis","maiva","coal","oil"
"amerika","afrika","centrika","dirbrika","africa","america"
"amžinai","amžinas","amžimiui","amžimiuo","eternal","forever"
"analizė","autopsija","auknisusija","sveilizė","autopsy","analysis"
"ant","bičių","bikos","ukt","bee","ant"
"antis","žąsys","žązai","ancho","goose","duck"
"antradienį","pirmadienis","pirmatarpsnis","antramountnį","monday","tuesday"
"apačioje","į viršų","į vihur","kompčioje","top","bottom"
"apartamentai","namai","našes","verkštamentai","house","apartment"
"apgailėtina","nelaimingas","nelaiįstaigas","apgaigriaustina","miserable","pathetic"
"apibrėžimas","koncepcija","elektcepcija","linksbrėžimas","concept","definition"
"apibūdinimas","profilis","profitzai","sluoksbūdinimas","profile","description"
"apie tai","out","iot","skle tai","out","about"
"apiplėšimas","vagystė","vasiautė","linksplėšimas","theft","robbery"
"apkabinti","bučinys","bučindžiui","apkatraukti","kiss","hug"
"apleisti","išvykti","išprasti","apskriti","leave","abandon"
"aplink","raundas","plandas","aptelk","round","around"
"apskaičiuoti","skaičiuoti","skaišventi","apskaikreipti","count","calculate"
"architektas","inžinierius","inžiniejungt","archipluoštas","engineer","architect"
"areštas","nubausti","nuteršti","kerstas","punish","arrest"
"arklys","asilas","lėklas","hanlys","donkey","horse"
"armija","legionas","leedvinas","džiamija","legion","army"
"arogancija","nežinojimas","nežinojikreipk","stenggancija","ignorance","arrogance"
"arterija","ven","xon","plokšterija","vein","artery"
"artillery","kavalerija","kaschindlerija","arsparklery","cavalry","artillery"
"asistentas","sekretorius","sekretosakėt","asigeistas","secretary","assistant"
"asmenybė","charakteris","paukšrakteris","asmenydžiau","character","personality"
"assassin","samdiniai","samdidžią","assaspuot","mercenary","assassin"
"ate","sveiki","siunki","poe","hello","bye"
"ateiti","atvykti","atlaužti","atsporti","arrive","come"
"atlanto vandenynas","ramiojo vandenyno","ramiojo vandengriebsiu","atgreipfruto vandenynas","pacific","atlantic"
"atleidimas","atsistatydinimas","atsistatydinimastais","atleididžiuo","resignation","dismissal"
"atlyginimas","pensionas","penkresnas","atlyginikreipk","pension","salary"
"atlygis","premija","užuomija","atlyvaut","bonus","reward"
"atmosfera","aplinka","aptauška","atskrenfera","environment","atmosphere"
"atnaujinkite","šviežias","šviekišt","atnaupastumkite","fresh","refresh"
"atsakymas","atsakymas","atsakydžiui","atsakydžiui","answer","reply"
"atsispirti","atsparumas","atmonstrumas","atsilenktti","resistance","resist"
"atsitikti","atsiranda","atsileiskda","atsikrausti","occur","happen"
"audinys","oda","kąa","audidžia","skin","tissue"
"auditorija","minios","mičian","audidžiaisrija","crowd","audience"
"audra","vėjas","vėsiu","mjera","wind","storm"
"aukštas","žemas","želių","kimštas","low","high"
"aukštis","svoris","žiūris","maištis","weight","height"
"aukštyn","down","dotą","aukšcos","down","up"
"autobusas","traukinys","stipkinys","autobučiuot","train","bus"
"automobilis","transporto priemonė","makleišporto priemonė","automobitraukt","vehicle","car"
"bacon","skrudinta duona","žvilgsdinta duona","baked","toast","bacon"
"baigtas","ass","ins","liautas","ass","butt"
"baigti","galas","gamuo","liauti","end","finish"
"baimė","siaubas","siautei","juomė","horror","fear"
"baisus","baisi","subsi","baimin","terrible","horrible"
"bait","spąstai","krėstai","bažę","trap","bait"
"balsas","dauguma","blizguma","vitsas","majority","vote"
"band","orkestras","orgiedras","bapt","orchestra","band"
"bandymas","bandyti","aukšdyti","bandydžių","try","attempt"
"bandymas","klausymas","bendsymas","bandydžių","hearing","trial"
"bar","klubas","dvobas","eir","club","bar"
"barzda","plaukų","virukų","megzda","hair","beard"
"batalionas","pulkas","knikas","batasprannas","regiment","battalion"
"batman","supermenas","sustaigmenas","terman","superman","batman"
"battlefield","arena","popna","sulolefield","arena","battlefield"
"batų","įkrovos metu","šlandvos metu","bamas","boot","shoe"
"baudžiamajame nare","vagis","vanok","neklystadžiamajame nare","thief","criminal"
"baugina","panika","papraska","kreigina","scare","frighten"
"bed","sofa","sosiu","uld","sofa","bed"
"beisbolas","stadionas","staaslanas","plazbolas","stadium","baseball"
"bejėgiai","bejėgis","bejėjant","bejėzaus","helpless","powerless"
"bendruomenė","visuomenė","viminsimenė","vaikšruomenė","society","community"
"berniukas","mergina","skaigina","kvainiukas","girl","boy"
"bevertis","nenaudingas","nesprogdingas","beimantis","useless","worthless"
"biologija","chemija","liaumija","įpraslogija","chemistry","biology"
"biologinis","chemija","liaumija","įprasloginis","chemical","biological"
"biuras","stalas","staruo","nevras","desk","office"
"bjaurus","nešvarus","neriusrus","kreirus","dirty","disgusting"
"blogai","gerai","gesys","šingai","good","bad"
"bosas","vadybininkas","vadybinindžiuiė","bofor","manager","boss"
"bostonas","vašingtonas","vasvarstonas","kriptonas","washington","boston"
"branduolys","atomic","atosow","aukšduolys","atomic","nuclear"
"brangakmenis","deimantas","deiteiktas","linksgakmenis","diamond","jewel"
"braškių","bananų","banašiai","darbkių","banana","strawberry"
"brave","kilnus","matnus","ginve","noble","brave"
"bright","šviesti","šluosti","brigbs","shine","bright"
"bro","dude","rinde","tto","dude","bro"
"brolis","sesuo","sepes","manlis","sister","brother"
"build","statyba","prietyba","buvud","construction","build"
"bullet","caliber","calizuok","bulcus","caliber","bullet"
"buriavimas","inkaras","inkabint","buriavidžiui","anchor","sail"
"burtininkas","magija","sprogija","kreiptininkas","magic","wizard"
"bury","dig","sug","bulen","dig","bury"
"būstinė","bazė","balią","siektinė","base","headquarters"
"butelis","stiklas","skrylas","butekant","glass","bottle"
"cap","akiniai","lioniai","lep","glasses","cap"
"catch","patraukti","paveiksti","įvich","grab","catch"
"čempionatas","varzybos","varzyriui","šlykšpionatas","competition","championship"
"centimeter","mile","micha","centimedison","mile","centimeter"
"cerebral","smegenys","neutgenys","cerebbom","brain","cerebral"
"ceremonija","ritualas","ritusėst","žvaigžremonija","ritual","ceremony"
"chirurgija","veikia","tuokia","trokšrurgija","operate","surgery"
"cigaras","dūmai","dūros","cigabenk","smoke","cigar"
"cigarette","tabako","tadžeiko","cigaspingte","tobacco","cigarette"
"ciniškas","naivus","sepvus","ciklaikas","naive","cynical"
"cirkas","zoologijos sodas","zoologijos stakliui","leskas","zoo","circus"
"civilizacija","kultūra","siautūra","destrukcivilizacija","culture","civilization"
"counters","baronas","baroliuo","spūnters","baron","countess"
"cowboy","rodeo","roryl","tačboy","rodeo","cowboy"
"crazy","paranoi","paratian","ųmozy","paranoid","crazy"
"creepy","baugus","jingus","pjūkepy","scary","creepy"
"dailininkas","dailininkas","tvomblininkas","kingslininkas","artist","painter"
"daina","albumas","albudžio","terna","album","song"
"daktaras","chirurgas","konkrurgas","grietaras","surgeon","doctor"
"dalelė","svarbu","spinbu","daleriui","matter","particle"
"dalykas","objektas","obliuotas","dalygint","object","subject"
"dangaus","dangus","dansių","kilgaus","sky","heavenly"
"dantis","nagai","nasus","kiltis","nail","tooth"
"darbas","job","gib","keibas","job","work"
"darbuotojas","ūkininkas","vienninkas","darsvarstojas","farmer","worker"
"dawn","saulėlydis","veikslėlydis","daul","sunset","dawn"
"dažnai","kartais","šiutais","chonai","sometimes","often"
"degtinė","viskis","vismelk","nykštinė","whiskey","vodka"
"deguonis","oras","gaas","dekortnis","air","oxygen"
"dėkojame","dėkingas","dėmėmsgas","dėkokiemsme","grateful","thank"
"dėkojame","žavėtis","žavėluok","dėkokiemsme","admire","appreciate"
"demokratija","laisvė","spinvė","demošniukštija","freedom","democracy"
"demonstracija","protestas","ankstestas","dešliundracija","protest","demonstration"
"denio","kabina","kaplauna","degei","cabin","deck"
"depresija","stresas","streaguo","aliarresija","stress","depression"
"dešimtmetis","amžiaus","amgiant","desmulkmetis","century","decade"
"destiny","likimas","likiniui","ropštiny","fate","destiny"
"detektyvas","agentas","trintas","dešvaistyvas","agent","detective"
"devotimas","ištikimybė","adekvatikimybė","devotidžiui","fidelity","devotion"
"didelis","big","seg","skystablauzdidelis","big","huge"
"didysis","didenybė","skystablauzdidenybė","skystablauzdidysis","majesty","highness"
"dieviškas","dievui","diecas","branviškas","god","divine"
"dinamitas","gunpowder","gunpowling","skystablauzdinamitas","gunpowder","dynamite"
"ding","ping","pici","dili","ping","ding"
"dingimas","mirtis","vaitis","prasgimas","death","disappearance"
"dirbtinis","natural","natubios","slaptinis","natural","artificial"
"direktorius","gamintojas","gasvarstojas","skystablauzdirektorius","producer","director"
"diskusija","pokalbis","poliurbis","skystablauzdiskusija","conversation","discussion"
"district","apskritis","apaukštis","distdier","county","district"
"do","make","madiš","tė","make","do"
"dokumentas","failas","wellas","dokutrauktas","file","document"
"doleris","svaras","kažras","doleaven","pound","dollar"
"dosniai","apmokestinimas","apmoįšvirkštinimas","migniai","compassionate","generous"
"dovanojimas","labdara","tvendara","dovanojikreipk","charity","donation"
"dovanų","komplimentas","paukšlimentas","dovadžio","compliment","gift"
"draugas","kolega","kodrauga","draudei","colleague","friend"
"draugiškas","mandagus","stipdagus","bendgiškas","polite","friendly"
"draugystė","santykiai","santymams","bendgystė","relationship","friendship"
"dream","košmaras","šlaumaras","ryšam","nightmare","dream"
"dulkės","pelenai","pelerius","vaikės","ash","dust"
"duok","pasiūlymas","pasiūlygiuot","duat","offer","give"
"durys","langas","rurgas","dugei","window","door"
"dusty","rusty","ohaty","berty","rusty","dusty"
"duty","atsakomybė","atkreipkkomybė","ratty","responsibility","duty"
"dvasia","siela","repla","ruosia","soul","spirit"
"džiaugsmas","malonumas","malonukreip","straipsmas","pleasure","joy"
"džuljeta","romeo","roalą","tvaijeta","romeo","juliet"
"ear","akis","akno","ahr","eye","ear"
"efektyvus","naudinga","nausmaiga","slėptyvus","useful","effective"
"eikite","įveskite","strukskite","troškite","enter","go"
"eilė","tekstas","baustas","sanlė","text","poem"
"elegantiškas","madingi","matuokgi","krikšgantiškas","fashionable","elegant"
"elektra","dabartinis","dakreiptinis","chandra","current","electricity"
"elektriniai","magnetinis","priešnetinis","vaikšriniai","magnetic","electric"
"elementas","factor","kąžtor","starmentas","factor","element"
"emocinis","psichikos","psitvankos","žiurcinis","mental","emotional"
"energija","galia","ganui","aikšgija","power","energy"
"epidemija","maras","malių","svarsdemija","plague","epidemic"
"epizodas","serija","šiaurija","nykšzodas","series","episode"
"equip","įranga","plakga","ūpuip","equipment","equip"
"erekcija","orgazmas","orislamas","blaccija","orgasm","erection"
"ever","niekada","kontkada","nyer","never","ever"
"express","apibūdinti","linksbūdinti","gafress","describe","express"
"ežeras","upė","įėė","druras","river","lake"
"faksas","paštas","frotas","plisas","mail","fax"
"false","suklastotas","sureikštotas","ronse","fake","FALSE"
"fantastinis","nuostabus","nuostadink","triukštastinis","wonderful","fantastic"
"fantazija","realybė","kvielybė","prieštazija","reality","fantasy"
"federacija","kolonija","kogriaunija","žvaigžderacija","colony","federation"
"festivalis","karnavalas","karnavaziuok","įklimtivalis","carnival","festival"
"filmas","porn","pocy","skimas","porn","movie"
"filthy","bjaurus","nistrus","greithy","nasty","filthy"
"finansai","bankininkystė","bankinintuiruotė","finanjing","banking","financial"
"finansavimas","biudžetas","biuegiptas","finansavikreipk","budget","funding"
"finansavimas","finansiškai","finansišsiems","finansavikreipk","financially","financing"
"fizinė dalis","seksualinis","žvaigžsualinis","fizinė dtchell","sexual","physical"
"fotografas","autografas","autogradžiui","fotogradžiui","autograph","photographer"
"frazė","žodynas","žodydžio","gonzė","dictionary","phrase"
"fugitive","pabėgėlis","pabėgėtrauk","fudrumstive","refugee","fugitive"
"funkcinis","veikimas","marškimas","kliūcinis","operational","functional"
"futbolas","krepšinis","aikššinis","fušmėklas","basketball","football"
"gabalas","fragmentas","berkmentas","gabarjie","fragment","piece"
"gailestingumas","atleidimas","atleididžiuo","sluokslestingumas","forgiveness","mercy"
"galas","priekyje","smaukyje","ganiz","front","rear"
"galaxy","visata","vigrįsta","ganaut","universe","galaxy"
"galimybė","pasirinkimas","pasispjautkimas","galiniaisbė","choice","option"
"galimybė","tikimybė","praskaidrintikimybė","galiniaisbė","chance","possibility"
"galų gale","pagaliau","pagabenk","galų gsmiai","finally","eventually"
"gaminti","sukurti","supjauti","gaversti","create","produce"
"gamyba","gamykla","gastella","gaestaba","factory","production"
"garažas","seminaras","seminadžent","garadzin","workshop","garage"
"garbė","privilegija","sluoksvilegija","plabė","privilege","honor"
"garsus","populiarus","popumonstrus","gardai","popular","famous"
"gatvė","avenue","fiknue","dipvė","avenue","street"
"gay","lesbietė","stiubietė","mey","lesbian","gay"
"gebėjimas","talpa","gorpa","gebėjidžiui","capacity","ability"
"gelbėtojas","herojus","herodžer","linksbėtojas","hero","savior"
"gėlių","augalas","augabenk","gėmės","plant","flower"
"geltona","raudona","švendona","plautona","red","yellow"
"gimtadienis","jubiliejus","jubiliedžiau","trūkstadienis","anniversary","birthday"
"ginčas","konfliktas","spraliktas","bračas","conflict","dispute"
"ginklas","šautuvas","skirtuvas","daiklas","rifle","gun"
"ginklas","pistoletas","stengtoletas","daiklas","pistol","weapon"
"ginkluotė","arsenal","arserins","skryluotė","arsenal","armory"
"ginti","apsaugokite","apreiõkigokite","anati","protect","defend"
"girdėti","klausykitės","linkssykitės","plaudėti","listen","hear"
"girtas","blaivus","smarvus","luotas","sober","drunk"
"gitara","fortepijonas","slankstepijonas","giniusra","piano","guitar"
"global","nacionalinis","nadžasminalinis","rambal","national","global"
"gorilla","monkey","luskey","eurisla","monkey","gorilla"
"graikų kalba","romanas","romatuok","gniauž kalba","roman","greek"
"gram","kilo","kinau","pyam","kilo","gram"
"graži","graži","verži","čiuži","pretty","beautiful"
"gražus","nicos","nišam","granią","nice","lovely"
"greitai greitai","lėtai","lėkim","greitai gredding","slowly","quickly"
"greitas","lėtai","lėkim","veiktas","slow","fast"
"greitis","atstumas","atžaismas","miestis","distance","speed"
"greitkelis","kelias","kemens","įmantkelis","road","highway"
"griaustinis","žaibas","lumbas","skruostinis","lightning","thunder"
"grįžti","atgal","atlor","kvanti","back","return"
"grožis","charm","chelm","gromet","charm","beauty"
"gruodžio mėn","lapkričio mėn","lapkričiovilks","gruodžioeing","november","december"
"grupė","gauja","suoja","atopė","gang","group"
"gydymas","terapija","tepliurpija","gydydžių","therapy","treatment"
"gyvūnas","žvėris","sleris","gyvūdžia","beast","animal"
"haliucinacija","iliuzija","dreizija","kvontriliucinacija","illusion","hallucination"
"hamburgeris","sandwich","abrawich","šviesburgeris","sandwich","hamburger"
"harmonija","balansas","banielsas","linksmonija","balance","harmony"
"hat","šalmas","dromas","ilt","helmet","hat"
"heroinas","kokainas","korisonas","heklaunas","cocaine","heroin"
"į rytus","į vakarus","į vakgioj","į rulas","west","east"
"įdėkite","įdėti","fanti","efekkite","insert","put"
"idiotas","kvailys","kvainam","veiktas","fool","idiot"
"įdomus","jaudinantis","jaudidžiostis","belmus","exciting","interesting"
"įėjimas","išeiti iš","išeitithout","įstomas","exit","entrance"
"įkvėpimas","inspire","etiopire","juočpimas","inspire","inspiration"
"ilgai","trumpas","trumrei","ilrio","short","long"
"ilgis","dydis","dynėj","ilson","size","length"
"imperatorius","imperial","impežens","imperatonatvėj","imperial","emperor"
"imperija","dynasty","dynapiet","imchiatrija","dynasty","empire"
"impress","glostymas","morttymas","implauk","flatter","impress"
"individualus","asmuo","asrią","indivivaiuok","person","individual"
"infekcija","virusas","viruliuo","inkorupcija","virus","infection"
"informacija","duomenys","kingmenys","intriukšmacija","data","information"
"informatorius","šaltinis","lenktinis","informatonetton","source","informant"
"informuoti","ataskaita","atajungta","inforkreipti","report","inform"
"injekcija","dozė","dotus","inkorupcija","dose","injection"
"inspekcija","egzaminas","egzamidžiui","inskorupcija","examination","inspection"
"institucija","jurisdikcija","žvaigžrisdikcija","adekvatitucija","jurisdiction","authority"
"instrumentas","įrankis","staikis","sprenrumentas","tool","instrument"
"intuicija","instinktas","insvaistas","invójaucija","instinct","intuition"
"intymūs","asmeninis","asmenitrauk","intyklai","personal","intimate"
"invest","finansai","fifyldsai","inkeis","finance","invest"
"investuotojas","bankininkas","kreipkininkas","invespaskaitojas","banker","investor"
"įprasta","paprastas","pajungtas","stygsta","ordinary","usual"
"įrašymas","įrašas","aiššas","spinšymas","record","recording"
"įrodymas","įrodymai","valsdymai","valsdymas","evidence","proof"
"ironiškas","ironija","rūgšnija","šunsniškas","irony","ironic"
"įsakymas","komanda","kosiosda","kompkymas","command","order"
"išdavikas","šnipas","šnimėt","išdavidžiui","spy","traitor"
"išgyti","atkurti","atmegzti","išliuoti","recover","heal"
"išgyventi","gyvena","gysilpna","išgytraukti","live","survive"
"išlaikyti","išsaugoti","iškviesgoti","išspręskyti","preserve","maintain"
"išlieka","likti","elgti","išankska","stay","remain"
"išorinis","vidaus","vikels","išblužnis","internal","external"
"išpažinimas","pripažinti","pripatraukti","išpažinikreipk","admit","confess"
"įspūdingas","sensacinga","vaikšsacinga","juokdingas","sensational","spectacular"
"iššūkis","kliūtis","blontis","iššūjant","obstacle","challenge"
"ištikimas","loyal","loyluot","ištikibirkš","loyal","faithful"
"ištirti","išnagrinėti","iščiulpsrinėti","iškvanti","examine","investigate"
"išvykimas","atvykimas","atvykibirkš","išvykibirkš","arrival","departure"
"įtariamasis","abejojimas","sprogjojimas","linksriamasis","doubt","suspect"
"įvykis","phenomenon","siausnomenon","sulkis","phenomenon","event"
"įžeidimas","įžeidimas","stabdimas","mėgsdimas","insult","offend"
"jaunesnysis","vyresnysis","vyresnytrauk","linksnesnysis","senior","junior"
"jausmas","įspūdis","įkaidis","versmas","impression","feeling"
"jautrus","subtilus","subtikint","braurus","delicate","sensitive"
"jėga","stiprumas","traurumas","dinga","strength","force"
"juoda","balta","dinta","virda","white","black"
"juokinga","šmaikštus","kriauktus","juodrauga","witty","funny"
"juoktis","šypsena","mėgssena","liuotis","smile","laugh"
"kaimas","stovykla","stoprišla","kaitėj","camp","village"
"kaina","vertė","sautė","anana","value","price"
"kairėje","teisė","varsė","įspyrėje","right","left"
"kaklaraištis","gerklės","džeklės","kaklastengtis","throat","neck"
"kaklaraištis","įpareigoti","smulkreigoti","kaklastengtis","bind","tie"
"kalbėti","kalbėti","priebėti","priebėti","talk","speak"
"kalėjimu","ląstelė","pieštelė","kalėskausmu","cell","prison"
"kalinys","įkaitas","akintas","kaliriau","hostage","prisoner"
"kaltas","nekaltas","nerinktas","suotas","innocent","guilty"
"kaltinimas","skundas","dmondas","reikštinimas","complaint","accusation"
"kaltintojas","teisininkas","teisikrauskas","kalsvarstojas","lawyer","prosecutor"
"kančia","skurdas","spradas","plečia","poverty","misery"
"kankinimas","kankinimas","griebkinimas","griebkinimas","torment","torture"
"kapinės","grave","įsive","kapigiau","grave","cemetery"
"kapitalizmas","anarchija","dmitchija","kapitatrenksmas","anarchy","capitalism"
"kapitonas","vadas","vazov","kapitoshiba","commander","captain"
"karalius","karalienė","karamountnė","karašant","queen","king"
"karalystė","royal","royėmus","karabirkštė","royal","kingdom"
"kardinolas","vyskupas","vyskučiuo","kardinorójot","bishop","cardinal"
"karinis jūrų laivynas","marine","marikiuo","sprunkarinis jūrų laivynas","marine","navy"
"karis","civilinis","civiliskart","kaspa","civil","military"
"karoliai","žiedas","lundas","karochel","ring","necklace"
"karščiavimas","kosulys","kosuspau","drumsčiavimas","cough","fever"
"kartelis","mafija","malūnsja","aikštelis","mafia","cartel"
"katė","šuo","coo","kanus","dog","cat"
"kavos kava","puodelis","frandelis","kavos kžiürėk","cup","coffee"
"kažkas","nieko","repko","ziakas","nothing","something"
"kažkur","kitur","kired","kažvin","elsewhere","somewhere"
"kėdė","stalas","staruo","rimdė","table","chair"
"keista","neįprastas","neįpblokštas","skaita","unusual","strange"
"kelias","maršrutas","sunkrutas","kenuos","route","path"
"kelio","pečių","peten","keras","shoulder","knee"
"kempingas","piknikas","pistoukas","aikšpingas","picnic","camping"
"kepenys","inkstas","peistas","keperial","kidney","liver"
"ketinimas","tikslas","minklas","ketinifique","purpose","intention"
"keturi","du","že","kebendri","two","four"
"ketvirta","trečias","nančias","siauvirta","third","fourth"
"ketvirtį","pusė","purai","ketįkaltį","half","quarter"
"kiaušinis","lizdas","surdas","greišinis","nest","egg"
"kilimas","grindys","bruodys","kiliniui","floor","carpet"
"klaida","klaida","keisda","slėpda","error","mistake"
"klasika","tipiškas","praskaidrintipiškas","pirksika","typical","classic"
"klientas","pacientas","paklūstas","klaustas","patient","client"
"klinika","ligoninė","ligonigaikš","dirbnika","hospital","clinic"
"knyga","biblija","biniuoja","menga","bible","book"
"kokybė","kiekis","gaukis","blaškybė","quantity","quality"
"komanda","lyga","malga","kosiosda","league","team"
"komedija","drama","spema","komedidžiuo","drama","comedy"
"komisijos narys","inspektorius","inspektosakėt","komisijos nriebkim","inspector","commissioner"
"komitetas","komisija","komisilinks","komiteschen","commission","committee"
"kompiuteris","programinė įranga","švieskaraminė įranga","komgangsteris","software","computer"
"komunikatas","navigacija","navizistencija","komunikakreipk","navigation","communication"
"komunistas","rasistinis","rasistitraukt","komutrauktas","racist","communist"
"koncentratas","dėmesys","dėmedzia","konsliundratas","focus","concentrate"
"koncertas","turas","tuviu","končiuotas","tour","concert"
"konjako","rum","aom","riaujako","rum","cognac"
"konstitucija","įstatymas","tinktymas","džiaugtitucija","law","constitution"
"kopijavimas","original","origivins","kopijavikreipk","original","copy"
"koplyčia","bažnyčia","siurnyčia","kolinsčia","church","chapel"
"korporacija","įmonė","sirnė","žvaigžporacija","company","corporation"
"kova","kovoti","koskirti","serva","combat","fight"
"kovotojas","čempionai","progpionai","kovotonight","champion","fighter"
"kramtymas","nuryti","nuliaiti","skustymas","swallow","chew"
"kriauklė","tualetas","tuįkaitas","šmaikšlė","toilet","sink"
"krikščionis","katalikų","kataliniams","įprasčionis","catholic","christian"
"krizė","situacija","situfornlja","chozė","situation","crisis"
"krovinys","apkrova","apsiauva","sveivinys","load","cargo"
"krūtinė","skrandis","snargdis","jaustinė","stomach","chest"
"kuklus","nuolankus","nuolandžių","ivalus","humble","modest"
"kunigas","vienuolis","vienuoskau","kunitrik","monk","priest"
"kuras","dujos","dusin","kuten","gas","fuel"
"kurčias","aklas","sulas","kursėms","blind","deaf"
"kūrybiškumas","vaizduotė","moksduotė","kūrybiškukreipk","imagination","creativity"
"kvailas","naivus","sepvus","kvaišot","naïve","stupid"
"kvailumas","beprotybė","bešlykštybė","aukšlumas","madness","stupidity"
"kvapas","skonis","linnis","mulpas","taste","smell"
"kvepalai","lūpų dažai","lūpų driuos","teispalai","lipstick","perfume"
"labai","ypač","mmač","lagio","extremely","very"
"lady","viešpats","viešsuos","lajuo","lord","lady"
"lagaminas","portfelis","skerfelis","lagamidžiui","briefcase","suitcase"
"laidotuvės","karstas","tiestas","laidotudžiai","coffin","funeral"
"laikmatis","detonatorius","detonatožvelgt","techmatis","detonator","timer"
"laikotarpis","fazė","favau","laikobekvapis","phase","period"
"laikraštis","straipsnis","džiaugsnis","techraštis","article","newspaper"
"laikyti","laikykite","sprogkykite","bendkyti","hold","keep"
"laimėti","pelnas","daunas","giesmėti","gain","win"
"laimingas","patenkintas","patentrauktas","laidraugas","satisfied","happy"
"laiškas","telegrama","tekonstrama","reinkas","telegram","letter"
"laisvas","laisvai","risovai","greivas","freely","free"
"laisvės atėmimas","bausmė","blonmė","laisvės atėmblokšk","penalty","imprisonment"
"laivas","įgula","pogla","chyvas","crew","ship"
"laivas","naval","narit","chyvas","naval","fleet"
"lavonas","kūnas","kūzuo","lavoriuk","body","corpse"
"legenda","mitas","miniu","lesmirda","myth","legend"
"leisti","leisti","idioti","idioti","allow","let"
"leitenantas","seržantas","serpokštas","leitespręstas","sergeant","lieutenant"
"lenktynės","maratonas","maratoshiba","spautynės","marathon","race"
"liberalų","konservatyvus","konservatykreipk","liniamsralų","conservative","liberal"
"lick","suck","suuo","ligh","suck","lick"
"liepos mėn","birželio birželio mėn","birželio birželiskriaust","lieposwitt","june","july"
"liepsnos","ugnis","ugtai","žingsnos","fire","flame"
"liga","gripas","kelpas","ličių","flu","disease"
"light","tamsa","pulsa","lickt","darkness","light"
"limuzinas","taksi","fresi","limuzidžiui","taxi","limousine"
"ling","ming","migh","libų","ming","ling"
"literatūra","art","ukt","vykstateratūra","art","literature"
"liudijimas","liudytojas","skraidytojas","sprendijimas","witness","testimony"
"liūtas","drakonas","stipkonas","sektas","dragon","lion"
"lizard","varlė","rielė","liaris","frog","lizard"
"lyderis","narys","nasta","lydedant","member","leader"
"lydi","escort","esriot","lytės","escort","accompany"
"lynai","grandinė","lenkdinė","lysen","chain","rope"
"maid","nanny","alfny","madė","nanny","maid"
"maišas","dėžė","dėbių","mainei","box","bag"
"maitinimas","maistas","riantas","žvelgtinimas","food","meal"
"majonezas","ketchupas","ketflllpas","majoneįžvel","ketchup","mayonnaise"
"maksimalus","minimumas","minimudžiui","sielgsimalus","minimum","maximum"
"mama","daddy","amtdy","germa","daddy","mum"
"manipuliuokite","kontrolė","siaurolė","manipuliuokiteneriūkš","control","manipulate"
"masažas","joga","jonėm","masaviem","yoga","massage"
"mašina","robotas","robodžia","makrauna","robot","machine"
"matematika","fizika","fitvarka","materėčiostika","physics","mathematics"
"mažas","mažai","mačiu","manik","little","small"
"mechaninė","techninis","laikninis","mezingsninė","technical","mechanical"
"medalionas","artefaktas","artespręstas","medasopranas","artifact","medallion"
"medalis","trofėjaus","trofėsiai","medarant","trophy","medal"
"medis","krūmas","alumas","meron","bush","tree"
"medvilnė","šilkas","džakas","mealesnė","silk","cotton"
"meilė","neapykanta","neapyįvyksta","pyklė","hate","love"
"meilė","mistress","omicress","pyklė","mistress","lover"
"melagis","lie","fee","meladuko","lie","liar"
"mėlyna","brown","osown","mėvietna","brown","blue"
"mėlynė","įbraižas","iskaižas","mėlyčiau","scratch","bruise"
"meras","šerifas","šerikiui","menin","sheriff","mayor"
"merginos","berniukai","bertvarkai","mergimiau","boys","girls"
"mėsa","kiauliena","tampliena","pulsa","pork","meat"
"metalas","iron","irkt","metadien","iron","metal"
"metras","kilometras","kilošėjairas","ryšras","kilometer","meter"
"miegamasis","kambarys","kambadach","įstaigamasis","room","bedroom"
"miegoti","poilsis","poiljant","skaigoti","rest","sleep"
"mielas","saldus","kredus","seklas","sweet","cute"
"miestas","sostinė","kliūtinė","chistas","capital","city"
"mikrofonas","fotoaparatas","fotoaparasikrušk","sprogrofonas","camera","microphone"
"mikroskopas","teleskopas","televenstpas","bernstroskopas","telescope","microscope"
"milijardai","million","milsuok","milineklydai","million","billion"
"miltai","grūdai","sisdai","tuotai","grain","flour"
"ministerija","ambasada","ambažvelgda","mitchellterija","embassy","ministry"
"ministras","ambasadorius","ambasadobuklai","misandras","ambassador","minister"
"minus","plus","ütus","micha","plus","minus"
"minutė","antra","liera","mikvietė","second","minute"
"miręs","gyvas","gysim","migių","alive","dead"
"mirti","kenčia","skučia","džoti","suffer","die"
"mirtinas","mirtinas","plautinas","plautinas","deadly","fatal"
"misija","užduotis","užplėstis","misirink","task","mission"
"mišinys","derinys","derikiuo","miširiau","combination","mixture"
"miško","jungle","uoncle","kemko","jungle","forest"
"missile","raketa","radrįsta","šachsile","rocket","missile"
"močiutė","senelis","seneskam","moaukštė","grandfather","grandmother"
"mokslas","technologijos","paskamnologijos","sparlas","technology","science"
"mokslininkas","genijus","geniniai","priešlininkas","genius","scientist"
"mokykla","klasė","persė","mogorila","class","school"
"mokyti","mokytis","mokylant","motvirti","learn","teach"
"mokytojas","studentas","šviedentas","mokytonight","student","teacher"
"monitorius","ekranas","ekrakink","monitosakėt","screen","monitor"
"morfinas","aspirinas","aspirikiuot","franfinas","aspirin","morphine"
"motel","viešbutis","džorbutis","molūš","hotel","motel"
"moteris","patinas","patikink","motekant","male","female"
"moteris","našlė","sillė","motekant","widow","woman"
"mountain","hill","higį","mónetain","hill","mountain"
"mūšis","karas","kasyk","mūnėm","war","battle"
"mutacija","evoliucija","įkliuliucija","krikštacija","evolution","mutation"
"muziejus","biblioteka","bibvykstateka","muįstojus","library","museum"
"muzika","džiazas","džiakob","mutvarka","jazz","music"
"muzikantas","dainininkė","zingsnininkė","muzispręstas","singer","musician"
"naudojimas","taikyti","bendkyti","elektdojimas","apply","use"
"neatsakingas","nepagrįstas","nepablokštas","neatsakinkreipk","unreasonable","irresponsible"
"nebuvimas","buvimas","buvičium","nebuvidžiui","presence","absence"
"negali","nesugebėjimas","nesugebėjisikrušk","netrukli","inability","unable"
"neigiamas","teigiamas","teišėlsmas","silpgiamas","positive","negative"
"nelaimingas atsitikimas","incidentas","inciklaistas","žingsnelaimingas atsitikimas","incident","accident"
"nemalonus","nepatogus","nepatoshiba","nemalošėjai","uncomfortable","unpleasant"
"nerimauti","susirūpinimą","susidžiaugspinimą","nerikreipti","concern","worry"
"nervai","neramus","neraelie","riuvai","worried","nervous"
"nesąžininga","neteisybė","neplauksybė","netriukšžininga","injustice","unfair"
"nesėkmė","sėkmė","itamė","nešvanmė","success","failure"
"nesėkmė","nevykęs","nevyliau","nešvanmė","unfortunate","misfortune"
"neseniai","tiesiog","tiewitt","nesebast","just","recently"
"nėštumas","gimdymas","žlugdymas","barztumas","birth","pregnancy"
"netikėtai","staiga","kranga","netikėsiuos","suddenly","unexpectedly"
"nežinoma","anoniminis","krikšniminis","nežikeiksma","anonymous","unknown"
"noras","noras","nolio","nolio","desire","wish"
"normalus","sveikas","sliukas","normažiau","healthy","normal"
"nosinė","audinys","audiriau","praskaidrinosinė","cloth","handkerchief"
"nosis","burna","tovna","nomet","mouth","nose"
"nugalėti","pergalė","draugalė","nugatraukti","victory","defeat"
"nugalėtojas","nevykėlis","nevykėtrauk","nugalėtokreipk","loser","winner"
"nuogas","nuogas","žingas","nuotru","nude","naked"
"nuolat","visada","viversda","nuogėn","always","constantly"
"nuoma","samdyti","miesdyti","sekma","hire","rent"
"nuomotojas","nuomininkas","greismininkas","aliarmotojas","tenant","landlord"
"nuoširdus","duroninis","duronitrauk","nuoraundus","decent","honest"
"nuostabi","įspūdingas","liūddingas","nuogriebi","impressive","amazing"
"nuotaka","jaunikis","jauniruok","vykstaka","groom","bride"
"nuotrauka","paveikslėlis","paasamblėlis","nuotrenks","picture","photo"
"nuplaukite","švarus","emirus","nukenkskite","clean","wash"
"nurodykite","taškas","piokas","nurodykiteneriūkš","point","indicate"
"nusikaltimas","nuodėmė","spaudėmė","nusišniukštimas","sin","crime"
"nusivylimas","siurprizas","dreiprizas","nusivylikreipk","surprise","disappointment"
"nustatymas","drąsa","pimsa","nukreiptymas","courage","determination"
"nužudyti","nuodų","gendų","nusprendyti","poison","kill"
"nykštys","pirštu","siustu","kraštys","finger","thumb"
"omarų","tuna","tumos","aperų","tuna","lobster"
"oranžinė","žalias","žamens","šveižinė","green","orange"
"orbita","planeta","bendneta","orkaršta","planet","orbit"
"organizuoti","organizuoti","organiskleisti","organiskleisti","arrange","organize"
"oro uostas","terminalas","linksminalas","oro uokels","terminal","airport"
"orumas","pride","lazde","riomas","pride","dignity"
"paauglys","paauglys","paaugdžio","paaugdžio","teenage","teenager"
"pabegti","bėga","bėsim","palinkti","flee","escape"
"padaras","monstras","chiatras","padaniel","monster","creature"
"padavėja","padavėjas","padavėdžiui","padadžiuoja","waiter","waitress"
"padažas","kremas","salmas","padabrio","cream","sauce"
"padėkos","svetingumas","mankštingumas","padėliai","hospitality","gratitude"
"pagalba","pagalba","pasriuba","pablemba","help","assist"
"pagalba","pagalba","pasriuba","pablemba","support","assistance"
"pagalvokite","apsvarstykite","apreiõkitykite","pasveiksvokite","consider","think"
"pajamos","pelnas","daunas","pajačiai","profit","income"
"pakanka","pakankamai","pasielgkamai","pareiška","enough","sufficient"
"paketas","vokai","volės","pakeliuo","envelope","package"
"paklauskite","klausimas","bendsimas","pasveiksskite","question","ask"
"pakrantė","papludimys","papludibaigt","palakstė","beach","coast"
"pamokslas","kalboje","beisboje","pasiellas","speech","sermon"
"papildomas","papildomai","patraukdomai","patraukdomas","extra","additional"
"paprasta","neįmanomas","nekreipnomas","pašventa","impossible","easy"
"paprasta","tiesiog","tiewitt","pašventa","simply","simple"
"paprastai","paprastai","patvirtai","patvirtai","normally","usually"
"paprastai","natūraliai","natūramount","patvirtai","naturally","generally"
"paranormal","antgamtinis","antkreiptinis","paranorčiups","supernatural","paranormal"
"parašas","antspaudas","antdfordas","paratink","stamp","signature"
"pardavimas","aukcionas","kontcionas","žvelgdavimas","auction","sale"
"parduoti","pirkti","liūdti","partvirti","buy","sell"
"parduotuvė","parduotuvė","paršviestuvė","paršviestuvė","shop","store"
"pareigūnas","oficialiai","oficiajaus","paklausgūnas","officially","official"
"pareiškimas","komentuoti","koskaistuoti","paklauskimas","comment","statement"
"paroda","galerija","whistlerija","padelsda","gallery","exhibition"
"paruoškite","pasiruošęs","pasiruodžiui","pasielgkite","ready","prepare"
"pasakykite","pasakyti","pasatraukti","pasakykiteneriūkš","say","tell"
"pašalinti","pašalinkite","pašapastumkite","pašatraukti","eliminate","remove"
"pasas","bilietas","bikrautas","pabrė","ticket","passport"
"pasaulis","international","internatiokreipk","patvirlis","international","world"
"pasirinkti","pasirinkite","pasispjautkite","pasispausti","choose","select"
"pasiteisinimas","atleisk","atšliau","pasičiurkštsinimas","forgive","excuse"
"pasitikėjimas","pagarba","paslėpba","pasitikėjisikrušk","respect","confidence"
"pasiūlyti","pasiūlyti","patrauklyti","patrauklyti","propose","suggest"
"pasivaikščiojimas","runsing","rundier","pasivaikščiojisikrušk","run","walk"
"pasivaikščiojimas","nap","rėp","pasivaikščiojisikrušk","nap","stroll"
"paskaita","seminaras","seminadžent","skleista","seminar","lecture"
"paskola","kreditas","kredidžio","bendkola","credit","loan"
"paskutinė","pirmas","gazmas","fizrukutinė","first","last"
"paslaptis","paslaptis","pagrūstis","paįprotis","secret","mystery"
"paslėpti","padengti","paplėšti","paveržti","cover","hide"
"pastatas","bokštas","terštas","palauktas","tower","building"
"pastraipa","skyrius","šalrius","pakvaišpa","section","paragraph"
"pasukite","pasukite","pažvelgkite","pažvelgkite","turn","rotate"
"pasveikinkite","sveikiname","transkiname","pačiulpkkinkite","congratulate","greet"
"patarti","patarimai","patarikiuos","pačiuoti","advice","advise"
"pateikite","įgalinti","lakslinti","pasprunkite","enable","provide"
"patikimas","paaiškinimas","pasprukskinimas","patikibirkš","explanation","plausible"
"patikrinkite","patikrinti","patikspausti","pasaullsrinkite","check","verify"
"patruliavimas","apsauga","apdžiaga","triukšruliavimas","guard","patrol"
"patvirtinimas","leidimas","brandimas","pasprukstinimas","permission","approval"
"patvirtinti","patvirtinimas","pasprukstinimas","pasielgtinti","confirmation","confirm"
"paukštis","butterfly","išskersly","liūkštis","butterfly","bird"
"pavadinimas","vardas","mondas","pavadinikreipk","name","title"
"pavaduojantis narys","pakeisti","paaukšti","pavaduojantis nstebčiau","replace","substitute"
"pavardė","slapyvardis","reikšpyvardis","paįžeidė","nickname","surname"
"paveldėti","paveldas","padfordas","paskruzdėti","heritage","inherit"
"paviršius","sluoksnis","džiaugnis","pavirmesk","layer","surface"
"pavojinga","rizikinga","riziįžvalga","pavoįžvalga","risky","dangerous"
"pavojus","rizika","ritvarka","pavokiau","risk","danger"
"pažadas","garantija","gažvelgtija","pažaviuo","guarantee","promise"
"peilis","kardas","mondas","brulis","sword","knife"
"penis","makštis","taiptis","pedsa","vagina","penis"
"perdėti","nuvertinti","nuplauktinti","įvykdėti","underestimate","exaggerate"
"perimetras","spindulys","trumdulys","peričiuokras","radius","perimeter"
"perspektyva","view","vimb","peršvaistyva","view","perspective"
"pertrauka","smash","smhah","pertrenks","smash","break"
"pervedimas","judėti","stabdėti","pervedidžiuo","move","transfer"
"piešimas","dažyti","daplasti","kvaišimas","paint","draw"
"pietūs","užkandis","užgreidis","pierim","snack","lunch"
"pig","karvė","liavė","nag","cow","pig"
"pigūs","brangus","slaugus","pimui","expensive","cheap"
"piktas","pavydus","pavyniok","semtas","jealous","angry"
"pilis","rūmai","rūgęs","pinėj","palace","castle"
"pill","tablėtė","eliolėtė","pigį","tablet","pill"
"pilnas","tuščia","lipčia","mannas","empty","full"
"pilotas","astronautas","astrokreiptas","pilowell","astronaut","pilot"
"pilvo","stuburo","franburo","nervo","spinal","abdominal"
"pinigai","pinigai","piniruok","piniruok","cash","money"
"piniginė","kišenė","kišeliui","piįžvelginė","pocket","wallet"
"pirkėjas","pardavėjas","žvelgdavėjas","trenkėjas","seller","buyer"
"pirmas","antrinis","stiprinis","razmas","secondary","primary"
"pirštų atspaudai","dnr","uur","pirštų atspanahlee","dna","fingerprint"
"plaktukas","stick","knick","džiotukas","stick","hammer"
"planavimas","paruošimas","paveiksšimas","carbonavimas","preparation","planning"
"plastmasinis","cementas","ceciottas","sueismasinis","cement","plastic"
"platus","siauras","siaugin","vietus","narrow","wide"
"plaukti","skandinimas","reikšdinimas","šaukšti","drown","swim"
"pleasant","patogus","patovaiz","smūasant","comfortable","pleasant"
"plėšrūnas","grobis","grožėk","simprūnas","prey","predator"
"plėtra","progresas","progreaming","įlenra","progress","development"
"plieno","betonas","betoriui","neigno","concrete","steel"
"plokštelė","dubuo","dužan","veikstelė","bowl","plate"
"pokeris","lošimas","lošiniuo","pokesler","gambling","poker"
"pokštas","triukas","grankas","konstas","trick","joke"
"politika","žurnalistika","paskamnalistika","potrauktika","journalism","politics"
"politikas","politika","potrauktika","politidžiui","policy","politician"
"politinis","kritiškai","sportiškai","polititrauk","critical","political"
"pomidorai","bulvė","samvė","pomidosiems","potato","tomato"
"poveikis","įtaka","karka","poįrankis","influence","effect"
"pozicija","status","liktus","pokorupcija","status","position"
"požiūris","nuomonė","džiamonė","pohamfris","opinion","attitude"
"pradžioje","vėlai","vėkos","prachavje","late","early"
"praeitis","ateityje","atpjaustyje","praeinant","future","past"
"pragaras","paradise","parašėrė","pragabenk","paradise","hell"
"praktiškai","pažodžiui","pažosiuos","jungtiškai","literally","practically"
"praleisti","atliekai","atsmuikai","prasiunti","waste","spend"
"prancūzų kalba","anglų","kyklų","sluokscūzų kalba","english","french"
"pranešimas","įspėjimas","vaisjimas","pranešikniui","warning","message"
"prašymas","reikalavimas","paskamkalavimas","niekšymas","demand","request"
"pratimas","praktika","jungtika","pratičiuok","practice","exercise"
"prekybininkas","komercinė","kokiaiscinė","žvaigžkybininkas","commercial","merchant"
"prezidentas","kancleris","adolleris","prezitrauktas","chancellor","president"
"prieglauda","prieglobstis","priekviestis","linksglauda","refuge","shelter"
"prielaida","išvada","išjuokda","tinklaida","conclusion","assumption"
"priesaika","prisiekti","prigręžti","darksaika","swear","oath"
"priešingai","priešingas","kiaušingas","kiaušingai","opposite","contrary"
"priešininkas","priešas","priesin","sikrušininkas","enemy","opponent"
"prietaisas","lustas","ingtas","skaitaisas","chip","device"
"priežastis","priežastis","bendžastis","klaužastis","reason","cause"
"priežiūra","paslauga","parąstga","klaužiūra","service","maintenance"
"priimti","atsisakyti","atsitrenkskyti","klauimti","refuse","accept"
"princas","princesė","tarpcesė","prinžia","princess","prince"
"prisiminti","pamiršti","paidenti","prisitraukti","forget","remember"
"pritraukti","dėmesio","dėmetant","prireiksti","attention","attract"
"privatumas","privati","lengvati","čechovatumas","private","privacy"
"prizas","nobel","nosės","prikel","nobel","prize"
"problema","problema","junglema","reinlema","trouble","problem"
"procedūra","procesas","proceciot","linkscedūra","process","procedure"
"produktas","prekės ženklas","prekės žetrėkš","profrostas","brand","product"
"profesorius","dekanas","drienas","profesodexho","dean","professor"
"professional","amateur","konsteur","professiočiuot","amateur","professional"
"programa","projektas","prokrautas","įkalrama","project","program"
"protinga","šviesus","švievių","tvirtinga","fair","reasonable"
"protingas","protingas","tvirtingas","tvirtingas","smart","intelligent"
"protokolas","taisyklių taisyklė","taisyklių taisygniaužk","protokodžiui","rule","protocol"
"prototipas","modelis","modedant","švaistotipas","model","prototype"
"psichologija","anatomija","skirstomija","psiprisvilogija","anatomy","psychology"
"psichologinis","medicina","medispjauna","psimaksveloginis","medical","psychological"
"puikus","išskirtinis","ištrauktinis","angkus","exceptional","remarkable"
"puikus","puikiai","niekiai","angkus","excellent","great"
"puikus","ideal","idšėl","angkus","ideal","perfect"
"pulkininkas","apskritai","apfrostai","transkininkas","general","colonel"
"pull","stumti","kramti","pudy","push","pull"
"pusbrolis","giminaitis","gimibirkštis","pusidealis","relative","cousin"
"pusryčiai","vakarienė","vakazachsnė","pusrysler","dinner","breakfast"
"pykinimas","viduriavimas","viduriavikreipk","pykinifique","diarrhea","nausea"
"pyktis","pyktis","nėštis","šontis","anger","rage"
"raccoon","squirrel","subręrel","gunscoon","squirrel","raccoon"
"radiacija","užteršimas","užkimštšimas","rakorupcija","contamination","radiation"
"ragana","prakeikimas","pralinkskimas","rasilpna","curse","witch"
"ramus","tyliai","tyčiot","raliu","quiet","calm"
"ranka","rankų","siukų","viška","hand","arm"
"rankšluostis","antklodė","įkurlodė","longstraitis","blanket","towel"
"ransom","pagrobėjas","paveiksbėjas","ranvėj","kidnapper","ransom"
"rašiklis","popierius","popiedžia","rabentlis","paper","pen"
"rasti","paieška","paraiska","kinti","search","find"
"rašykite","skaityti","bendtyti","rakreipkite","read","write"
"rašymas","skaitymas","bendtymas","rašydžia","reading","writing"
"rašytojas","poetas","buotas","rašytonight","poet","writer"
"raumuo","nervas","liavas","rautat","nerve","muscle"
"reaktorius","generatorius","generatonahlee","reaktosakėt","generator","reactor"
"realus","optimistiškas","optimistišdžiuok","andlus","optimistic","realistic"
"reikia","būtina","verstina","karkia","necessary","need"
"religija","filosofija","fiedmundsofija","reįžvelgija","philosophy","religion"
"remontas","fix","oux","režiuotas","fix","repair"
"reputacija","karjera","kaanagra","žvaigžutacija","career","reputation"
"restoranas","pub","nib","šlykštoranas","pub","restaurant"
"retai","kartais","šiutais","resur","occasionally","rarely"
"rezultatas","rezultatas","retrūkstatas","resraigtatas","result","outcome"
"rinkėjas","kandidatas","sprogdidatas","agurkėjas","candidate","voter"
"rinkimai","kampanija","pliurpanija","tvarkimai","campaign","election"
"rinkodara","reklama","reportma","elektkodara","advertising","marketing"
"rob","pavogti","paplauti","vib","steal","rob"
"roma","cezaris","cezajant","įsima","caesar","rome"
"romantiškas","dramatiška","linksmatiška","roegoistiškas","dramatic","romantic"
"ruduo","pavasaris","pavasasakėt","ruėdė","spring","autumn"
"rūkas","debesis","debeaver","rūpim","cloud","fog"
"rungtynės","turnyras","turnyčiui","masktynės","tournament","match"
"ryšys","kontaktas","koncientas","rynot","contact","connection"
"rytas","rytoj","ryžei","rykim","tomorrow","morning"
"sabotažas","šnipinėjimas","paskampinėjimas","sabotasxdel","espionage","sabotage"
"sailor","piratas","pirakink","saidzė","pirate","sailor"
"sakinys","žodis","žotei","sakiriau","word","sentence"
"šakutė","šaukštas","plauktas","šaprastė","spoon","fork"
"salotos","sriuba","dmitba","saloniai","soup","salad"
"šalta","karšta","vaizta","porta","hot","cold"
"šampanas","vynas","vylei","spygpanas","wine","champagne"
"samurai","ninja","pleja","samusiems","ninja","samurai"
"šantažas","kyšis","kydėm","skirtažas","bribe","blackmail"
"santuoka","skyrybų","kantrybų","sankostka","divorce","marriage"
"šarvai","shield","įžield","riavai","shield","armor"
"satellite","radaras","radalink","sakingslite","radar","satellite"
"šaudyti","šaudymas","benddymas","benddyti","shot","shoot"
"saugoma","saugus","bingus","priegoma","safe","secure"
"saugumas","saugumas","blizgumas","blizgumas","security","safety"
"saulė","mėnulis","mėnusteb","verlė","moon","sun"
"saulės saulės","lunar","luirs","saulės sarimpl","lunar","solar"
"saunus","šiltas","žantas","cionus","warm","cool"
"savaitai","kasdien","kasšimt","savairuok","daily","weekly"
"savaitė","mėnuo","mėzoj","sarykštė","month","week"
"savanaudis","užsispyręs","užsileiskręs","savasprendis","stubborn","selfish"
"savanoriškai","savanoriškai","savanorištrenks","savanorištrenks","volunteer","voluntarily"
"savininkas","nuosavybė","elektsavybė","savistreikas","property","owner"
"sąžiningumas","lojalumas","lojaludžiui","sąžiningukreipk","loyalty","honesty"
"scar","tatuiruotė","taskraistė","scns","tattoo","scar"
"sėdėti","stovėkite","linksvėkite","brandėti","stand","sit"
"šeima","klanas","seinas","farma","clan","family"
"sekmadienis","šeštadienį","svarstadienį","plastmadienis","Saturday","Sunday"
"sėkmingai","valdyti","priedyti","džiumingai","manage","succeed"
"senatas","parlamentas","parladukustas","senamiui","parliament","senate"
"senatorius","gubernatorius","gubernatoblokšk","senatojungt","governor","senator"
"serga","nesveikas","nebaigkas","vinga","ill","sick"
"šiaurė","pietūs","pieley","prasrė","south","north"
"sidabras","auksinis","kontsinis","sidašalk","golden","silver"
"signalas","dažnis","tvynis","enernalas","frequency","signal"
"silpnas","stiprus","skamrus","stianas","strong","weak"
"simbolis","vėliava","vėmaskva","simbooger","flag","symbol"
"šimtas","tūkstantis","stultantis","sentas","thousand","hundred"
"sindromas","simptomas","apeltomas","aparromas","symptom","syndrome"
"sip","drop","drun","amp","drop","sip"
"sistema","network","neruosk","blaitema","network","system"
"šiukšlių","šiukšliadėžė","spausliadėžė","trauklių","trash","garbage"
"siųsti","atsinešti","atsiskirsti","vaisti","bring","send"
"siųstuvas","jutiklis","juidealis","bliztuvas","sensor","transmitter"
"skandalas","paskalos","raukšlos","žiuodalas","gossip","scandal"
"skanus","skanus","dionus","blonus","tasty","delicious"
"skausmas","kenčia","skučia","sraigmas","suffering","pain"
"skiriasi","panašus","pananiau","skiapelsi","similar","different"
"skristi","land","lazų","skrišyt","land","fly"
"skruostas","lūpa","rakpa","skleistas","lip","cheek"
"skrydis","nusileidimas","nusitrauksdimas","stikdis","landing","flight"
"skubus atvėjis","skubus","skutai","skubus atvbuklai","urgent","emergency"
"skull","kaulų","būklų","kaull","bone","skull"
"skylė","krekas","šeikas","renlė","crack","hole"
"skyrius","vienetas","vieneprie","šalrius","unit","division"
"skystis","skystis","mykštis","juostis","liquid","fluid"
"šlapias","sausas","doksas","šlageis","dry","wet"
"šlapimas","kraujo","džiojo","krikšpimas","blood","urine"
"slaptažodis","kodas","kopen","trūkstažodis","code","password"
"slėgis","pulse","grese","nuogis","pulse","pressure"
"slėnis","dykuma","dykusius","brinis","desert","valley"
"šlovė","šlovingas","raišvingas","wilvė","glorious","glory"
"smėlis","purvo","ajovo","giplis","mud","sand"
"snaiperis","šaulys","brolys","įjunperis","shooter","sniper"
"snake","kirminas","trauminas","faške","worm","snake"
"sniegas","lietus","anttus","sburgas","rain","snow"
"soda","limonadas","limonareikš","somis","lemonade","soda"
"šokinėti","pakilti","patarkti","kreipkinėti","climb","jump"
"šokis","dancer","danhas","šonuo","dancer","dance"
"šokoladas","cukrus","bagrus","šokolažiuok","sugar","chocolate"
"sostas","karūna","kabinkna","amitas","crown","throne"
"sound","triukšmas","sluoksmas","sofąd","noise","sound"
"spageti","lasagna","lačiurna","piršgeti","lasagna","spaghetti"
"spalio mėn","rugsėjo mėn","rugsėjoveržk","spalioreis","september","october"
"spauda","mygtukas","lindtukas","triuda","button","press"
"specialistas","ekspertas","eksšauktas","speciatrauktas","expert","specialist"
"spektaklis","rodyti","roliuoti","speksaulls","show","performance"
"spinta","kabinetas","kabineprieš","guista","cabinet","closet"
"sportas","hobby","espby","slėgtas","hobby","sport"
"sprogimas","žemės drebėjimas","žemės drebėjtakliui","gaisgimas","earthquake","explosion"
"sprogstamoji dalis","bomba","silba","pliaukštamoji dalis","bomb","explosive"
"sprogti","sprogimas","raišgimas","sielgti","burst","explode"
"sraigtasparnis","greitoji pagalba","džiaugstoji pagalba","žingstasparnis","ambulance","helicopter"
"star","įžymybė","konsmybė","stių","celebrity","star"
"statula","paminklas","paebellas","nykštula","monument","statue"
"stilius","ritmas","ohamas","rielius","rhythm","style"
"stipriai","sunkus","liškus","skamriai","heavy","heavily"
"stipriai","tvirtai","vaiztai","skamriai","firmly","strongly"
"stori","plonas","kūenas","imbri","thin","thick"
"stotis","platforma","žaizforma","lantis","platform","station"
"strategija","planas","plačio","minkštegija","plan","strategy"
"streikuoti","hit","ift","triumkuoti","hit","strike"
"striukė","marškinėliai","stengkinėliai","skirskė","shirt","jacket"
"struktūra","pyramid","pyraguls","skerstūra","pyramid","structure"
"studija","tyrimai","tyrikiuo","frandija","research","study"
"sukčiavimas","sąmokslas","sąebellas","transčiavimas","conspiracy","fraud"
"suknelė","sijonas","sijokiom","kiaunelė","skirt","dress"
"sultys","pienas","smanas","aletys","milk","juice"
"suma","suma","susto","susto","sum","amount"
"sumažinti","padidinti","padibukasti","sumatraukti","increase","reduce"
"sunaikinimas","kūrimas","kūrikiuo","susprogskinimas","creation","destruction"
"sūnėnas","anūkas","giukas","sūnėliui","grandson","nephew"
"sunku","sunku","liuku","liuku","tough","hard"
"sunkvežimis","jeep","jeimų","švaisvežimis","jeep","truck"
"sūnus","dukra","morra","sūkiu","daughter","son"
"supainioti","chaosas","įstosas","supaispausti","chaos","confusion"
"supjaustyti","ašaros","pisros","sukrikštyti","tear","cut"
"suprasti","suprasti","sulaužti","suaukšti","realize","understand"
"surinkti","surinkite","supjauskite","suprosti","collect","gather"
"sūris","duona","leena","sūtum","bread","cheese"
"susijaudinęs","didžiuojasi","difornljasi","susijaudidžiuiė","proud","excited"
"susitikimas","konferencija","žvaigžferencija","susitikikreipk","conference","meeting"
"susitikti","matyti","masiunti","susikrausti","see","meet"
"sustabdyti","užkirsti kelią","užkirsti ktrėkšk","sutriušdyti","prevent","stop"
"sutaupyti","gelbėjimas","linksbėjimas","sukonstpyti","rescue","save"
"sutikimas","sutartis","sutarnauk","sutikibirkš","contract","agreement"
"sutrikdyti","nutraukti","nusprenti","sureagadyti","interrupt","disturb"
"sužalojimas","žaizda","garsda","sužalojikreipk","wound","injury"
"svarba","reikšmė","linksmė","įkalba","meaning","importance"
"svarbu","vertinga","slaptinga","skrebu","valuable","important"
"švelnus","minkštas","smerktas","ideanus","soft","gentle"
"šventė","kalėdos","kalėtink","klestė","christmas","holiday"
"sviestas","medus","metiš","siaustas","honey","butter"
"švietimas","sveikata","prankata","laužtimas","health","education"
"svilpukas","horn","hoje","ziaupukas","horn","whistle"
"švirkštas","adata","pėsta","tuiruotas","needle","syringe"
"svogūnai","česnakai","išvynakai","plakgūnai","garlic","onion"
"taip","gerai","gesys","tašy","okay","yeah"
"talentas","potencialus","poniamscialus","tamirštas","potential","talent"
"tam","ką","od","iem","what","that"
"tamsiai","šešėlis","šešėjant","kursiai","shadow","dark"
"tarnautojas","vergas","žingas","tarskirstojas","slave","servant"
"tauta","šalis","šablo","šikta","country","nation"
"teatras","kino teatras","kino teažaidėm","teatviru","cinema","theater"
"technika","metodas","metoriuj","laiknika","method","technique"
"teisėjas","teismas","trenmas","teisėdžiu","court","judge"
"teisinė teisė","neteisėtas","neteisėdžiui","teisinė teblokšk","illegal","legal"
"teisingai","neteisingas","neteiįžvalgas","teižvalgai","wrong","correct"
"teisingumas","kerštas","veiktas","teiįžvalgumas","revenge","justice"
"telefonas","skambinkite","linksbinkite","telefodžiui","call","telephone"
"televizija","radijas","radidžią","neklystatelevizija","radio","television"
"temperatūra","šiluma","šiniaima","paskaiperatūra","heat","temperature"
"ten","čia","doa","ion","here","there"
"tenisas","golfas","stofas","tenitrik","golf","tennis"
"teorija","idėja","dubja","vamzrija","idea","theory"
"testas","eksperimentas","eksperituiruotas","teries","experiment","test"
"tęsti","tęskite","skraiskite","kakti","proceed","continue"
"tėtis","dėdė","liudė","tėjui","uncle","dad"
"tėvas","motina","jungtina","tėjot","mother","father"
"tėvas","suaugusieji","susprogsgusieji","tėjot","adult","parent"
"thirst","badas","bachū","lūirst","hunger","thirst"
"tiesiogiai","tiesioginė","tieįžvelginė","tiesiotams","direct","directly"
"tikėjimas","viltis","protis","praskaidrintikėjimas","hope","faith"
"tikėtina","tikimybė","praskaidrintikimybė","praskaidrintikėtina","probability","likely"
"tiki","pasitikėjimas","pasitikėjisikrušk","praskaidrintiki","trust","believe"
"tikisi","laukti","austti","praskaidrintikisi","wait","expect"
"tikrai","tiesą sakant","tiesą sknium","tikniu","actually","really"
"tikras","tiesa","vyksa","nebras","TRUE","real"
"tikriausiai","gal būt","galmilt","tikšviesiai","maybe","probably"
"tobulėjimas","pakeisti","paaukšti","greipfrutobulėjimas","change","improvement"
"toli","netoli","neklauli","tonės","near","far"
"tornadas","uraganas","goldganas","spaunadas","hurricane","tornado"
"tortas","desertas","depokštas","sietas","dessert","cake"
"tradicinis","modernus","modergeld","linksdicinis","modern","traditional"
"tragic","liūdnas","disonas","tratoi","sad","tragic"
"trikampis","apskritimas","apdraustimas","plaukampis","circle","triangle"
"triušis","fox","sėx","triuėmė","fox","rabbit"
"trivietis","dvigubai","slapgubai","tripuoštis","double","triple"
"trys","vienas","viešin","trie","one","three"
"tunelis","tiltas","džetas","tuneskam","bridge","tunnel"
"turinys","yra","küa","turikiuo","contain","content"
"turkija","vištiena","višpjauna","slėpkija","chicken","turkey"
"turtas","lobis","lovai","nintas","treasure","wealth"
"turtingas","vargšas","grįžšas","brantingas","poor","rich"
"tvarkaraštis","kalendorius","kalendosakėt","sprunkaraštis","calendar","schedule"
"tvora","sienos","ketnos","mjera","wall","fence"
"tyčia","atsitiktinai","atsiskverbtinai","tyrei","accidentally","intentionally"
"tyla","tylus","tykan","tyvio","silent","silence"
"tyrėjas","analitikas","elektlitikas","tyrėliui","analyst","investigator"
"ugly","sumušimas","sumušikniui","verly","digusting","ugly"
"ultimate","galutinis","galutitrauk","spiegtimate","final","ultimate"
"uniforma","badge","iikge","sparforma","badge","uniform"
"unikalus","specialusis","spesterilusis","mokskalus","special","unique"
"universitetas","kolegija","kolevenstja","paskamversitetas","college","university"
"uostas","bay","iey","pletas","bay","harbor"
"užbaigti","iš viso","iš vober","užidenti","total","complete"
"uždarymas","atidarymas","skrendarymas","uždarydžiui","opening","closure"
"uždaryta","užrakinta","užratrūksta","uždadiserta","locked","closed"
"uždaryti","atviras","atvičium","uždaspausti","open","close"
"uždrausti","draudžiama","benddžiama","užšviesti","forbidden","prohibit"
"užpuolikas","auka","evaka","užsikrulikas","victim","attacker"
"užpuolimas","invazija","invatvoręja","užsikrulimas","invasion","attack"
"užrakinti","raktas","fertas","užratraukti","key","lock"
"užšaldyti","lydalas","lydaniel","užsikrudyti","melt","freeze"
"užuojauta","kantrybė","įtarrybė","liaujauta","patience","compassion"
"vabzdys","voras","vokiu","grizdys","spider","insect"
"vaikas","kūdikis","kūdijuot","ieškas","baby","child"
"vaikystė","jaunimas","plienimas","vaišvietė","youth","childhood"
"vairuotojas","keleivis","kespalvis","vaisvarstojas","passenger","driver"
"vaisiai","obuolys","olanlys","vaišink","apple","fruit"
"vaistas","alkoholis","alkohotrauk","girstas","alcohol","drug"
"vakar","šiandien","liepdien","vasok","today","yesterday"
"vakaras","naktis","sintis","vakabint","night","evening"
"vakarėlis","priėmimas","prilygsmas","vakarėtrauk","reception","party"
"vakarų","pietinė","kvaitinė","vakalais","southern","western"
"vakcina","priešnuodis","linksšnuodis","kryžcina","antidote","vaccine"
"valgyti","maitinti","efektinti","priegyti","feed","eat"
"valstybė","federalinis","federalitraukt","komptybė","federal","state"
"valtis","povandeninis","potchbladeninis","suotis","submarine","boat"
"vampire","zombie","zomchų","flirpire","zombie","vampire"
"vandenilis","anglies","prilies","elektdenilis","carbon","hydrogen"
"vandenynas","jūra","arara","elektdenynas","sea","ocean"
"vanilė","cinamonas","cinamodžiui","vatuoklė","cinnamon","vanilla"
"variklis","tankas","dvykas","vabentlis","tank","engine"
"vartai","portalas","stentalas","vardin","portal","gate"
"važiuoti","drive","igove","vaplasti","drive","ride"
"vedęs","vienišas","vieniruok","venau","single","married"
"vėdinimas","vožtuvas","dmittuvas","vėdinifique","valve","ventilation"
"veidrodis","atspindys","atplukdys","skalrodis","reflection","mirror"
"veikla","active","reištive","griela","active","activity"
"velnias","angelas","angesink","velkaus","angel","devil"
"venera","mars","mank","partnera","mars","venus"
"verslas","industrija","intikvarija","versigs","industry","business"
"verslininkas","milijonierius","milijoniestengt","šlykšlininkas","millionaire","entrepreneur"
"vertas","nusipelno","nusilinksno","distas","deserve","worthy"
"vertinimas","stebėjimas","linksbėjimas","trauktinimas","observation","evaluation"
"vestuvės","dalyvavimas","dalyvavikreipk","slaptuvės","engagement","wedding"
"vėžlys","sraigė","riaugė","amalys","snail","turtle"
"vėžys","navikas","naviniuo","vėcho","tumor","cancer"
"video","dvd","ofd","viore","dvd","video"
"viduje","už","pn","viduriam","outside","inside"
"vidurdienis","vidurnaktis","vidurdžiuotis","vidurgurkšnis","midnight","noon"
"viela","kabelinė","kašiukšlinė","bukla","cable","wire"
"vienišas","vieni","chani","vieniruok","alone","lonely"
"vienuolynas","šventykla","aukštykla","vienuolygiuot","temple","monastery"
"vienuolynas","našlaičiai","našlaikaus","vienuolygiuot","orphanage","convent"
"vieta","vieta","hekta","zenta","place","location"
"vietinis","regioninis","rekonstninis","plastinis","regional","local"
"vilkas","turėti","tusiunti","tuokas","bear","wolf"
"virėjas","virėjas","virėliuo","virėliuo","cook","chef"
"viršuje","mažesnis","masparnis","klaušuje","lower","upper"
"viryklė","orkaitė","orjuostė","višerilė","oven","stove"
"vis dar","jau","sku","visaver","already","still"
"visiškai","absoliučiai","absoliuversk","vitvarkai","absolutely","completely"
"vitaminas","baltymas","klostymas","vitamidžiui","protein","vitamin"
"vizija","apreiškimas","apspjaukimas","vikrauja","revelation","vision"
"von","priekaba","tvarkaba","een","trailer","van"
"vonia","dušas","dusio","vojui","shower","bathroom"
"vykdymas","kabantis","kačiuotis","keisdymas","hanging","execution"
"vyriausybė","administracija","švieskaministracija","vyriausykiais","administration","government"
"vytis","sekite","troškite","vykom","follow","chase"
"warrior","kareivis","kalingvis","izilrior","soldier","warrior"
"watson","sherlock","sherersk","rezson","sherlock","watson"
"young","senas","seria","yorkg","old","young"
"žadinėjimas","budrus","klyrus","žadinėjikreipk","alert","alarm"
"žaidėjas","treneris","treneklau","žaidėliok","coach","player"
"žaidimas","žaisti","snaiti","blondimas","play","game"
"žaislas","doll","doka","žaivils","doll","toy"
"žarna","pump","puht","bokna","pump","hose"
"žavus","patrauklus","pasielglus","žagin","attractive","charming"
"žemėlapis","kompasas","kompačirš","žemėlatrauk","compass","map"
"ženklas","forma","disma","purklas","form","sign"
"žiaurumas","velnias","akinias","lengrumas","evil","cruelty"
"žiaurus","brutal","bruchi","nistrus","brutal","cruel"
"žiemos metu","vasara","vadekora","žiemos mšėjai","summer","winter"
"žiniatinklis","internetas","internekreip","žiniatinktrauk","internet","web"
"žinios","kanalas","kanamiui","žižiai","channel","news"
"žinios","patirtis","papraitis","žižiai","experience","knowledge"
"žinojau","atpažinkite","atpapastumkite","žinosios","recognize","knew"
"žinoti","dabar","dastų","žiplasti","now","know"
"žiūrėti","žiūrėkite","elektrėkite","traurėti","look","watch"
"žiurkė","pelė","gralė","kiekkė","mouse","rat"
"živ","aids","aiiš","dėv","aids","hiv"
"žlugimas","kritimas","sportimas","baršgimas","fall","collapse"
"žmogus","vyras","vydėk","žmosių","man","human"
"žmona","vyras","vydėk","ziana","husband","wife"
"žmonės","gyventojų skaičius","gyventojų skamėgstat","filnės","population","people"
"zona","plotas","tiatas","skana","area","zone"
"zondas","kapsulė","teissulė","hebdas","capsule","probe"
"žudikas","žudikas","žudidžia","žudidžia","killer","murderer"
"žudikas","savižudybė","savizvaigzdybė","žudidžia","suicide","murder"
"žurnalas","playboy","playpats","grįžnalas","playboy","magazine"
"žurnalistas","reporteris","linksorteris","šlykšnalistas","reporter","journalist"
"žuvys","ryklys","seglys","žuron","shark","fish"
"žvakė","lemputė","prinputė","slokė","lamp","candle"
"žvejyba","medžioklė","mečiauklė","smurjyba","hunting","fishing"
