"da_cue","da_target","da_fake_target","da_fake_cue","en_cue","en_target"
"abe","gorilla","govorsla","sle","monkey","gorilla"
"åben","tæt","irt","pæen","open","close"
"åbenbaring","vision","vitens","drikbaring","revelation","vision"
"åbning","lukning","bytning","åbligt","opening","closure"
"absolut","fuldstændig","livsstændig","absotøjs","absolutely","completely"
"adelig","modig","mokra","vaclig","noble","brave"
"administration","regering","regesnak","adminikangsttion","administration","government"
"advarsel","besked","bebard","adfilmsel","warning","message"
"æble","frugt","fraet","jesle","apple","fruit"
"æsel","hest","hebræ","dlel","donkey","horse"
"afbryde","forstyrre","fordensre","afspærde","interrupt","disturb"
"affald","affald","afskyd","afskyd","trash","garbage"
"afrika","amerika","kryprika","britka","africa","america"
"afslut","indgang","tergang","afstad","exit","entrance"
"afsnit","afsnit","afmart","aftist","section","paragraph"
"afspejling","spejl","sprol","afspejderæ","reflection","mirror"
"afstand","hastighed","hatavshed","afplads","distance","speed"
"aftensmad","morgenmad","morgentons","afgiftmad","dinner","breakfast"
"agent","detektiv","detekberg","agust","agent","detective"
"aids","hiv","ælv","aith","aids","hiv"
"aktiv","aktivitet","aktivisions","akken","active","activity"
"aktivér","give","bagve","akvisor","enable","provide"
"album","sang","fæng","alhey","album","song"
"aldrig","nogensinde","nogensindestruction","alslog","never","ever"
"alene","ensom","enbar","digne","alone","lonely"
"alert","alarmer","kravmer","bjert","alert","alarm"
"alkohol","medicin","medimers","alkoflig","alcohol","drug"
"allerede","stadig","foldig","alleredestruction","already","still"
"almindelig","sædvanlig","feltvanlig","alfredsdelig","ordinary","usual"
"altid","konstant","konstien","alkre","always","constantly"
"amatør","professionel","protokolsionel","amaeld","amateur","professional"
"ambassade","ministerium","minidaiquirium","ambassadestruction","embassy","ministry"
"ambassadør","minister","miniligt","ambassations","ambassador","minister"
"ambulance","helikopter","helistiskter","ambulancestatsankla","ambulance","helicopter"
"analytiker","investigator","investigatordenskjold","stjerlytiker","analyst","investigator"
"anarki","kapitalisme","kapitalismeligstemp","bradki","anarchy","capitalism"
"anatomi","psykologi","brandkologi","anatomilieportræt","anatomy","psychology"
"andre steder","et eller andet sted","et eller anderuleus","andre stnovas","elsewhere","somewhere"
"anhænger","van","awn","anspørger","trailer","van"
"anker","sejle","winle","ansva","anchor","sail"
"ankomme","komme","lisme","angrebme","arrive","come"
"ankomst","afgang","afhent","andring","arrival","departure"
"anonym","ukendt","ggendt","anolut","anonymous","unknown"
"ansøge","brug","roug","anfaldge","apply","use"
"anstændig","ærlig","ærger","anfalddig","decent","honest"
"ansvar","pligt","voigt","anstæn","responsibility","duty"
"antal","kvalitet","stillitet","ancen","quantity","quality"
"areal","zone","kulne","flæal","area","zone"
"arena","slagmark","slagmont","gelna","arena","battlefield"
"århundrede","årti","fodti","årtietsrede","century","decade"
"arrange","organisere","organisereceptblok","arbejdge","arrange","organize"
"arsenal","armory","arroon","arsefest","arsenal","armory"
"artifact","medaljong","medalkeit","artihundect","artifact","medallion"
"artikel","avis","avca","artidigt","article","newspaper"
"aske","støv","stkk","imke","ash","dust"
"aspirin","morfin","morvar","seivrin","aspirin","morphine"
"ass","butt","busc","hts","ass","butt"
"astronaut","pilot","pinem","astrobilt","astronaut","pilot"
"at vise","ydeevne","snavevne","at vjons","show","performance"
"atomar","atomisk","gutmisk","mudmar","atomic","nuclear"
"auktion","salg","saea","meition","auction","sale"
"autograf","fotograf","fotoskud","autopert","autograph","photographer"
"avenue","gade","mænde","rynnue","avenue","street"
"baby","barn","banq","tilby","baby","child"
"badge","uniform","malform","aukge","badge","uniform"
"bakke","bjerg","zzerg","løgke","hill","mountain"
"balance","harmoni","harvous","balancestatsankla","balance","harmony"
"banan","jordbær","jorddad","bafly","banana","strawberry"
"bande","gruppe","skønpe","tride","gang","group"
"banking","finansiel","fisportsiel","baraing","banking","financial"
"bankmand","investor","inveraux","franmand","banker","investor"
"baron","grevinde","gregjorde","basti","baron","countess"
"basketball","fodbold","gerbold","basketlets","basketball","football"
"bedstefar","bedstemor","bedbilsmor","bedstetin","grandfather","grandmother"
"befolkning","mennesker","mennetisk","bestøbning","population","people"
"behandle","procedure","kelaccedure","beskytle","process","procedure"
"bekæmpe","kæmpe","hekpe","bestilpe","combat","fight"
"bekræftelse","bekræfte","beplette","besplittelse","confirmation","confirm"
"bekymret","nervøs","nervaz","betrosret","worried","nervous"
"bekymring","bekymre","besnurre","bekymster","concern","worry"
"belastning","last","lamy","betolkning","load","cargo"
"berømthed","stjerne","brandne","begrunhed","celebrity","star"
"beskrive","express","exprais","betaltve","describe","express"
"beskytte","forsvare","forholdre","beplante","protect","defend"
"bestikke","afpresse","afspærse","beligtke","bribe","blackmail"
"beton","stål","stdz","besvæ","concrete","steel"
"betyder","betydning","betydster","betypisk","meaning","importance"
"beundre","sætter pris på","sætter primitch","beunsens","admire","appreciate"
"bevæge sig","overførsel","fuldførsel","bevægepeños","move","transfer"
"bevare","opretholde","opretholdestruction","betjenre","preserve","maintain"
"beviser","bevis","beren","bevining","evidence","proof"
"bi","myre","dobre","ue","bee","ant"
"bibel","bestil","besets","bitio","bible","book"
"bibliotek","museum","museligt","biblioligst","library","museum"
"billede","foto","fobet","hjerlede","picture","photo"
"billet","pas","ess","terlet","ticket","passport"
"binde","binde","pepde","leode","bind","tie"
"biograf","teater","kængurustylteater","biobånd","cinema","theater"
"biskop","kardinal","kardiscip","bizhou","bishop","cardinal"
"bjørn","ulv","yav","bjien","bear","wolf"
"blind","døv","pav","leind","blind","deaf"
"bliv","forblive","forkvakve","bllg","stay","remain"
"blod","urin","mvin","blrk","blood","urine"
"blød","blid","bles","blim","soft","gentle"
"bogstaveligt talt","praktisk talt","praktiskclain","bogstaveligtkidéer","literally","practically"
"boks","taske","tatio","boso","box","bag"
"bombe","eksplosiv","eksplodell","pasbe","bomb","explosive"
"bonus","belønning","belønsomt","boons","bonus","reward"
"bord","stol","gaol","rard","table","chair"
"bravo","alfa","alkus","fervo","bravo","alpha"
"briller","kasket","kakort","sheller","glasses","cap"
"bro","tunnel","tunrum","meo","bridge","tunnel"
"brød","ost","unt","brob","bread","cheese"
"brudgom","brud","brft","blodåom","groom","bride"
"brun","blå","dså","foun","brown","blue"
"bruser","badeværelse","kredsløbsbadeværelse","sesser","shower","bathroom"
"brutal","grusom","digsom","brpkal","brutal","cruel"
"budget","funding","ridding","hemget","budget","funding"
"bugt","havn","haao","møgt","bay","harbor"
"burst","eksplodere","eksskraldere","buddt","burst","explode"
"busk","træ","keæ","buta","bush","tree"
"butik","butik","buham","buham","shop","store"
"bytte","predator","rigsdator","vrite","prey","predator"
"caesar","rom","ærm","cationar","caesar","rome"
"caliber","kugle","fryle","calistik","caliber","bullet"
"celle","fængsel","dingsel","lykle","cell","prison"
"cement","plast","aiast","ceders","cement","plastic"
"champion","fighter","fangter","shinpion","champion","fighter"
"chance","mulighed","muskelhed","prakce","chance","possibility"
"charme","skønhed","skønlit","presme","charm","beauty"
"chip","enhed","endor","chur","chip","device"
"cirkel","trekant","trering","rødkel","circle","triangle"
"civil","militær","milibold","ciart","civil","military"
"county","distrikt","distream","coundret","county","district"
"crowd","publikum","publireau","væowd","crowd","audience"
"daddy","mum","eim","mukdy","daddy","mum"
"dække over","skjule","makule","dækkebilee","cover","hide"
"daglige","ugentlig","brintlig","skillige","daily","weekly"
"danser","dans","wins","belser","dancer","dance"
"data","information","informavemus","komta","data","information"
"datter","søn","qen","initer","daughter","son"
"dekan","professor","profesrant","demio","dean","professor"
"delikat","følsom","følgel","deliansk","delicate","sensitive"
"dessert","kage","ninge","desbeau","dessert","cake"
"detonator","timer","tikan","detonatordenskjold","detonator","timer"
"diamant","juvel","jufri","diatøjs","diamond","jewel"
"diarré","kvalme","kropme","diartand","diarrhea","nausea"
"digter","forfatter","forpunkter","kerter","poet","writer"
"digusting","grim","grht","dibustion","digusting","ugly"
"direkte","direkte","digjorte","dikvante","direct","directly"
"direkte","overleve","trylleve","dikvante","live","survive"
"dna","fingeraftryk","fingeraflings","ova","dna","fingerprint"
"dobbelt","triple","tetsle","doblets","double","triple"
"død","forsvinden","formængden","udd","death","disappearance"
"dødelig","fatal","falos","døderens","deadly","fatal"
"dosis","indsprøjtning","indopkastning","dober","dose","injection"
"dråbe","nippe til","nippemeos","pavbe","drop","sip"
"drama","komedie","komebræn","renma","drama","comedy"
"dramatisk","romantisk","romandant","dramaskin","dramatic","romantic"
"drenge","piger","pital","hjælge","boys","girls"
"drikke","øl","nz","flytke","drink","beer"
"dronning","konge","indge","sortning","queen","king"
"drukne","svømme","smugme","skudne","drown","swim"
"dukke","legetøj","legerens","vamke","doll","toy"
"dvd","video","virah","ggd","dvd","video"
"dynasty","imperium","ustopperium","dynagua","dynasty","empire"
"dyr","dyr","xer","xer","beast","animal"
"dyrt","billig","værlig","wert","expensive","cheap"
"edderkop","insekt","inmegn","edderbind","spider","insect"
"efterår","falde sammen","falde saherds","efterfejl","fall","collapse"
"efterspørgsel","anmodning","anmodståe","eftersprøjtet","demand","request"
"egern","vaskebjørn","vaskebfrey","chern","squirrel","raccoon"
"ejendom","ejer","lger","ejenrat","property","owner"
"eksamensbevis","bestå","bebat","eksaskridtbevis","diploma","graduate"
"eksperiment","prøve","wilve","eksperistisk","experiment","test"
"ekspert","specialist","speciastand","eksbens","expert","specialist"
"ekstra","ekstra","eklars","ektrix","extra","additional"
"ekstremt","meget","metræ","eksprøjt","extremely","very"
"elendig","patetisk","patemand","gryndig","miserable","pathetic"
"eliminer","fjerne","elekne","atomminer","eliminate","remove"
"en","tre","gåe","sæ","one","three"
"ende","afslut","afsign","marde","end","finish"
"endelig","til sidst","tilmindst","enderens","finally","eventually"
"enestående","bemærkelsesværdig","bemærkelsesværdighedsnæg","eneståendestruction","exceptional","remarkable"
"engagement","bryllup","brylsam","engagestrøm","engagement","wedding"
"engel","djævel","wrevel","entos","angel","devil"
"engelsk","fransk","frande","enpepik","english","french"
"enhed","division","divicepo","endor","unit","division"
"enke","kvinde","krydde","værke","widow","woman"
"enkelt","gift","gimu","enchat","single","married"
"entusiasme","lidenskab","lidentisk","entusiasmeligstemp","enthusiasm","passion"
"erfaring","viden","visio","erfastan","experience","knowledge"
"erstatte","erstatning","erdronning","eradopte","replace","substitute"
"eskortere","ledsage","seksuge","espladstere","escort","accompany"
"etage","tæppe","clipe","imoge","floor","carpet"
"evig","for evigt","voidevigt","evar","eternal","forever"
"excellent","store","vilre","excelkarl","excellent","great"
"fabrik","produktion","produkster","fablad","factory","production"
"fælde","lokkemad","loksmand","tende","trap","bait"
"fænomenet","begivenhed","begivenskabs","fænomehjælp","phenomenon","event"
"faktor","element","livment","tæntor","factor","element"
"falsk","falsk","fabik","facak","fake","FALSE"
"fantasi","kreativitet","spionsativitet","hjemtasi","imagination","creativity"
"fase","periode","periodestruction","tikse","phase","period"
"fast","stærkt","stærek","erst","firmly","strongly"
"fattigdom","elendighed","injidighed","tromtigdom","poverty","misery"
"fattige","rig","pyg","skæftige","poor","rich"
"fejl","fejl","fesø","feba","error","mistake"
"fil","dokument","dokution","esl","file","document"
"filosofi","religion","relikelt","filosofiredoblet","philosophy","religion"
"final","ultimate","ultimateskabsløf","filis","final","ultimate"
"finansiere","investere","inveringsre","finansiereceptblok","finance","invest"
"finger","tommelfinger","tommelnitzel","torger","finger","thumb"
"firma","bureau","bugren","patma","firm","agency"
"fjende","modstander","modnyheder","hjørde","enemy","opponent"
"flåde-","flåde","hofde","hofde","naval","fleet"
"flag","symbol","symnez","flpy","flag","symbol"
"flertal","stemme","filmme","forvtal","majority","vote"
"flod","sø","uz","leod","river","lake"
"fløde","sovs","soyn","boyde","cream","sauce"
"flygte","flugt","flait","egypte","flee","escape"
"flygtning","flygtning","plantning","plantning","refugee","fugitive"
"foder","spise","kelse","fonop","feed","eat"
"føderale","stat","stro","fødesvindle","federal","state"
"fødsel","graviditet","standditet","kansel","birth","pregnancy"
"fokus","koncentrere","konstruktrere","foråd","focus","concentrate"
"følge efter","jage","spige","følge emodig","follow","chase"
"foran","bag-","ceg","blyan","front","rear"
"forår","efterår","eftertegn","vedår","spring","autumn"
"forbande","heks","hema","forskerde","curse","witch"
"forberedelse","planlægning","fejllægning","voldtægtsforberedelse","preparation","planning"
"forbudt","forbyde","hjembyde","forkørt","forbidden","prohibit"
"forekomme","ske","owe","foretægtsme","occur","happen"
"forening","bar","ior","foreskyt","club","bar"
"foreslå","antyder","antyrion","forehæng","propose","suggest"
"forfærdeligt","forfærdelig","forholdsdelig","forfærdestruk","terrible","horrible"
"forfatter","skuespiller","skueningsler","forpunkter","author","actor"
"forhindre","hold op","holdhip","forsøgsdre","prevent","stop"
"forhold","venskab","rigskab","forplig","relationship","friendship"
"forkert","korrekt","korseur","forkrøb","wrong","correct"
"forklaring","plausible","smilsible","forklagers","explanation","plausible"
"forlade","opgive","opmærkve","stellade","leave","abandon"
"form","skilt","skugt","fowl","form","sign"
"formål","hensigt","henstil","forlog","purpose","intention"
"fornærme","fornærme","forvandme","forvandme","insult","offend"
"fornøjelse","glæde","jetde","fornørumvæse","pleasure","joy"
"forskning","undersøgelse","unasylansøgelse","troldning","research","study"
"først","sidst","siaht","harst","first","last"
"fortjener","værdig","cendig","tertainer","deserve","worthy"
"fortsæt","blive ved","blivesaan","fortran","proceed","continue"
"forurening","stråling","sølvling","trykrening","contamination","radiation"
"fragment","stykke","osteke","drilment","fragment","piece"
"frekvens","signal","bennal","freloven","frequency","signal"
"fremskridt","udvikling","udviktors","fremstræbt","progress","development"
"fremtid","forbi","stabi","fremmei","future","past"
"frihed","demokrati","demobejdsti","herhed","freedom","democracy"
"frimærke","underskrift","underspændt","fritidske","stamp","signature"
"frisk","opdater","opdarisk","frark","fresh","refresh"
"frit","ledig","lenav","frpa","freely","free"
"frivillig","frivilligt","frivilster","frisketlig","volunteer","voluntarily"
"frø","firben","dræben","biø","frog","lizard"
"fyr","brormand","pravmand","eir","dude","bro"
"fysik","matematik","matemaskuli","fyjeg","physics","mathematics"
"gå ind","gå","kt","gåafnd","enter","go"
"gæstfrihed","taknemmelighed","sprængnemmelighed","trinfrihed","hospitality","gratitude"
"galleri","udstilling","udhandling","nordleri","gallery","exhibition"
"galskab","dumhed","bolhed","minskab","madness","stupidity"
"gambling","poker","portu","gamblødt","gambling","poker"
"gammel","ung","kæg","klomel","old","young"
"ganske enkelt","enkel","entøj","ganske epenål","simply","simple"
"garanti","løfte","væste","gakløgti","guarantee","promise"
"gas","brændstof","brændsets","iks","gas","fuel"
"gås","and","ded","sús","goose","duck"
"gendanne","hele","møble","genbjørne","recover","heal"
"generator","reaktor","voldtægtsofreaktor","generatordenskjold","generator","reactor"
"generel","oberst","læerst","geneborg","general","colonel"
"geni","videnskabsmand","videntroldmand","geley","genius","scientist"
"genkende","vidste","svaste","brikkende","recognize","knew"
"gevinst","vinde","helde","getains","gain","win"
"gidsel","fange","eksge","honsel","hostage","prisoner"
"gift","dræbe","bukbe","giud","poison","kill"
"give lov til","lade","tende","give loxbånd","allow","let"
"glas","flaske","pinske","tåas","glass","bottle"
"glemme","husk","humv","asymme","forget","remember"
"glorious","ære","cae","glocroft","glorious","glory"
"godt","dårligt","wasligt","andt","good","bad"
"golf","tennis","kurnis","kulf","golf","tennis"
"grav","kirkegård","kirkedans","grou","grave","cemetery"
"grave","begrave","besværve","hanve","dig","bury"
"grim","beskidte","beufatte","grær","nasty","filthy"
"grøn","orange","orbridge","gref","green","orange"
"grund","årsag","årrow","grird","reason","cause"
"grundlag","hovedkvarter","hovedsplitter","grundrys","base","headquarters"
"gud","guddommelig","strafdommelig","udd","god","divine"
"gunpowder","dynamite","dynamiteskabsløf","sladpowder","gunpowder","dynamite"
"guvernør","senator","senalist","guverough","governor","senator"
"gylden","sølv","sørr","simden","golden","silver"
"håber","tro","rco","håson","hope","faith"
"had","kærlighed","stillighed","xed","hate","love"
"hængende","udførelse","faldskærmsudførelse","blomgende","hanging","execution"
"hævn","retfærdighed","retholdtdighed","hæuk","revenge","justice"
"haj","fisk","fift","rij","shark","fish"
"hals","nakke","vreke","hayd","throat","neck"
"halvt","kvarter","svinter","hawkt","half","quarter"
"han-","kvinde","krydde","rin","male","female"
"hånd","arm","oom","kynd","hand","arm"
"håndbevægelse","handling","franling","garskibevægelse","gesture","act"
"hår","skæg","skåd","oor","hair","beard"
"hård","svært","svlot","rard","tough","hard"
"hav","ocean","gitan","urv","sea","ocean"
"hed","kold","kope","oyd","hot","cold"
"hej","farvel","farfri","rij","hello","bye"
"helt","frelseren","sponseren","molt","hero","savior"
"hemmelighed","mysterium","stemprium","strafmelighed","secret","mystery"
"her","der","pyr","rir","here","there"
"heritage","arve","arran","heritagesandwich","heritage","inherit"
"herre","dame","hemme","frire","lord","lady"
"herske","protokol","promodel","vanske","rule","protocol"
"himmel","himmelske","himgaræske","cremel","sky","heavenly"
"hindring","udfordring","udforfalsk","merdring","obstacle","challenge"
"hit","strejke","sprinke","påt","hit","strike"
"hjælp","hjælpe","sværpe","ieælp","help","assist"
"hjælpeløs","magtesløs","stortesløs","drenpeløs","helpless","powerless"
"hjelm","hat","ubt","hjröm","helmet","hat"
"hjerne","cerebral","cerectic","selvne","brain","cerebral"
"hjørne","gyde","sesde","sharne","corner","alley"
"hobby","sport","spidt","litby","hobby","sport"
"høflig","venlige","moralige","høvigt","polite","friendly"
"højre","venstre","venfald","grere","right","left"
"holde","holde","tande","brode","hold","keep"
"honning","smør","smok","spyning","honey","butter"
"hør efter","høre","banre","hør epañol","listen","hear"
"høring","forsøg","forban","høtion","hearing","trial"
"hormon","adrenalin","flugnalin","unimon","hormone","adrenaline"
"horn","fløjte","flnite","earn","horn","whistle"
"hospital","klinik","burnik","hospinens","hospital","clinic"
"hoste","feber","fefan","hones","cough","fever"
"hotel","motel","modan","honia","hotel","motel"
"hud","væv","thv","oid","skin","tissue"
"hund","kat","git","huet","dog","cat"
"hus","lejlighed","hvorlighed","ess","house","apartment"
"hvad","at","ue","etad","what","that"
"hvid","sort","sodo","etid","white","black"
"hvidløg","løg","ræg","hvidsee","garlic","onion"
"hvile","søvn","søzi","selle","rest","sleep"
"i dag","i går","mígår","dádag","today","yesterday"
"i forhold","fætter","gomter","hedorhold","relative","cousin"
"i live","død","ægd","i lbop","alive","dead"
"i morgen","morgen","frigen","mirorgen","tomorrow","morning"
"ide","teori","kængurustylteori","pue","idea","theory"
"ideal","perfekt","pergers","hypal","ideal","perfect"
"ikke noget","noget","nokon","ikke njmun","nothing","something"
"ild","flamme","gravme","ægd","fire","flame"
"illusion","hallucination","halinkarnation","illuanns","illusion","hallucination"
"imponerende","fantastiske","fantabilskske","imponerendestruction","impressive","amazing"
"indeholde","indhold","indkred","indeholdestruction","contain","content"
"indflydelse","effekt","efheim","indskrændelse","influence","effect"
"indre","eksternt","ekmannt","ining","internal","external"
"indrømme","indrømme","insektme","insektme","admit","confess"
"indsættes","sætte","tykte","indblantes","insert","put"
"indsamle","samle","colle","indkøbsle","collect","gather"
"indtryk","følelse","føgrænse","indflyt","impression","feeling"
"industri","forretning","forretsken","indumitt","industry","business"
"influenza","sygdom","gindom","instinkenza","flu","disease"
"ingeniør","arkitekt","arkinars","ingenistent","engineer","architect"
"inspektør","hr kommissær","hr kommictyl","inlufttør","inspector","commissioner"
"inspirere","inspiration","interretion","interrerere","inspire","inspiration"
"instinkt","intuition","intuifuldt","instreng","instinct","intuition"
"international","verden","priden","ingiovannational","international","world"
"internet","web","lib","infastnet","internet","web"
"invasion","angreb","anchef","invacuum","invasion","attack"
"ironi","ironisk","hørnisk","uløni","irony","ironic"
"jagt","fiskeri","fibrødri","jaio","hunting","fishing"
"jaloux","vred","heed","janold","jealous","angry"
"jazz","musik","mujeg","jadue","jazz","music"
"jeep","lastbil","lastsom","jeons","jeep","truck"
"jern","metal","merie","jeli","iron","metal"
"job","arbejde","arkvinde","påb","job","work"
"jord","flyve","banve","zard","land","fly"
"jordskælv","eksplosion","eksplotens","jordsezel","earthquake","explosion"
"journalistik","politik","polifest","journalirings","journalism","politics"
"jubilæum","fødselsdag","fødkampdag","jusileus","anniversary","birthday"
"jul","ferie","fetal","ndl","christmas","holiday"
"jungle","skov","skri","hjulle","jungle","forest"
"juni","juli","gali","krani","june","july"
"jurisdiktion","myndighed","rustdighed","preusdiktion","jurisdiction","authority"
"jurist","anklager","anspørger","adrist","lawyer","prosecutor"
"kabel","tråd","trsé","kasak","cable","wire"
"kabine","dæk","ulk","kaskerne","cabin","deck"
"kaldenavn","efternavn","efterfilm","kaldedret","nickname","surname"
"kalender","tidsplan","tidsgræn","kastreder","calendar","schedule"
"kamera","mikrofon","mikrobart","drømmera","camera","microphone"
"kampagne","valg","vatu","luksusne","campaign","election"
"kanal","nyheder","chetder","katen","channel","news"
"kandidat","voter","vonia","kandisisk","candidate","voter"
"kanel","vanille","vastejle","kalie","cinnamon","vanilla"
"kansler","formand","forsvin","kettler","chancellor","president"
"kaos","forvirring","forvirtuos","kaker","chaos","confusion"
"kapacitet","evne","dumne","kapacialsko","capacity","ability"
"kapital","city","ferty","kapinens","capital","city"
"kapsel","probe","fenbe","rolsel","capsule","probe"
"karakter","personlighed","pergejstlighed","kationter","character","personality"
"karneval","festival","festirow","frosneval","carnival","festival"
"karriere","omdømme","omkranme","hysteriere","career","reputation"
"kartoffel","tomat","toeur","kartofskib","potato","tomato"
"katolsk","kristen","medsten","kastows","catholic","christian"
"kavaleri","artilleri","arapostleri","festivaleri","cavalry","artillery"
"kejserlig","kejser","hasser","kejmøstlig","imperial","emperor"
"kemi","biologi","bioristsgi","kemilieportræt","chemistry","biology"
"kemisk","biologisk","biolokraft","kemand","chemical","biological"
"ketchup","mayonnaise","mayonsplejse","ketsque","ketchup","mayonnaise"
"kidnappe","bortføre","stemføre","grupnappe","kidnap","abduct"
"kidnapper","løsepenge","løsemarysge","sovenapper","kidnapper","ransom"
"kilde","informant","inforcorp","topde","source","informant"
"kilo","gram","riam","kikes","kilo","gram"
"kilometer","måler","mådig","kilomenings","kilometer","meter"
"kirke","kapel","katro","madke","church","chapel"
"kirurg","læge","sikge","kiborg","surgeon","doctor"
"kiste","begravelse","betjentvelse","kines","coffin","funeral"
"klæde","lommetørklæde","lommelavvande","raide","cloth","handkerchief"
"klage","anklage","andrenge","cenge","complaint","accusation"
"klan","familie","famiters","svan","clan","family"
"klart","naturligvis","naturnuslævis","neart","clearly","obviously"
"klasse","skole","manle","øjense","class","school"
"klatre","hoppe","snope","klagør","climb","jump"
"klaver","guitar","guilets","værver","piano","guitar"
"klippe","sten-","maen","skulpe","rock","stone"
"knap","trykke","skruke","knkt","button","press"
"knogle","kranium","bikinium","græsle","bone","skull"
"ko","svin","woin","ue","cow","pig"
"købe","sælge","fenge","terbe","buy","sell"
"kode","adgangskode","adkomstkode","nende","code","password"
"kokain","heroin","saltoin","koenan","cocaine","heroin"
"kollega","ven","oon","strålega","colleague","friend"
"kollegium","universitet","stjerversitet","brandlegium","college","university"
"koloni","føderation","føderaments","kobikini","colony","federation"
"kombination","blanding","skamding","kombinaforth","combination","mixture"
"komfortabel","behagelig","behagetrans","kommercibel","comfortable","pleasant"
"kommando","bestille","befolkle","kompseudo","command","order"
"kommandør","kaptajn","hvortajn","kommanfisk","commander","captain"
"kommentar","udmelding","udmelhold","kommennets","comment","statement"
"kommerciel","købmand","geomand","komsensuel","commercial","merchant"
"kompas","kort","kozl","komrio","compass","map"
"kompliment","gave","galig","komplisted","compliment","gift"
"koncept","definition","definikansk","kongern","concept","definition"
"konference","møde","belde","konferencestatsankla","conference","meeting"
"konflikt","bestride","begrende","konpling","conflict","dispute"
"konklusion","antagelse","antalingsse","konklutens","conclusion","assumption"
"konkurrence","mesterskab","mestertisk","konkurrencestatsankla","competition","championship"
"konservativt","liberal","libesque","konservanowen","conservative","liberal"
"konstruktion","build","buchu","konstrukster","construction","build"
"kontakt","forbindelse","forsvarsdelse","konvægt","contact","connection"
"kontanter","penge","modge","konkræfter","cash","money"
"kontrakt","aftale","afslutle","konstalt","contract","agreement"
"kontrollere","verificere","verificereceptblok","konlingslere","check","verify"
"kop","kaffe","amefe","ipp","cup","coffee"
"køre","ride","imøde","misre","drive","ride"
"køretøj","bil","irl","kørehand","vehicle","car"
"korn","mel","ool","kobs","grain","flour"
"kort","lang","lati","koto","short","long"
"kradse","blåt mærke","blåt mædalsk","pludse","scratch","bruise"
"kredit","lån","xen","psydit","credit","loan"
"krig","kamp","kapo","akig","war","battle"
"kritisk","politisk","polivets","medtisk","critical","political"
"krone","trone","sønne","panne","crown","throne"
"kul","olie","chie","gol","coal","oil"
"kulstof","hydrogen","hyklingen","hårstof","carbon","hydrogen"
"kultur","civilisation","civilisadowski","småtur","culture","civilization"
"kunst","litteratur","evakuteratur","jonst","art","literature"
"kunstner","maler","mache","grundner","artist","painter"
"kuvert","pakke","værke","kukurv","envelope","package"
"kylling","kalkun","kalfia","bluling","chicken","turkey"
"kys","kram","bcam","sús","kiss","hug"
"læbe","kind","cond","sorbe","lip","cheek"
"læbestift","parfume","fremfume","læbesesal","lipstick","perfume"
"lænke","reb","asb","møgke","chain","rope"
"lære","underviser","unningsviser","stare","learn","teach"
"læs","skrive","brylve","wis","read","write"
"læsning","skrivning","schifning","fløning","reading","writing"
"lag","overflade","vandflade","pyg","layer","surface"
"lampe","lys","gts","krape","lamp","candle"
"land","nation","naster","laro","country","nation"
"landing","flyvningen","theoningen","lanmænd","landing","flight"
"landmand","arbejder","arsladder","lidsmand","farmer","worker"
"langsom","hurtig","væltig","langnie","slow","fast"
"langsomt","hurtigt","dretigt","findsomt","slowly","quickly"
"lasagne","spaghetti","spastanti","lavundne","lasagna","spaghetti"
"låst","lukket","cosket","eust","locked","closed"
"latterlig","absurd","abkvæd","filmterlig","ridiculous","absurd"
"lav","høj","prj","urv","low","high"
"lave","do","ue","volve","make","do"
"lave om","forbedring","forbedford","laferon","change","improvement"
"laver mad","kok","ulk","laverveza","cook","chef"
"league","hold","howi","lestie","league","team"
"ledelse","administrative","administrativelasquez","lemandse","management","administrative"
"legeme","lig","æng","leskamme","body","corpse"
"legion","army","arren","levidt","legion","army"
"leje","leje","letor","letor","hire","rent"
"lejer","udlejer","udlemand","lerie","tenant","landlord"
"lejlighedsvis","sjældent","spiodent","lejligstangvis","occasionally","rarely"
"lejr","landsby","brændby","ledø","camp","village"
"lesbisk","homoseksuel","homotionsel","goodbisk","lesbian","gay"
"lide","dø","ño","litik","suffer","die"
"lidelse","smerte","skumte","listikse","suffering","pain"
"lige","for nylig","for nnark","proge","just","recently"
"ligge","løgner","kafner","stoge","lie","liar"
"lignende","forskellige","forrizzolige","guldnende","similar","different"
"lille","lille","elele","elele","little","small"
"limonade","soda","funda","limonadestruction","lemonade","soda"
"løb","gå","kt","emb","run","walk"
"lomme","tegnebog","tegneklip","funme","pocket","wallet"
"lørdag","søndag","udedag","fæddag","Saturday","Sunday"
"lov","forfatning","forfathers","pav","law","constitution"
"loyal","trofast","trogert","nøral","loyal","faithful"
"loyalitet","ærlighed","ærbarthed","fængsalitet","loyalty","honesty"
"luft","ilt","oot","luud","air","oxygen"
"lunar","solar","sovej","luden","lunar","solar"
"lur","slentre","støjtre","vør","nap","stroll"
"lykønske","hilse","armse","lybatiske","congratulate","greet"
"lyn","torden","rinden","ign","lightning","thunder"
"mad","måltid","målnens","xed","food","meal"
"mælk","juice","juicestatsankla","iølk","milk","juice"
"mærke","produkt","prodeus","lufke","brand","product"
"mafia","kartel","rettel","maums","mafia","cartel"
"magi","guiden","guiansk","marw","magic","wizard"
"magnetisk","elektrisk","elekkansk","magneskab","magnetic","electric"
"majestæt","højhed","høveed","maseskæv","majesty","highness"
"maling","tegne","mulne","macher","paint","draw"
"manager","chef","chrb","manalist","manager","boss"
"mand","human","hustr","cond","man","human"
"mand","kone","cerne","cond","husband","wife"
"mandag","tirsdag","darkdag","mangie","monday","tuesday"
"mandskab","skib","skez","funkskab","crew","ship"
"måne","sol","ail","eksne","moon","sun"
"måned","uge","yse","målio","month","week"
"manglende evne","ude af stand","ude atormand","højskolende evne","inability","unable"
"mappe","kuffert","begfert","dejpe","briefcase","suitcase"
"marathon","race","racestatsankla","marattray","marathon","race"
"mareridt","drøm","drrå","maregarn","nightmare","dream"
"marine","flåde","hofde","mabjørne","marine","navy"
"mars","venus","vetan","madr","mars","venus"
"måske","sandsynligvis","krigssynligvis","målzo","maybe","probably"
"mave","bryst","brnit","manøv","stomach","chest"
"medfølende","gavmild","gavnoud","medfølendestruction","compassionate","generous"
"medicinsk","psykologisk","psykolokraft","medivands","medical","psychological"
"medlem","leder","lefon","medins","member","leader"
"mellemmåltid","frokost","fradost","melspørgsmåltid","snack","lunch"
"mening","holdning","mundning","megent","opinion","attitude"
"mental","følelsesmæssig","følelsesmæsbrændt","menrie","mental","emotional"
"mercenary","assassin","asåbensin","mercelits","mercenary","assassin"
"metode","teknik","arinik","metodestruction","method","technique"
"midnat","middag","midlin","midsom","midnight","noon"
"mil","centimeter","narkotimeter","rtl","mile","centimeter"
"miljø","atmosfære","atmosfæreceptblok","conjø","environment","atmosphere"
"million","milliard","millidets","hjemlion","million","billion"
"millionær","iværksætter","indånsætter","millioholdt","millionaire","entrepreneur"
"ming","ling","lici","fæng","ming","ling"
"minimum","maksimum","maksiflet","miniops","minimum","maximum"
"mistress","lover","loair","mistwell","mistress","lover"
"mod","beslutsomhed","behjælpsomhed","wed","courage","determination"
"model","prototype","salvatotype","mokra","model","prototype"
"moderne","traditionel","uskylditionel","mokratne","modern","traditional"
"modgift","vaccine","knivcine","modpost","antidote","vaccine"
"modsat","modsætning","modsætster","modmor","opposite","contrary"
"modstand","modstå","modbre","helstand","resistance","resist"
"monument","statue","stavac","schument","monument","statue"
"mor","far","oor","irr","mother","father"
"morder","morder","frider","frider","killer","murderer"
"mørke","lys","gts","pulke","darkness","light"
"motiv","alibi","dukbi","monar","motive","alibi"
"mudder","sand","sate","beader","mud","sand"
"mund","næse","grese","muen","mouth","nose"
"munk","præst","prett","muli","monk","priest"
"mus","rotte","ødete","bbs","mouse","rat"
"myte","legende","leligtde","vate","myth","legend"
"nægte","acceptere","acforagtere","toote","refuse","accept"
"nær ved","langt","lamot","nærovse","near","far"
"naive","kynisk","kyners","lømve","naive","cynical"
"naïve","dum","ræm","natse","naïve","stupid"
"nål","sprøjte","sprøoie","ejl","needle","syringe"
"nanny","stuepige","stutrange","vikny","nanny","maid"
"narre","idiot","tætot","regre","fool","idiot"
"nat","aften","afske","ønt","night","evening"
"national","global","smibal","natiosons","national","global"
"naturlig","kunstig","kunsvar","nafestlig","natural","artificial"
"naturligt","generelt","genehira","naturchok","naturally","generally"
"navigation","meddelelse","medfortaelse","trækgation","navigation","communication"
"navn","titel","ticia","narp","name","title"
"ned","op","ue","oyd","down","up"
"nederdel","kjole","fægle","nederdellesandwich","skirt","dress"
"nederste","øverst","lmerst","nevalgste","lower","upper"
"nerve","muskel","musøgt","lydve","nerve","muscle"
"netværk","system","syspil","rygværk","network","system"
"ninja","samurai","samuova","nista","ninja","samurai"
"nobel","præmie","præfly","nosti","nobel","prize"
"nødvendig","brug for","brugstär","nødvenstre","necessary","need"
"nøgen","nøgen","nødud","nødud","nude","naked"
"nøgle","låse","dumse","arile","key","lock"
"nok","tilstrækkelig","tilholdskelig","ulk","enough","sufficient"
"normalt","som regel","som rlays","nordist","normally","usually"
"november","december","deraanber","lovbøber","november","december"
"nu","ved godt","vedeport","ui","now","know"
"nummer","adresse","strækse","gasmer","number","address"
"nuværende","elektricitet","statstricitet","nuværendestruction","current","electricity"
"nyre","lever","leste","virre","kidney","liver"
"nyttig","effektiv","effekfest","padtig","useful","effective"
"obduktion","analyse","retslyse","obdukster","autopsy","analysis"
"objekt","emne","banne","obveau","object","subject"
"observation","evaluering","evaluehvalp","observanaugh","observation","evaluation"
"offer","angriber","anskafber","ofrin","victim","attacker"
"officielt","officiel","offiseksuel","officitrons","officially","official"
"øge","reducere","voldtægtsofreducere","døe","increase","reduce"
"øje","øre","tze","iye","eye","ear"
"okay","ja","ue","okeg","okay","yeah"
"økonomisk","finansiering","finansienawalt","økonokers","financially","financing"
"ond","grusomhed","kloksomhed","eld","evil","cruelty"
"onkel","far","oor","ondyr","uncle","dad"
"ønske","ønske","ønnen","ønnen","desire","wish"
"operationel","funktionelt","woodtionelt","strafrationel","operational","functional"
"operere","kirurgi","kingsgi","drømrere","operate","surgery"
"opgave","mission","tersion","navigave","task","mission"
"opkald","telefon","kængurustyltelefon","bekald","call","telephone"
"opmærksomhed","at tiltrække","at tiltræmonia","opstemtsomhed","attention","attract"
"optage","indspilning","indrejsning","håndtage","record","recording"
"optimistisk","realistisk","realigions","optiminique","optimistic","realistic"
"ord","dømme","mobme","ded","word","sentence"
"ordbog","udtryk","udbert","rambog","dictionary","phrase"
"orgasme","erektion","knevtion","orsoreme","orgasm","erection"
"original","kopi","komon","origister","original","copy"
"orkan","tornado","hundnado","orsur","hurricane","tornado"
"ørken","dal","egl","ørlig","desert","valley"
"orkester","band","bala","orkeklok","orchestra","band"
"orm","slange","smitge","mum","worm","snake"
"orphanage","kloster","virster","höxenhanage","orphanage","convent"
"øve sig","dyrke motion","dyrke mlilei","tja sig","practice","exercise"
"overraskelse","skuffelse","quinfelse","overrarumvæse","surprise","disappointment"
"overveje","tænke","ungke","sørøveje","consider","think"
"ovn","komfur","komgil","món","oven","stove"
"på mode","elegant","elebudt","på mliff","fashionable","elegant"
"pacific","atlantisk","atlanskab","pacidogs","pacific","atlantic"
"pæn","dejlig","mislig","tán","nice","lovely"
"palads","slot","slæg","pafers","palace","castle"
"papir","pen","mán","paski","paper","pen"
"paradis","helvede","sørøvede","parahorn","paradise","hell"
"paranoid","helt vildt","helt vfodt","paratree","paranoid","crazy"
"parat","forberede","forberedestruction","padom","ready","prepare"
"parlament","senat","sedæk","parlabais","parliament","senate"
"passager","chauffør","chaufsig","uforsager","passenger","driver"
"patient","klient","klipos","pagions","patient","client"
"pension","løn","rán","modsion","pension","salary"
"person","individuel","individuelskerjeg","perper","person","individual"
"personlig","intim","ingus","perfestlig","personal","intimate"
"pest","epidemi","epidemilieportræt","pemar","plague","epidemic"
"picnic","camping","opeping","picstød","picnic","camping"
"pige","dreng","abeng","komge","girl","boy"
"pind","hammer","prømer","pixi","stick","hammer"
"pine","tortur","spitur","cerne","torment","torture"
"ping","ding","dica","pikf","ping","ding"
"pirat","sømand","søsken","piett","pirate","sailor"
"pistol","våben","vådig","pitets","pistol","weapon"
"placere","beliggenhed","beliggenbrugs","håndcere","place","location"
"plan","strategi","druktegi","svan","plan","strategy"
"planet","kredsløb","kredslår","vinnet","planet","orbit"
"plante","blomst","bleyst","halvte","plant","flower"
"platform","station","partion","næstform","platform","station"
"playboy","magasin","magadres","playkar","playboy","magazine"
"pludselig","uventet","snertet","skimselig","suddenly","unexpectedly"
"plus","minus","mitan","drus","plus","minus"
"politik","politiker","politistisk","polifest","policy","politician"
"populær","berømt","benørd","popuping","popular","famous"
"porno","film","fiin","porpart","porn","movie"
"portal","port","ponal","porregn","portal","gate"
"positiv","negativ","negabyte","posiberg","positive","negative"
"post","fax","oix","pous","mail","fax"
"potentiel","talent","tasøgt","ponarkotiel","potential","talent"
"presserende","nødsituation","nødsituaderjeg","genopserende","urgent","emergency"
"prinsesse","prins","prers","klassesse","princess","prince"
"privat","privatliv","prihedsliv","vervat","private","privacy"
"privilegium","ære","cae","pritræskoegium","privilege","honor"
"problemer","problem","proheim","projektmer","trouble","problem"
"producent","direktør","direkchen","produskud","producer","director"
"profil","beskrivelse","bekendtvelse","probos","profile","description"
"profit","indkomst","menkomst","prosch","profit","income"
"projekt","program","profilm","proveau","project","program"
"protein","vitamin","vitabelt","tjentein","protein","vitamin"
"protest","demonstration","demontaguetion","holtest","protest","demonstration"
"prøve","forsøg","forban","spave","try","attempt"
"provision","udvalget","udbrudget","provicepo","commission","committee"
"pub","restaurant","restaustod","umb","pub","restaurant"
"puls","tryk","trvu","puer","pulse","pressure"
"pumpe","slange","smitge","urope","pump","hose"
"pund","dollar","swelar","cond","pound","dollar"
"punkt","angive","anstalve","puoot","point","indicate"
"pyramide","struktur","svindtur","pyramidestruction","pyramid","structure"
"racist","kommunist","kommulans","rarion","racist","communist"
"råd","rådgive","rådkvaltve","ofd","advice","advise"
"radar","satellit","satelfred","raagt","radar","satellite"
"radio","television","kængurustyltelevision","racon","radio","television"
"radius","omkreds","omkunst","radister","radius","perimeter"
"rædsel","frygt","frikt","jobsel","horror","fear"
"ræv","kanin","kagre","dåv","fox","rabbit"
"raket","missil","misgod","ratur","rocket","missile"
"rapport","informere","instinkmere","himport","report","inform"
"realisere","forstå","forlyn","voldtægtsofrealisere","realize","understand"
"reception","parti","stati","recepster","reception","party"
"redde","gemme","litme","bagde","rescue","save"
"rede","æg","vy","voldtægtsofrede","nest","egg"
"regiment","bataljon","batalnalds","registik","regiment","battalion"
"regional","lokal","lolid","voldtægtsofregional","regional","local"
"regn","sne","coe","reic","rain","snow"
"reklame","marketing","markespil","voldtægtsofreklame","advertising","marketing"
"ren","vask","mosk","udn","clean","wash"
"rent faktisk","virkelig","preskelig","vash faktisk","actually","really"
"reporter","journalist","stiknalist","ledsater","reporter","journalist"
"resignation","afskedigelse","afskedistriktse","voldtægtsofresignation","resignation","dismissal"
"respekt","tillid","tilbor","renzekt","respect","confidence"
"resultat","resultat","voldtægtsofresultat","voldtægtsofresultat","result","outcome"
"ret","dommer","færmer","ugt","court","judge"
"retfærdig","rimelig","rimester","uforfærdig","fair","reasonable"
"rette op","reparation","voldtægtsofreparation","retteclan","fix","repair"
"riffel","pistol","pivogn","yasfel","rifle","gun"
"rigtigt","ægte","solte","kertigt","TRUE","real"
"ring","halskæde","målskide","ridy","ring","necklace"
"risikabel","farligt","skeligt","risikazonsk","risky","dangerous"
"risiko","fare","nøvre","risisten","risk","danger"
"ristet brød","bacon","barøv","ristetbørns","toast","bacon"
"ritual","ceremoni","ceremonisketsjer","ritution","ritual","ceremony"
"robot","maskine","mahjerne","romig","robot","machine"
"rød","gul","ryl","ird","red","yellow"
"rodeo","cowboy","sørboy","rolum","rodeo","cowboy"
"røg","cigar","cilie","ceg","smoke","cigar"
"rolige","berolige","beroligesandwich","overlige","quiet","calm"
"roman","græsk","grnik","roset","roman","greek"
"romeo","juliet","miniet","roebs","romeo","juliet"
"royal","kongerige","ledsagerige","lytal","royal","kingdom"
"rum","cognac","tvænac","påm","rum","cognac"
"rund","rundt om","rundtall","pånd","round","around"
"rusten","støvet","ungvet","ruling","rusty","dusty"
"rute","sti","kii","cente","route","path"
"rytme","stil","stsi","urime","rhythm","style"
"sælger","køber","kødøk","rafger","seller","buyer"
"særlig","enestående","eneståendestruction","toglig","special","unique"
"samfund","fællesskab","fællestisk","samdons","society","community"
"sammensværgelse","svig","knig","sammenkobletgelse","conspiracy","fraud"
"samtale","diskussion","diskusfolk","håndtale","conversation","discussion"
"sandsynlighed","sandsynligvis","krigssynligvis","krigssynlighed","probability","likely"
"sandwich","hamburger","guldburger","sandwire","sandwich","hamburger"
"sanger","musiker","musistan","grager","singer","musician"
"sår","skade","midde","utr","wound","injury"
"se","kigge på","kiggeois","gæ","look","watch"
"se","møde","belde","gæ","see","meet"
"sejr","nederlag","nederover","sehe","victory","defeat"
"sekretær","assistent","assigjort","sekredisk","secretary","assistant"
"seksuel","fysisk","fytret","ledsael","sexual","physical"
"sekund","minut","mibig","sefing","second","minute"
"sekundær","primær","prifix","sekunnoid","secondary","primary"
"selskab","virksomhed","gramsomhed","passkab","company","corporation"
"selvmord","mord","mogw","selvburn","suicide","murder"
"seminar","foredrag","strearag","semikeys","seminar","lecture"
"senior-","junior-","junitets","fængselsvæsenior","senior","junior"
"sensationel","spektakulære","hawaitakulære","fængselsvæsensationel","sensational","spectacular"
"sensor","transmitter","narkomitter","senpus","sensor","transmitter"
"sent","tidlig","snulig","seou","late","early"
"september","oktober","oktodoks","krontember","september","october"
"sergent","løjtnant","løjtfrit","rumgent","sergeant","lieutenant"
"serie","episode","brænsode","sekam","series","episode"
"service","vedligeholdelse","vedligeholdelsemesters","servicestatsankla","service","maintenance"
"sheriffer","borgmester","tankmester","shestrofer","sheriff","mayor"
"sherlock","watson","kokson","manglock","sherlock","watson"
"shield","rustning","fritning","shkild","shield","armor"
"shooter","snigskytte","naviskytte","uhenter","shooter","sniper"
"sige","fortælle","forspejle","genge","say","tell"
"sikker","sikker","friker","friker","safe","secure"
"sikkerhed","sikkerhed","sikstighed","sikstighed","security","safety"
"silke","bomuld","bovood","rejke","silk","cotton"
"situation","krise","medse","situamantø","situation","crisis"
"sjæl","ånd","eld","sjux","soul","spirit"
"skab","closet","gavset","skrg","cabinet","closet"
"skab","fremstille","fremoverle","skrg","create","produce"
"skabelse","ødelæggelse","brystlæggelse","skaspadse","creation","destruction"
"skæbne","skæbne","svanne","størne","fate","destiny"
"skærmbillede","overvåge","mordvåge","proudbillede","screen","monitor"
"skål","plade","drede","skgr","bowl","plate"
"skat","rigdom","lyddom","skoi","treasure","wealth"
"ske","gaffel","gaflus","mue","spoon","fork"
"skilsmisse","ægteskab","ægteborg","fængsmisse","divorce","marriage"
"skinne","bright","brigku","sporne","shine","bright"
"skjorte","jakke","urike","deporte","shirt","jacket"
"skræmme","skræmme","krydsme","standme","scare","frighten"
"skræmmende","uhyggelig","verogelig","standmende","scary","creepy"
"skrivebord","kontor","kondel","skrivetræk","desk","office"
"skubbe","trække","gramke","smækbe","push","pull"
"skud","skyde","morde","skft","shot","shoot"
"skulder","knæ","teæ","sparder","shoulder","knee"
"sky","tåge","psyge","xty","cloud","fog"
"skygge","mørk","møod","mangge","shadow","dark"
"sladre","skandale","krypdale","sølvre","gossip","scandal"
"slave","tjener","kærner","matve","slave","servant"
"sluge","tygge","gløge","brige","swallow","chew"
"smadre","pause","lytse","dradre","smash","break"
"smag","lugt","luwa","smhi","taste","smell"
"smal","bred","heed","nial","narrow","wide"
"smart","intelligent","intellitirap","drart","smart","intelligent"
"smelte","fryse","frlde","fjolte","melt","freeze"
"smigre","imponere imponere","imponere impondagskost","lejgre","flatter","impress"
"smil","grine","borne","smsi","smile","laugh"
"smuk","smuk","smrv","smar","pretty","beautiful"
"snavset","ulækkert","slurkert","skroset","dirty","disgusting"
"snegl","turtle","cornle","snbal","snail","turtle"
"sober","beruset","berudolf","solie","sober","drunk"
"sød","cute","kitte","oid","sweet","cute"
"sofa","seng","sefo","sokus","sofa","bed"
"software","computer","skatputer","fonsvare","software","computer"
"søg","finde","torde","abg","search","find"
"soldat","kriger","medger","soljeg","soldier","warrior"
"solnedgang","daggry","dagped","solnedsted","sunset","dawn"
"søm","tand","tapi","iem","nail","tooth"
"sommer","vinter","plater","katmer","summer","winter"
"sommerfugl","fugl","fuou","sommerblem","butterfly","bird"
"sommetider","tit","påt","grundmetider","sometimes","often"
"sønnesøn","nevø","nedv","sønnelært","grandson","nephew"
"søster","bror","brnt","søligt","sister","brother"
"spændende","interessant","interesloven","volddende","exciting","interesting"
"spil","spil","spsh","spoo","play","game"
"spild","bruge","finge","spood","waste","spend"
"spinal","abdominal","abdomistisk","cional","spinal","abdominal"
"spion","forræder","forræning","spurn","spy","traitor"
"spionage","sabotage","voldtægtssabotage","dragnage","espionage","sabotage"
"spørgsmål","spørge","stofge","spørgslog","question","ask"
"sprække","hul","esl","stjekke","crack","hole"
"stå","sidde","mærde","gaå","stand","sit"
"stadion","baseball","basemisk","stadrat","stadium","baseball"
"stædig","selvisk","selhine","zepdig","stubborn","selfish"
"stærk","svag","dsag","stunk","strong","weak"
"status","position","posident","stanin","status","position"
"stemme","accent","acneys","filmme","voice","accent"
"stille","stilhed","tiskhed","kample","silent","silence"
"stjæle","røve","vejve","skrøle","steal","rob"
"stof","particle","bejdsticle","sthu","matter","particle"
"støj","lyd","ærd","stlp","noise","sound"
"stolt","begejstret","begejlands","stukt","proud","excited"
"stolthed","værdighed","landdighed","stanshed","pride","dignity"
"stor","kæmpe stor","kæmpepsånd","gaor","big","huge"
"størrelse","længde","slynde","olymrelse","size","length"
"støvle","sko","myo","skænle","boot","shoe"
"straf","fængsling","skilsling","garaf","penalty","imprisonment"
"straffe","anholdelse","angrebsdelse","statsfe","punish","arrest"
"strand","kyst","håst","stmind","beach","coast"
"stress","depression","deringsion","streel","stress","depression"
"strøm","energi","brangi","stepm","power","energy"
"studerende","lærer","læsio","studerendestruction","student","teacher"
"styre","lykkes","tinkes","lønre","manage","succeed"
"styring","manipulere","manipulerespørgsel","musring","control","manipulate"
"styrke","kraft","kromt","skamke","strength","force"
"succes","fiasko","fialarm","kælces","success","failure"
"suge","slikke","drykke","finge","suck","lick"
"sukker","chokolade","chokoladestruction","neuker","sugar","chocolate"
"sult","tørst","særst","sugs","hunger","thirst"
"sum","beløb","begun","röm","sum","amount"
"sund og rask","normal","norsin","sund moralsk","healthy","normal"
"sundhed","uddannelse","faldskærmsuddannelse","holdhed","health","education"
"superman","batman","lønman","susynsman","superman","batman"
"supernatural","paranormal","paranorsters","suagustinatural","supernatural","paranormal"
"suppe","salat","sabys","frype","soup","salad"
"support","hjælp","ønælp","ratport","support","assistance"
"sværd","kniv","knjo","svoyd","sword","knife"
"sværge","ed","sæ","stenge","swear","oath"
"svar","svar","woar","svov","answer","reply"
"svinekød","kød","rnd","svineness","pork","meat"
"svulst","kræft","kroot","svlåst","tumor","cancer"
"syd","nord","nosy","ærd","south","north"
"syd-","vestlig","vestment","oud","southern","western"
"syg","syg","igg","igg","ill","sick"
"symptom","syndrom","syngrid","symplak","symptom","syndrome"
"synd","forbrydelse","forløsladelse","cond","sin","crime"
"taber","vinder","modder","tamin","loser","winner"
"tablet","pille","medle","loylet","tablet","pill"
"tælle","beregn","beless","mople","count","calculate"
"tæppe","håndklæde","gelsklæde","urepe","blanket","towel"
"tag fat","fangst","fastst","tagoval","grab","catch"
"tage med","sende","norde","tagehels","bring","send"
"taknemmelig","takke","hvike","brændnemmelig","grateful","thank"
"tale","prædiken","prædiscip","kolle","speech","sermon"
"tale","tale","kolle","kolle","talk","speak"
"tålmodighed","medfølelse","ningsfølelse","tålmofølsomhed","patience","compassion"
"tank","motor","mokes","tart","tank","engine"
"tåre","skære","fylre","ferre","tear","cut"
"tårn","bygning","krening","acrn","tower","building"
"tatovering","ar","ue","tatoveløsla","tattoo","scar"
"taxa","limousine","litirapsine","tajø","taxi","limousine"
"teenage","teenager","kængurustylteenager","kængurustylteenage","teenage","teenager"
"teknisk","mekanisk","mekatens","rignisk","technical","mechanical"
"teknologi","videnskab","videntisk","landsnologi","technology","science"
"tekst","digt","algt","teelt","text","poem"
"telegram","brev","brvo","teleligt","telegram","letter"
"teleskop","mikroskop","mifrokost","teneskud","telescope","microscope"
"tempel","kloster","virster","temsia","temple","monastery"
"terapi","behandling","beskytling","kængurustylterapi","therapy","treatment"
"terminal","lufthavn","luftgeon","fængselsvagterminal","terminal","airport"
"tilbage","vend tilbage","vandtårlbage","åbenbage","back","return"
"tilbud","give","bagve","tilfri","offer","give"
"tilflugt","ly","sæ","tilstrøm","refuge","shelter"
"tilfreds","lykkelig","smugkelig","tilstedt","satisfied","happy"
"tilgive","undskyldning","undbremsning","imoogive","forgive","excuse"
"tilgivelse","barmhjertighed","løslahjertighed","bejdsgivelse","forgiveness","mercy"
"tilladelse","godkendelse","narkokendelse","tillationsse","permission","approval"
"tillid","tro på","troskt","tildeo","trust","believe"
"tilstedeværelse","fravær","frarus","tilstedeværelsemesters","presence","absence"
"tiltrækkende","charmerende","strømmerende","tilkunstkende","attractive","charming"
"tjener","servitrice","servitricestatsankla","kærner","waiter","waitress"
"to","fire","skere","ue","two","four"
"tobak","cigaret","cigation","touns","tobacco","cigarette"
"tog","bus","øbs","alg","train","bus"
"toilet","håndvask","hånddrik","toetet","toilet","sink"
"tom","fuld","fume","amm","empty","full"
"top","bund","busi","ælp","top","bottom"
"tør","våd","æld","uor","dry","wet"
"total","komplet","kombudt","tober","total","complete"
"trække på","løve","renve","trækkemad","dragon","lion"
"træner","spiller","landler","husner","coach","player"
"træt","sulten","neuten","trfu","tired","hungry"
"tredje","fjerde","elekde","voldje","third","fourth"
"trick","joke","likke","flyck","trick","joke"
"trist","tragisk","tragark","alist","sad","tragic"
"trofæ","medalje","meligtje","chafæ","trophy","medal"
"troskab","hengivenhed","hengivenskabs","chaskab","fidelity","devotion"
"tunfisk","hummer","dræmer","tunført","tuna","lobster"
"tung","tungt","tubet","tuet","heavy","heavily"
"tur","koncert","konchip","eir","tour","concert"
"tur","rotere","snittere","eir","turn","rotate"
"turnering","match","petch","turnesten","tournament","match"
"tusind","hundrede","tidsrede","tugies","thousand","hundred"
"tvivl","formode","forpids","øjivl","doubt","suspect"
"tynd","tyk","ørk","cind","thin","thick"
"typisk","classic","clasbos","tygins","typical","classic"
"tyv","kriminel","krimirisk","civ","thief","criminal"
"tyveri","røveri","spilveri","håndveri","theft","robbery"
"ubehageligt","ubehagelig","brandhagelig","ubehagetrans","uncomfortable","unpleasant"
"ubrugelig","værdiløs","værdicher","øresgelig","useless","worthless"
"ud","om","ue","tz","out","about"
"uden for","inde","infor","udenhear","outside","inside"
"udløser","aktiver","aktidigt","udløgrin","trigger","activate"
"udsigt","perspektiv","perhedstiv","udspør","view","perspective"
"udstyr","udstyre","udbrudre","udgreb","equipment","equip"
"udvikling","mutation","moontion","udviktors","evolution","mutation"
"ufo","alien","uopen","azo","ufo","alien"
"uheldig","ulykke","smerke","fjoldig","unfortunate","misfortune"
"uhyre","væsen","vælig","sopre","monster","creature"
"ulovlig","gyldige","virkdige","brodlig","illegal","legal"
"umulig","let","ght","keylig","impossible","easy"
"undersøge","undersøge","unklandsøge","unklandsøge","examine","investigate"
"undersøgelse","inspektion","inputation","unasylansøgelse","examination","inspection"
"undervandsbåd","båd","æld","understrømbåd","submarine","boat"
"undervurdere","overdrive","vanddrive","undervurdereceptblok","underestimate","exaggerate"
"ungdom","barndom","åbendom","tændom","youth","childhood"
"univers","galakse","gafredse","belvers","universe","galaxy"
"uretfærdighed","urimelig","størmelig","voldsfærdighed","injustice","unfair"
"urimelig","uansvarlig","uanstænlig","olymmelig","unreasonable","irresponsible"
"usædvanlig","mærkelig","spejkelig","kropvanlig","unusual","strange"
"uskyldig","skyldig","stifdig","skilddig","innocent","guilty"
"utilsigtet hændelse","ulykke","smerke","frokostsigtet hændelse","incident","accident"
"uvidenhed","arrogance","arrogancestatsankla","gnavdenhed","ignorance","arrogance"
"væg","hegn","heme","agg","wall","fence"
"vægt","højde","chade","væak","weight","height"
"vælge","vælg","væiv","gruge","choose","select"
"værdi","pris","stis","cendi","value","price"
"værdifuld","vigtig","cultig","værdimirs","valuable","important"
"værelse","soveværelse","fredsværelse","væklasse","room","bedroom"
"værksted","garage","neutrage","snaksted","workshop","garage"
"værktøj","instrument","infragment","snaktøj","tool","instrument"
"væske","væske","værei","værei","liquid","fluid"
"vagina","penis","pefra","græsina","vagina","penis"
"vagt","patrulje","pasmedje","vaak","guard","patrol"
"valg","mulighed","muskelhed","vaea","choice","option"
"varm","fedt nok","fedtelsk","vano","warm","cool"
"varme","temperatur","brændperatur","kenme","heat","temperature"
"ved en fejltagelse","med vilje","med virarm","ved en fejltagtormand","accidentally","intentionally"
"vej","highway","sekhway","rij","road","highway"
"velgørenhed","donation","donaster","velgøvidsthed","charity","donation"
"velsmagende","lækker","sygker","luxemmagende","tasty","delicious"
"vene","pulsåre","allsåre","skine","vein","artery"
"vente","forventer","forbløfter","prote","wait","expect"
"ventil","ventilation","ventilaments","særtil","valve","ventilation"
"vidne","vidnesbyrd","vidneshrow","busne","witness","testimony"
"vidunderlig","fantastisk","fantations","viskrædderlig","wonderful","fantastic"
"vin","champagne","nikslagne","ynn","wine","champagne"
"vind","storm","gaorm","lend","wind","storm"
"vindue","dør","ilr","vinvar","window","door"
"virkelighed","fantasi","hjemtasi","grundkelighed","reality","fantasy"
"virus","infektion","infekster","vichs","virus","infection"
"vittig","sjov","sjnn","negtig","witty","funny"
"voksen","forælder","forælling","bælsen","adult","parent"
"vrede","raseri","stelseri","lukde","anger","rage"
"washington","boston","boskab","skrothington","washington","boston"
"west","øst","adt","slst","west","east"
"whisky","vodka","dapka","skesky","whiskey","vodka"
"ydmyg","beskeden","betragden","ydbér","humble","modest"
"yoga","massage","hundsage","berga","yoga","massage"
"zombie","vampire","festpire","jegbie","zombie","vampire"
"zoologisk have","cirkus","cirled","zoolokalnum have","zoo","circus"
