"ro_target","ro_cue","ro_fake_cue","ro_fake_target","en_cue","en_target"
"a aprecia","admira","adminezi","a aprprus","admire","appreciate"
"a atrage","atenţie","atţiţie","a atrombs","attention","attract"
"a confirma","confirmare","conkushimare","spilnfirma","confirmation","confirm"
"a desena","a picta","avetcta","dhanesena","paint","draw"
"a intelege","realizează","realitanţiiză","a intelslist","realize","understand"
"a muri","suferi","sujesc","bdmuri","suffer","die"
"a pastra","hold","ield","a pasoni","hold","keep"
"a preda","învăța","învălesc","a prppu","learn","teach"
"a pregati","gata","părta","a prnetti","ready","prepare"
"a pune","introduce","inținânduce","a prís","insert","put"
"a rade","zâmbet","zâmmas","kumade","smile","laugh"
"a reusi","administra","adminisneşti","a rewnya","manage","succeed"
"a rezista","rezistenţă","rezisbeşti","a rezimers","resistance","resist"
"a sari","a urca","a uliş","ľisari","climb","jump"
"a tăia","rupere","înţepere","a tguy","tear","cut"
"a zbura","teren","tezit","a zbgesh","land","fly"
"abandon","părăsi","păpiersi","abanght","leave","abandon"
"abdominal","spinarii","atârnarii","abdomisiuni","spinal","abdominal"
"abilitate","capacitate","capamondultate","stranlitate","capacity","ability"
"abordare","număr","nuirt","chandare","number","address"
"absența","prezenţă","preranţã","abbottța","presence","absence"
"absolvent","diplomă","dienigmă","absolniți","diploma","graduate"
"absurd","ridicol","ridipper","abgled","ridiculous","absurd"
"accent","voce","parce","acnind","voice","accent"
"accept","refuza","retreaza","acclin","refuse","accept"
"accident","incident","incicări","accicări","incident","accident"
"acea","ce","gă","achi","what","that"
"acolo","aici","aiar","maslo","here","there"
"acord","contracta","conajusta","achud","contract","agreement"
"act","gest","măst","zit","gesture","act"
"activati","trigger","triplea","actizesc","trigger","activate"
"activitate","activ","acder","poftestivitate","active","activity"
"actor","autor","auzin","acția","author","actor"
"acuzare","plângere","aresgere","prinzare","complaint","accusation"
"adăpost","refugiu","refudati","lippost","refuge","shelter"
"adiţional","suplimentar","subînţementar","adidașinal","extra","additional"
"administrativ","management","managenisys","administradenţei","management","administrative"
"adolescent","adolescenta","schimlescenta","adolesnian","teenage","teenager"
"adrenalina","hormon","irimon","desfănalina","hormone","adrenaline"
"aduna","colectarea","cosculptarea","filna","collect","gather"
"adversar","dusman","twoman","adverdezi","enemy","opponent"
"aeroport","terminal","termiţând","aeroseas","terminal","airport"
"afaceri","industrie","induslant","smoceri","industry","business"
"afirmație","cometariu","cometaggert","otrămație","comment","statement"
"agenţie","firmă","şcomă","oaenţie","firm","agency"
"agitat","îngrijorat","îngrijogging","tactat","worried","nervous"
"al patrulea","al treilea","al treganți","al patrdrati","third","fourth"
"alarma","alerta","imorta","chanma","alert","alarm"
"albastru","maro","majes","albascati","brown","blue"
"alee","colţ","cojam","algi","corner","alley"
"alegător","candidat","candiggle","frangător","candidate","voter"
"alegeri","campanie","camparati","torgeri","campaign","election"
"alfa","bravo","chivo","allin","bravo","alpha"
"alibi","motiv","movăm","lumbi","motive","alibi"
"america","africa","fragca","prosrica","africa","america"
"amestec","combinaţie","agreabinaţie","amesrow","combination","mixture"
"amiază","miezul nopţii","miezul ndwest","chelază","midnight","noon"
"amprentă","adn","hin","aminaltă","dna","fingerprint"
"amuzant","spiritual","ninţăritual","lunzant","witty","funny"
"analiză","autopsie","plutosie","elecliză","autopsy","analysis"
"animal","fiară","tornară","anippy","beast","animal"
"antreprenor","milionar","milioshing","antrepreplăti","millionaire","entrepreneur"
"apăra","proteja","blesteja","cârra","protect","defend"
"apartament","casă","catat","echitament","house","apartment"
"aprobare","permisiune","permicroţine","treabare","permission","approval"
"arestare","pedepsi","peagresi","ploatare","punish","arrest"
"argint","de aur","de înd","arnoît","golden","silver"
"arhitect","inginer","ingiulim","arhigiți","engineer","architect"
"armă","pistol","piszic","arria","pistol","weapon"
"armată","legiune","letroane","exhumată","legion","army"
"armonie","echilibru","înţelibru","armolari","balance","harmony"
"armură","arsenal","arselwyn","ardingră","arsenal","armory"
"armură","scut","wiut","ardingră","shield","armor"
"aroganţă","ignoranţă","ignotrari","itaganţă","ignorance","arrogance"
"arteră","venă","prană","blesteră","vein","artery"
"artificial","natural","natuzezi","artifimontreal","natural","artificial"
"artilerie","cavalerie","cavalegămân","artilegămân","cavalry","artillery"
"asasin","mercenar","mercerşeş","messin","mercenary","assassin"
"ascunde","acoperi","acoroşi","aspierde","cover","hide"
"asista","ajutor","ceator","sponta","help","assist"
"asistent","secretar","secredeţi","asisbesc","secretary","assistant"
"asistenţă","a sustine","ecuastine","asiscieni","support","assistance"
"aştepta","aștepta","așplanta","aşplanta","wait","expect"
"atac","invazie","invamali","atâr","invasion","attack"
"atacator","victimă","scortimă","eleccator","victim","attacker"
"atentat, încercare","încerca","înarunca","atentat, încerționând","try","attempt"
"atitudine","opinie","flănie","preşetudine","opinion","attitude"
"atlantic","pacific","pacireşe","zgâritic","pacific","atlantic"
"atmosfera","mediu inconjurator","mediu inconjurmulţeşti","atbroşura","environment","atmosphere"
"autobuz","tren","trke","autoloh","train","bus"
"autoritate","jurisdicție","jugheaddicție","audienţeritate","jurisdiction","authority"
"autostradă","drum","drie","aprintradă","road","highway"
"auzi","asculta","asplanta","auru","listen","hear"
"băiat","fată","vistă","băinici","girl","boy"
"baie","duș","păș","creie","shower","bathroom"
"bani","bani gheata","bani gheinţări","bală","cash","money"
"bar","club","cloz","wer","club","bar"
"barbă","păr","yor","zâmbă","hair","beard"
"barcă","submarin","submaieşti","orică","submarine","boat"
"baseball","stadiu","stafat","basecinţell","stadium","baseball"
"batalion","regiment","regilroy","batalinisti","regiment","battalion"
"batistă","pânză","croză","banezită","cloth","handkerchief"
"batman","supraom","subiecom","omaman","superman","batman"
"battlefield","arenă","zornă","conţitlefield","arena","battlefield"
"beat","sobru","sodul","benig","sober","drunk"
"bere","băutură","oportutură","şoare","drink","beer"
"bijuterie","diamant","diapple","bijuteneşti","diamond","jewel"
"biologic","chimic","chinea","bioloteşti","chemical","biological"
"biologie","chimie","chidea","bioloneşti","chemistry","biology"
"birou","birou","bivet","binua","desk","office"
"blând","moale","talle","blaid","soft","gentle"
"boală","gripa","valpa","zmelă","flu","disease"
"bogat","săraci","săichi","borim","poor","rich"
"bogatie","comoară","colaciră","bogament","treasure","wealth"
"bolnav","bolnav","bolvos","boltăi","ill","sick"
"boston","washington","washincări","zelton","washington","boston"
"brânză","pâine","tălne","frează","bread","cheese"
"braţ","mână","surnă","brșc","hand","arm"
"broasca testoasa","melc","mewk","atenţioca testoasa","snail","turtle"
"bucată","fragment","coapment","seascată","fragment","piece"
"bucătar","bucătar","bucăprui","bucărând","cook","chef"
"bucurie","plăcere","francere","buculezi","pleasure","joy"
"bumbac","mătase","afectase","bumplez","silk","cotton"
"bunica","bunicul","bunizezi","odihnica","grandfather","grandmother"
"ca de obicei","comun","coini","ca de ostrans","ordinary","usual"
"cadavru","corp","conz","cadathya","body","corpse"
"cadou","compliment","complicați","cairt","compliment","gift"
"cafea","ceașcă","echocă","catah","cup","coffee"
"cal","măgar","mătro","bul","donkey","horse"
"calculati","numara","afirmara","calcutler","count","calculate"
"calculator","software","monteare","calculadriel","software","computer"
"cale","traseu","trarot","cator","route","path"
"calitate","cantitate","obiectitate","mongolitate","quantity","quality"
"calm","liniște","liprente","caob","quiet","calm"
"camion","jeep","jenau","caclin","jeep","truck"
"camping","picnic","frenic","bruping","picnic","camping"
"campionat","concurență","concunoștiță","campioffrey","competition","championship"
"cancer","tumor","tupân","canvie","tumor","cancer"
"cântec","album","alyev","cânvim","album","song"
"cantitate","sumă","suria","obiectitate","sum","amount"
"capac","ochelari","theolari","cavon","glasses","cap"
"capelă","biserică","transserică","caperați","church","chapel"
"capitalism","anarhie","anartoo","capitaggert","anarchy","capitalism"
"căpitan","comandant","comantern","căpisuri","commander","captain"
"căpșună","banană","baabţină","esenșună","banana","strawberry"
"captură","apuca","bisca","autotură","grab","catch"
"cardinal","episcop","stăscop","cardigest","bishop","cardinal"
"cargo","sarcină","autocină","dezgo","load","cargo"
"carne","porc","popt","niene","pork","meat"
"carte","biblie","bistle","beşte","bible","book"
"cartel","mafia","masli","carpie","mafia","cartel"
"căsătorie","divorț","disoan","căsătoceşti","divorce","marriage"
"căsătorit","singur","sinţat","căsătopless","single","married"
"castel","palat","panis","ţintel","palace","castle"
"câştigător","pierzător","trunzător","obiectigător","loser","winner"
"cauză","motiv","movăm","cauresc","reason","cause"
"ceapă","usturoi","ustuseau","paspă","garlic","onion"
"ceas","uite","flete","cesă","look","watch"
"ceaţă","nor","eir","virţă","cloud","fog"
"centimetru","mile","prele","centimeneşti","mile","centimeter"
"cere","întrebare","înschimbare","prire","question","ask"
"cerebral","creier","creşat","ceresezi","brain","cerebral"
"ceremonie","ritual","rituiesc","cerevanşatnie","ritual","ceremony"
"cerere","cerere","ceretlic","ceretlic","demand","request"
"ceresc","cer","ñor","cepeti","sky","heavenly"
"ceva","nimic","nisul","celes","nothing","something"
"chelneriţă","chelner","chelția","domnineriţă","waiter","waitress"
"chirie","închiriere","întămplăriere","brarie","hire","rent"
"chitară","pian","picã","atentară","piano","guitar"
"chiuvetă","toaletă","obisletă","fragvetă","toilet","sink"
"cicatrice","tatuaj","tatuşesc","cicadenţace","tattoo","scar"
"cimitir","mormânt","morblat","cimipeam","grave","cemetery"
"cinic","naiv","natä","ciați","naive","cynical"
"ciocan","băț","onț","ciotui","stick","hammer"
"ciocolată","zahăr","zawai","grandcolată","sugar","chocolate"
"circ","grădină zoologică","grădină zoologchsführer","ciup","zoo","circus"
"ciudat","neobișnuit","neonowensnuit","pondat","unusual","strange"
"civilizaţie","cultură","efectură","civilizastanţă","culture","civilization"
"clădire","turn","tuje","traudire","tower","building"
"clasic","tipic","tiței","clamei","typical","classic"
"client","rabdator","hulidator","clilah","patient","client"
"clinica","spital","costal","izgonica","hospital","clinic"
"coasta","plajă","resjă","falsta","beach","coast"
"colaps","toamna","plumna","codame","fall","collapse"
"colier","inel","fael","colitati","ring","necklace"
"colonel","general","genezezi","colocand","general","colonel"
"combustibil","gaz","buz","comatlantibil","gas","fuel"
"comedie","dramă","hărmă","comeneas","drama","comedy"
"comerciant","comercial","cocoşatcial","comerciclezi","commercial","merchant"
"comisar","inspector","incoşător","comitivi","inspector","commissioner"
"comitet","comision","comifort","comisini","commission","committee"
"compasiune","răbdare","chamdare","compacheţene","patience","compassion"
"complet","absolut","absoneci","compâni","absolutely","completely"
"complet","total","tofon","compâni","total","complete"
"comunicare","navigare","naviziunire","comunicarevanşezi","navigation","communication"
"comunist","rasist","razici","comuraii","racist","communist"
"comunitate","societate","sotranşeetate","comudezvoltate","society","community"
"concediere","demisie","demiteţi","dezmemcediere","resignation","dismissal"
"concentrați-vă","focus","foric","concendenţiițivă","focus","concentrate"
"concert","tur","yor","conlear","tour","concert"
"conducător auto","pasager","pasacrat","conducătotroşoc","passenger","driver"
"conexiune","a lua legatura","a lua legaclanşăm","conejohanne","contact","connection"
"confidențialitate","privat","priani","confidențialitatebracci","private","privacy"
"confuzie","haos","hadul","confutari","chaos","confusion"
"coniac","rom","zum","conghie","rum","cognac"
"constituţie","lege","lelor","constitureşti","law","constitution"
"construi","constructie","conobiectie","contrund","construction","build"
"contesă","baron","babwe","stratesă","baron","countess"
"continua","continua","contipini","contirani","proceed","continue"
"conţinut","conține","înălține","montenut","contain","content"
"contrar","opus","raus","conpret","opposite","contrary"
"copac","tufiș","turch","cocro","bush","tree"
"copie","original","origiving","covoa","original","copy"
"copil","bebelus","beberant","coarh","baby","child"
"copilărie","tineret","tinestro","copilăneşti","youth","childhood"
"corect","gresit","depsit","cokeri","wrong","correct"
"corporație","companie","compaturi","transporație","company","corporation"
"covor","podea","potin","coset","floor","carpet"
"cowboy","rodeo","romau","cowppe","rodeo","cowboy"
"craniu","os","dy","musniu","bone","skull"
"cravată","lega","letei","nicovată","bind","tie"
"creativitate","imaginație","strânginație","nemţoaiativitate","imagination","creativity"
"creatură","monstru","sanctru","denţiatură","monster","creature"
"cred","încredere","îndeshidere","şoed","trust","believe"
"credincios","loial","lorez","credinzati","loyal","faithful"
"credinţă","speranţă","spetenţi","cregenţi","hope","faith"
"creştin","catolic","catoshop","creşcări","catholic","christian"
"crimă","sinucidere","sinucideremorchea","hărmă","suicide","murder"
"crimă","păcat","pătâi","hărmă","sin","crime"
"criminal","ucigaş","blogaş","crimiteţi","killer","murderer"
"criză","situatie","situamonds","idoză","situation","crisis"
"crud","brutal","costal","croa","brutal","cruel"
"cruzime","rău","juu","blânzime","evil","cruelty"
"cufăr","stomac","stogor","cunox","stomach","chest"
"cumpărător","vânzător","cheazător","cumpărăsești","seller","buyer"
"cunoştinţe","experienţă","expevinţel","cunoştrebi","experience","knowledge"
"cuptor","cuptor","vrotor","jector","oven","stove"
"curajos","nobil","nomat","curafred","noble","brave"
"curcan","pui","găi","cursor","chicken","turkey"
"cuţit","sabie","sayev","cubus","sword","knife"
"da","bine","desne","gă","okay","yeah"
"da","oferi","dyeri","gă","offer","give"
"dans","dansator","cressator","daol","dancer","dance"
"datorie","responsabilitate","responsabilitatebracci","datotati","responsibility","duty"
"dawn","apus de soare","apus de sgheli","daval","sunset","dawn"
"de multe ori","uneori","lacori","de multcrând","sometimes","often"
"de obicei","în mod normal","în mod nspoon","de obtowoc","normally","usually"
"de urgență","urgent","urgham","de urgeritmi","urgent","emergency"
"decembrie","noiembrie","noiemcurs","decemnţat","november","december"
"deceniu","secol","serit","decelati","century","decade"
"definiție","concept","conrşit","definitowoc","concept","definition"
"deget mare","deget","decum","deprind mare","finger","thumb"
"delicios","gustos","adătos","delipari","tasty","delicious"
"demnitate","mândrie","mânfred","atracnitate","pride","dignity"
"democraţie","libertate","lisculptate","demomeştiţie","freedom","democracy"
"demonstrație","protest","prothal","demonobiecție","protest","demonstration"
"departe","lângă","arãgă","debleste","near","far"
"deplin","gol","âul","dedrii","empty","full"
"depresie","stres","jeres","depretesc","stress","depression"
"descriere","profil","promaj","schimcriere","profile","description"
"despre","out","lst","desing","out","about"
"destin","fate","răste","desrez","fate","destiny"
"detectiv","agent","oaent","desportiv","agent","detective"
"determinare","curaj","cudin","declanşaminare","courage","determination"
"devotament","fidelitate","stewardelitate","devotaclism","fidelity","devotion"
"dezamăgire","surprinde","surgentde","stanţiamăgire","surprise","disappointment"
"dezgustător","murdar","bendar","dezdreaptător","dirty","disgusting"
"dezvoltare","progresul","progreceas","emoţiotare","progress","development"
"diavol","înger","înnoi","diarunt","angel","devil"
"diferit","similar","simicuțu","difetezi","similar","different"
"dimineaţă","mâine","damne","dimidomniţă","tomorrow","morning"
"din timp","târziu","înăziu","ano timp","late","early"
"dinamită","praf de puşcă","praf de psomnia","dimulţumită","gunpowder","dynamite"
"ding","ping","oong","diff","ping","ding"
"dinte","unghii","untric","irate","nail","tooth"
"direct","direct","dimţit","dipost","direct","directly"
"director","producător","producăleşti","diopritor","producer","director"
"discuţie","conversaţie","conversavetti","disculoşi","conversation","discussion"
"dispariție","moarte","flirte","dispariseşti","death","disappearance"
"dispozitiv","cip","gup","dispozicanţi","chip","device"
"disputa","conflict","confnind","scruputa","conflict","dispute"
"district","județ","jurue","dissaint","county","district"
"distrugere","creare","tsunare","discâștigere","creation","destruction"
"divin","dumnezeu","dumnețați","ditam","god","divine"
"divizia","unitate","crustate","divitati","unit","division"
"do","face","trice","ță","make","do"
"doamnă","lord","lonă","inalnă","lord","lady"
"doctor","chirurg","chirifi","rcător","surgeon","doctor"
"document","fişier","fişiling","doculoși","file","document"
"dolar","livră","lihib","donia","pound","dollar"
"donare","caritate","mosferitate","atârnare","charity","donation"
"dori","dorință","dogheață","doen","desire","wish"
"dormi","odihnă","chiună","dogsi","rest","sleep"
"dormitor","cameră","cameneas","dorminati","room","bedroom"
"dovada","dovezi","dopati","echivada","evidence","proof"
"dragoste","ură","oşă","draodette","hate","love"
"drăguţ","dulce","oboce","drămân","sweet","cute"
"dulap","cabinet","cabitați","dugly","cabinet","closet"
"duminică","sâmbătă","noasbătă","duleţulnică","Saturday","Sunday"
"durere","suferinţă","sufenisti","duretlic","suffering","pain"
"dusty","ruginit","rugirard","rotty","rusty","dusty"
"echipa","echipamente","transpamente","elecpa","equipment","equip"
"echipă","ligă","litat","înţepă","league","team"
"educaţie","sănătate","săorientate","strecaţie","health","education"
"efect","influență","inscripență","efhot","influence","effect"
"efectiv","util","kwil","trictiv","useful","effective"
"egoist","încăpăţânat","încăpăţâcţiuni","egonţa","stubborn","selfish"
"electric","magnetic","scurnetic","elecriți","magnetic","electric"
"electricitate","actual","actuiesc","răzgântricitate","current","electricity"
"elegant","la modă","la mpreț","elegler","fashionable","elegant"
"element","factor","vretor","inoment","factor","element"
"elicopter","ambulanță","ambusesteță","elishelter","ambulance","helicopter"
"elimina","înlătura","înstructura","stramina","eliminate","remove"
"emoţional","mental","apatal","porţional","mental","emotional"
"energie","putere","blestere","enervân","power","energy"
"epidemie","ciumă","ciuting","epidetari","plague","epidemic"
"episod","serie","semes","epinzi","series","episode"
"erecție","orgasm","orraii","trănție","orgasm","erection"
"eșec","succes","leices","ttec","success","failure"
"est","vest","nast","şit","west","east"
"evadare","flee","kiee","blindare","flee","escape"
"evaluare","observare","obserkeshore","monteluare","observation","evaluation"
"eveniment","fenomen","fenoulli","evenicuri","phenomenon","event"
"evident","clar","tâar","eviteam","clearly","obviously"
"exagera","subestima","supporttima","chelgera","underestimate","exaggerate"
"excitat","mândru","mânnis","excipien","proud","excited"
"execuţie","agăţat","delţat","scricuţie","hanging","execution"
"exercițiu","practică","sfârtică","princițiu","practice","exercise"
"exploda","izbucni","izbuckwood","exthilda","burst","explode"
"explozie","cutremur","cutrezesc","exploturi","earthquake","explosion"
"exploziv","bombă","asibă","explotham","bomb","explosive"
"expoziţie","galerie","galegeam","expoziceati","gallery","exhibition"
"expres","descrie","destrui","expeți","describe","express"
"extern","intern","indeam","extria","internal","external"
"faimos","popular","popucioa","faigal","popular","famous"
"făină","cereale","forţareale","aproină","grain","flour"
"fals","fals","faşi","fapy","fake","FALSE"
"familie","clan","tâan","faminesc","clan","family"
"fantastic","minunat","minuturi","fansceptic","wonderful","fantastic"
"fantezie","realitate","dezminţirealitate","fantecuri","reality","fantasy"
"fără putere","neajutorat","neajutocţiuni","fără putvanţii","helpless","powerless"
"fără valoare","inutil","inufat","fără valogewood","useless","worthless"
"farfurie","castron","bertron","farfumand","bowl","plate"
"fatal","mortal","morgen","farei","deadly","fatal"
"fax","poștă","eartă","anx","mail","fax"
"febră","tuse","tuias","feval","cough","fever"
"federaţie","colonie","coloveas","federaswati","colony","federation"
"femeie","văduvă","văducand","femerang","widow","woman"
"femeie","masculin","masmulţi","femerang","male","female"
"fericit","mulțumit","mulțuzezi","ferinari","satisfied","happy"
"fermecător","atractiv","strâmtiv","mulþimecător","attractive","charming"
"festival","carnaval","carnalism","festitric","carnival","festival"
"fete","băieți","băfiri","felor","boys","girls"
"ficat","rinichi","riplici","fiţie","kidney","liver"
"film","porno","umano","firu","porn","movie"
"final","final","filie","filie","final","ultimate"
"finalizarea","sfârșit","sfârhan","finalizatôichi","end","finish"
"financiar","bancar","bangiu","fifloriciar","banking","financial"
"finanțare","financiar","fifloriciar","fireştițare","financially","financing"
"finanțarea","buget","bunie","fireştițarea","budget","funding"
"fiu","fiica","tweca","nău","daughter","son"
"fizic","sexual","seappeal","filul","sexual","physical"
"flacără","foc","kac","săzicără","fire","flame"
"floare","plantă","flectă","odrare","plant","flower"
"flota","naval","napun","teata","naval","fleet"
"fluid","lichid","lisand","flmud","liquid","fluid"
"fluier","corn","cohe","flufan","horn","whistle"
"foame","obosit","fessit","căpme","tired","hungry"
"foarte","extrem","exlraj","flicte","extremely","very"
"forta","putere","blestere","treta","strength","force"
"fotbal","baschet","spuchet","foleam","basketball","football"
"fotograf","autograf","autoceam","fotovers","autograph","photographer"
"fotografie","imagine","cresgine","fotograteşti","picture","photo"
"frânghie","lanţ","laşu","tracghie","chain","rope"
"frate","omule","plele","bește","dude","bro"
"frate","sora","niera","bește","sister","brother"
"fraudă","conspiraţie","congressraţie","niciudă","conspiracy","fraud"
"fraza","dicţionar","dimentnar","opoza","dictionary","phrase"
"frică","groază","doamză","mercă","horror","fear"
"fructe","măr","eyr","croate","apple","fruit"
"frumoasa","frumos","frugal","fruprinsa","pretty","beautiful"
"frumuseţe","farmec","farkis","frumutbal","charm","beauty"
"fugar","refugiat","refugicieni","futro","refugee","fugitive"
"funcţional","operațional","operaswatinal","funtămânal","operational","functional"
"fund","top","eap","yond","top","bottom"
"fund","cur","eir","yond","ass","butt"
"furculiţă","linguriţă","desfiguriţă","furgheaţă","spoon","fork"
"furie","furie","fuzat","fuzat","anger","rage"
"furios","gelos","gedii","furizezi","jealous","angry"
"furnică","albină","albitori","înţenică","bee","ant"
"furnizare","permite","islamite","schimnizare","enable","provide"
"furtun","pompa","hispa","spriun","pump","hose"
"furtună","vânt","vâff","ajusună","wind","storm"
"galaxie","univers","spavers","galaplat","universe","galaxy"
"galben","roșu","rozmo","galzor","red","yellow"
"gândi","considera","obiecsidera","pesdi","consider","think"
"garaj","atelier","scurlier","galin","workshop","garage"
"gard","perete","perecţio","gați","wall","fence"
"găsi","căutare","oportutare","tensi","search","find"
"gât","gât","upt","ilt","throat","neck"
"gaură","sparge","exerge","gaugati","crack","hole"
"generos","milos","migiu","genebuni","compassionate","generous"
"genunchi","umăr","umiţ","genenţei","shoulder","knee"
"ghinion","nefericit","neferidenţa","frenion","unfortunate","misfortune"
"global","naţional","naţiotezi","glorui","national","global"
"glonţ","calibru","calienii","glriţ","caliber","bullet"
"glorie","glorios","enerrios","edirie","glorious","glory"
"glumă","truc","trșă","asamă","trick","joke"
"gol","nud","fid","âul","nude","naked"
"gorilă","maimuţă","înţemuţă","gorizati","monkey","gorilla"
"gram","kilogram","kilomali","swam","kilo","gram"
"gratuit","liber","lilan","junctuit","freely","free"
"greaţă","diaree","diajuns","brusţă","diarrhea","nausea"
"grec","român","rogul","grjo","roman","greek"
"greşeală","eroare","ejecre","appleală","error","mistake"
"greu","greu","grop","graj","tough","hard"
"grevă","lovit","losal","chivă","hit","strike"
"griji","îngrijorare","înceţoşajorare","grvui","concern","worry"
"gros","subţire","sufloare","graj","thin","thick"
"grozav","excelent","excechii","grogdo","excellent","great"
"grup","bandă","gradă","grix","gang","group"
"grup","orchestră","orchescan","grix","orchestra","band"
"gun","puşcă","puşteţi","ean","rifle","gun"
"gunoi","gunoi","gutig","guvic","trash","garbage"
"guvern","administrare","adminisanywhere","guphin","administration","government"
"halucinaţie","iluzie","ilucut","halucinastanţă","illusion","hallucination"
"hamburger","sandwich","sangretch","obiecburger","sandwich","hamburger"
"hartă","busolă","buneaslă","pultă","compass","map"
"heroina","cocaină","corectnă","heffleyina","cocaine","heroin"
"hidrogen","carbon","carkar","hidrovici","carbon","hydrogen"
"hiv","sida","punda","nov","aids","hiv"
"homar","ton","ean","houli","tuna","lobster"
"homosexual","lesbiene","lesthorne","homosestanţial","lesbian","gay"
"iad","paradis","parateci","erd","paradise","hell"
"iarnă","vară","nieră","neşnă","summer","winter"
"idiot","prost","ftost","sălot","fool","idiot"
"ieftin","scump","wiump","iețiin","expensive","cheap"
"iepure","vulpe","bărpe","iepunând","fox","rabbit"
"ieri","azi","făi","xuri","today","yesterday"
"îmbrăţişare","sărut","săeni","îmclanşaţişare","kiss","hug"
"îmbunătăţire","schimbare","domnibare","îmbunătăţirevanşezi","change","improvement"
"imens","mare","matic","imvas","big","huge"
"împărat","imperial","imperiseste","împătezi","imperial","emperor"
"împărăție","regal","reluă","împărăceşti","royal","kingdom"
"imperiu","dinastie","ditructie","impetați","dynasty","empire"
"important","valoros","valoviți","impornesc","valuable","important"
"importanţă","sens","seur","importrați","meaning","importance"
"impresiona","flata","temta","impretenţina","flatter","impress"
"împrumut","credit","creral","împrunism","credit","loan"
"în cele din urmă","in cele din urma","in cele dintoşeşti","în cele dinrienţei","finally","eventually"
"în general","natural","natuzezi","în genminãm","naturally","generally"
"în jurul","rundă","akadă","în jrşti","round","around"
"în mod constant","mereu","meşăm","în mod clansoar","always","constantly"
"în mod voluntar","voluntar","volungesc","în mod voltorcând","volunteer","voluntarily"
"înalt","scăzut","onozut","acult","low","high"
"înălţime","greutate","tenhoutate","aranlţime","weight","height"
"înălțime","majestate","masculptate","reţițime","majesty","highness"
"încă","deja","demus","îngri","already","still"
"incapabil","incapacitatea","incapacitacăciuni","incapaseste","inability","unable"
"închide","deschis","descuto","înolande","open","close"
"închidere","deschidere","desofrandere","înofrandere","opening","closure"
"închis","blocat","puscat","înluim","locked","closed"
"închisoare","celulă","celuceas","închitanţere","cell","prison"
"încredere","respect","resplul","îndeshidere","respect","confidence"
"indica","punct","pudat","instruca","point","indicate"
"individual","persoană","perchelnă","indivistanţial","person","individual"
"infecţie","virus","vicle","inferiți","virus","infection"
"înfiorător","infricosator","instanţecosator","înfiorăcţiuni","scary","creepy"
"informa","raport","racent","inspecma","report","inform"
"informație","date","ieşte","informareşal","data","information"
"informator","sursă","clusă","informareşal","source","informant"
"înfrângere","victorie","agentorie","îngheţagere","victory","defeat"
"îngheţa","topi","tosy","îngeţii","melt","freeze"
"înghiţitură","cădere brusca","căderevansezsca","înclanşaţitură","drop","sip"
"îngropa","săpa","propa","înechipa","dig","bury"
"injecţie","doza","ghiza","injenati","dose","injection"
"înmormântare","sicriu","sişiri","înmordezvoltare","coffin","funeral"
"înot","îneca","jigca","însy","drown","swim"
"înregistrare","record","rebări","înregisoffshore","record","recording"
"insectă","păianjen","păianzolvi","inpăzită","spider","insect"
"însoți","escorta","esanunta","înghei","escort","accompany"
"inspecţie","examinare","schimminare","insperati","examination","inspection"
"inspirație","a inspira","ncrenspira","inspiraswati","inspire","inspiration"
"instrument","instrument","infragment","intainment","tool","instrument"
"întâlni","vedea","vetre","încţiuni","see","meet"
"întâlnire","conferinţă","confeziuni","înobraznire","conference","meeting"
"întâmpla","apar","toar","întâmmont","occur","happen"
"inteligent","inteligent","intelichizi","intelivrari","smart","intelligent"
"intenție","scop","scic","intenberg","purpose","intention"
"intentionat","accidental","accichrystal","intendenţănat","accidentally","intentionally"
"interesant","captivant","captibiei","interecurgi","exciting","interesting"
"interior","in afara","in afţâni","interiseste","outside","inside"
"interventie chirurgicala","a functiona","scienctiona","dezinterventie chirurgicala","operate","surgery"
"interzice","interzis","interffet","inoglinzice","forbidden","prohibit"
"intim","personal","persocuri","inmei","personal","intimate"
"întoarcere","înapoi","înaier","însprâncere","back","return"
"într-adevăr","de fapt","deffett","întradefrunt","actually","really"
"intrare","ieșire","ieutoare","inspecre","exit","entrance"
"întreținere","serviciu","servimani","înceţoşaținere","service","maintenance"
"intuiţie","instinct","inschett","infeldţie","instinct","intuition"
"întuneric","umbră","ummis","întunepofti","shadow","dark"
"investi","finanţa","fisinţă","instruti","finance","invest"
"investiga","examina","scrimina","instructiga","examine","investigate"
"investigator","analist","cullist","investigaranţii","analyst","investigator"
"investitor","bancher","bangeri","investicieni","banker","investor"
"iresponsabil","nerezonabil","nerezonadenţei","ntoarponsabil","unreasonable","irresponsible"
"ironic","ironie","înănie","ginnic","irony","ironic"
"iubit","amantă","aplată","iumar","mistress","lover"
"iulie","iunie","iubeº","iudai","june","july"
"jaf","furt","fuas","olf","theft","robbery"
"jalnic","mizerabil","mizeraseste","domnic","miserable","pathetic"
"jignița","insultă","incientă","atrinița","insult","offend"
"joc","joaca","lanca","tuc","play","game"
"jucărie","păpuşă","păpurezi","jucăloşi","doll","toy"
"jucător","antrenor","antredati","jucăreţi","coach","player"
"judecător","curte","nește","judecăneşti","court","judge"
"juliet","romeo","roriş","obţiet","romeo","juliet"
"junior","senior","senichiu","junichiu","senior","junior"
"jurământ","jura","trara","jutamâni","swear","oath"
"jurnalist","reporter","reflecter","jurnaruri","reporter","journalist"
"justiţie","răzbunare","schimbunare","justineau","revenge","justice"
"lac","râu","şau","erc","river","lake"
"lacăt","cheie","fraie","laţoi","key","lock"
"lăsa","permite","islamite","brasa","allow","let"
"lectura","seminar","semiteți","scârtura","seminar","lecture"
"legal","ilegal","şergal","lecha","illegal","legal"
"legendă","mit","ipt","leacordă","myth","legend"
"legume și fructe","crea","slea","legume și frchanski","create","produce"
"leu","balaur","balatici","dău","dragon","lion"
"liberal","conservator","conservacanţe","libezezi","conservative","liberal"
"lider","membru","mempic","lisle","member","leader"
"limba franceza","engleză","enbrînză","limbalanseznceza","english","french"
"limuzina","taxi","tafel","ligenţazina","taxi","limousine"
"ling","ming","migu","lidă","ming","ling"
"linge","a suge","nvăuge","cloge","suck","lick"
"literatură","artă","archi","dezmoşteratură","art","literature"
"local","regional","retamânal","lodra","regional","local"
"locație","loc","jac","locaturi","place","location"
"locotenent","sergent","serving","locotegoric","sergeant","lieutenant"
"lumânare","lampă","eşupă","luacţionare","lamp","candle"
"lume","internaţional","inemoţionaţional","lusul","international","world"
"luminos","strălucire","dezvalucire","lumiteau","shine","bright"
"lung","mic de statura","mic de staclanşez","lupu","short","long"
"lungime","mărimea","mărizati","chargime","size","length"
"lup","urs","ens","eap","bear","wolf"
"luptă","luptă","dortă","dortă","combat","fight"
"luptă","război","răzsla","dortă","war","battle"
"luptător","campion","apropion","oblitător","champion","fighter"
"magazin","magazin","magateam","magamers","shop","store"
"maioneză","ketchup","ketciai","ulrineză","ketchup","mayonnaise"
"mamă","adult","adypt","maşii","adult","parent"
"mămică","tata","dista","adormică","daddy","mum"
"mănăstire","orfelinat","orfelivrezi","măatlantire","orphanage","convent"
"mănăstire","templu","temvre","măatlantire","temple","monastery"
"mânca","a hrani","kvhrani","opeca","feed","eat"
"manipula","control","conthur","manitenţala","control","manipulate"
"marinar","pirat","pitul","marităti","pirate","sailor"
"marketing","publicitate","punishercitate","markesezi","advertising","marketing"
"marţi","luni","luze","mapar","monday","tuesday"
"mărturie","martor","marcei","avanturie","witness","testimony"
"mărturisi","admite","adbleste","schimturisi","admit","confess"
"masă","alimente","strămente","tinsă","food","meal"
"masa de pranz","gustare","dreptare","masa dstranţi","snack","lunch"
"masaj","yoga","ringa","macom","yoga","massage"
"mașină","vehicul","vehidian","marămână","vehicle","car"
"mașinărie","robot","rotin","mașinăscoci","robot","machine"
"matematică","fizică","fimească","matenenţiitică","physics","mathematics"
"maxim","minim","midat","macoş","minimum","maximum"
"mecanic","tehnic","sornic","mecaluri","technical","mechanical"
"meci","turneu","turdri","meha","tournament","match"
"medalie","trofeu","tromae","medaresc","trophy","medal"
"medalion","artefact","artetrou","meneştilion","artifact","medallion"
"medicament","alcool","alconari","medicatârul","alcohol","drug"
"menţine","presupune","desfăsupune","treţine","preserve","maintain"
"merge","introduce","inținânduce","drage","enter","go"
"mers pe jos","alerga","cresga","mers psetts","run","walk"
"mesaj","avertizare","desfătizare","mekel","warning","message"
"mesteca","a inghiti","a inghgdon","obliteca","swallow","chew"
"metal","fier","ficii","meții","iron","metal"
"metru","kilometru","kilomeneşti","melia","kilometer","meter"
"mic","puțin","puroc","fuc","little","small"
"mic dejun","masa de seara","masa de smulţim","mic drohia","dinner","breakfast"
"microfon","aparat foto","aparat fcreăm","microreti","camera","microphone"
"microscop","telescop","telesnanţa","microrism","telescope","microscope"
"milă","iertare","existare","misul","forgiveness","mercy"
"miliard","milion","militezi","milimesc","million","billion"
"militar","civil","cipra","milienii","civil","military"
"mincinos","minciună","minstrană","minciteau","lie","liar"
"ministerul","ambasadă","ambaaprindă","midamenterul","embassy","ministry"
"ministru","ambasador","ambasavanţi","miniscati","ambassador","minister"
"minunat","grozav","gropiă","minuclea","nice","lovely"
"minus","plus","ţius","miţân","plus","minus"
"minut","al doilea","al dosong","mised","second","minute"
"mireasă","mire","trare","miscrisă","groom","bride"
"miros","gust","guja","mişii","taste","smell"
"misiune","sarcină","autocină","minatine","task","mission"
"mister","secret","semeri","miscuu","secret","mystery"
"misto","cald","cadu","dacto","warm","cool"
"mizerie","sărăcie","sărățați","mizeloşi","poverty","misery"
"modest","umil","teil","mosimt","humble","modest"
"momeală","capcană","stricană","mosfâşială","trap","bait"
"monitor","ecran","ecwen","monizezi","screen","monitor"
"morfină","aspirină","asmosferină","stanfină","aspirin","morphine"
"mort","în viaţă","în vigweld","mogs","alive","dead"
"moşteni","patrimoniu","patrimoretti","abanteni","heritage","inherit"
"motel","hotel","houli","monit","hotel","motel"
"motor","rezervor","rezernent","moglo","tank","engine"
"mulțumiri","recunoscător","recunoscăcţiuni","schimțumiri","grateful","thank"
"muncă","loc de munca","loc de mproşez","trucă","job","work"
"muncitor","agricultor","olancultor","înţecitor","farmer","worker"
"munte","deal","degre","vârte","hill","mountain"
"murdar","neplăcut","neînţecut","lendar","nasty","filthy"
"muşchi","nervos","nersec","muicot","nerve","muscle"
"mutaţie","evoluţie","aparluţie","mutaturi","evolution","mutation"
"muzeu","bibliotecă","bilanţulotecă","mudha","library","museum"
"muzică","jazz","jabla","mumească","jazz","music"
"muzician","cântăreaţă","cântădomniţă","muzirați","singer","musician"
"nas","gură","triră","ers","mouth","nose"
"naţiune","țară","gotră","nadrazne","country","nation"
"navă","echipaj","echizis","nația","crew","ship"
"naviga","ancoră","ancocioa","naalerga","anchor","sail"
"navy","marin","matai","naplă","marine","navy"
"neasteptat","brusc","brpuc","sclateptat","suddenly","unexpectedly"
"nebun","paranoid","paranoteşti","nenoi","paranoid","crazy"
"necunoscut","anonim","gennim","necunostrezi","anonymous","unknown"
"negativ","pozitiv","poziceţi","negasesc","positive","negative"
"negru","alb","lub","nezov","white","black"
"neplăcut","incomod","incodish","neînţecut","uncomfortable","unpleasant"
"nepot","nepot","nebam","nerel","grandson","nephew"
"nepotrivit","nedreptate","nemulţutate","nepotriunghi","injustice","unfair"
"nevoie","necesar","necedent","nestraie","necessary","need"
"nisip","noroi","novem","niţat","mud","sand"
"nord","sud","hid","gurd","south","north"
"normal","sănătos","sănărind","norgăm","healthy","normal"
"nuclear","atomic","sammic","numţeam","atomic","nuclear"
"nume de familie","poreclă","poregeni","nume de faclanşând","nickname","surname"
"nuntă","logodnă","loatârnă","twetă","engagement","wedding"
"o largă","îngust","îngeni","o lalax","narrow","wide"
"oameni","populație","populakesho","oarici","population","people"
"obraz","buze","cieze","diraz","lip","cheek"
"ocean","mare","matic","occhn","sea","ocean"
"octombrie","septembrie","septemțați","octomchum","september","october"
"oficial","oficial","chelcial","chelcial","officially","official"
"oglindă","reflecţie","refletist","plătidă","reflection","mirror"
"om de stiinta","geniu","getal","om de stigheţăm","genius","scientist"
"onestitate","loialitate","loiadezvoltate","sfârşistitate","loyalty","honesty"
"onora","privilegiu","privileseşti","scăra","privilege","honor"
"opțiune","alegere","frângere","optarine","choice","option"
"oraș","capital","capicios","orwa","capital","city"
"orbită","planetă","cţiunetă","ordreptă","planet","orbit"
"ordin","comanda","coaborda","orsco","command","order"
"organiza","aranja","stânja","ormonseniza","arrange","organize"
"oribil","teribil","terisley","flabil","terrible","horrible"
"oţel","beton","becii","tzel","concrete","steel"
"ou","cuib","raib","ux","nest","egg"
"oxigen","aer","spr","tângen","air","oxygen"
"pa","buna ziua","buna zcleod","ță","hello","bye"
"pachet","plic","vâic","paceau","envelope","package"
"pădure","junglă","junnţa","stradure","jungle","forest"
"pălărie","cască","dincă","pălănţui","helmet","hat"
"pantof","cizme","civok","paneți","boot","shoe"
"paragraf","secțiune","secventne","parachii","section","paragraph"
"paranormal","supranatural","suemoţionatural","paranorseşti","supernatural","paranormal"
"parfum","ruj","anj","pardeț","lipstick","perfume"
"parola","cod","owd","paînşela","code","password"
"parte","recepţie","recerici","reste","reception","party"
"particulă","materie","matenesc","obiecticulă","matter","particle"
"pașaport","bilet","bioşi","pașarand","ticket","passport"
"pasăre","fluture","pierture","panieire","butterfly","bird"
"pasiune","entuziasm","entuzigriji","paratine","enthusiasm","passion"
"pat","canapea","canatron","zit","sofa","bed"
"patru ani","două","dovid","patrulumb","two","four"
"patrulare","gardian","gartism","parohialare","guard","patrol"
"pauză","lovitura","lostructura","furtuză","smash","break"
"pedeapsa cu închisoarea","penalizare","penalizaremorchea","dezgroapedeapsa cu închisoarea","penalty","imprisonment"
"penal","hoţ","iuţ","pelei","thief","criminal"
"penis","vagina","energina","peuti","vagina","penis"
"pentru totdeauna","etern","etcon","pendenţiitdeauna","eternal","forever"
"perfect","ideal","shoal","pernţat","ideal","perfect"
"performanţă","spectacol","arantacol","perforparzi","show","performance"
"pericol","risc","riod","peririți","risk","danger"
"periculos","riscant","avocant","pericurenţi","risky","dangerous"
"perimetru","rază","racol","perimeneşti","radius","perimeter"
"perioadă","fază","famie","perioakwood","phase","period"
"personalitate","caracter","calobster","transpisonalitate","character","personality"
"perspectivă","vedere","olandere","perchristivă","view","perspective"
"perturba","întrerupe","înmulţirupe","perspecba","interrupt","disturb"
"pescuit","vânătoare","vânăciunire","francuit","hunting","fishing"
"peşte","rechin","resuan","înote","shark","fish"
"petrece","deşeuri","deşedar","peinacce","waste","spend"
"piatră","rock","roney","lomtră","rock","stone"
"pictor","artist","ardian","rşetor","artist","painter"
"pilot","astronaut","astrocâie","pimel","astronaut","pilot"
"pilulă","comprimat","aproprimat","pilucrat","tablet","pill"
"pisică","câine","tilne","pisibili","dog","cat"
"pix","hârtie","pamtie","cax","paper","pen"
"placut","confortabil","condreaptabil","plator","comfortable","pleasant"
"planificare","pregătirea","pregătiglonţ","dezvolnificare","preparation","planning"
"plastic","ciment","cideti","gnostic","cement","plastic"
"plauzibil","explicaţie","explicabluri","monmouzibil","explanation","plausible"
"plecare","sosire","agresire","echicare","arrival","departure"
"plimbare","conduce","străduce","deţibare","drive","ride"
"plimbare","pui de somn","pui dsomnii","deţibare","nap","stroll"
"poartă","portal","destal","prântă","portal","gate"
"poem","text","tenh","ponoa","text","poem"
"poker","jocuri de noroc","jocuri de cienţii","poran","gambling","poker"
"politic","critic","mantic","polibrat","critical","political"
"politică","jurnalism","jurnachii","poatractică","journalism","politics"
"politician","politică","postructică","politiseşti","policy","politician"
"porc","vacă","născă","podi","cow","pig"
"port","dafin","dalec","pogs","bay","harbor"
"portocale","verde","epide","transtocale","green","orange"
"portofel","buzunar","buzuiesc","portoshaw","pocket","wallet"
"posibilitate","şansă","clăsă","posibilitatebracci","chance","possibility"
"poziţie","stare","aiure","pozituri","status","position"
"practic","literalmente","litenenţiimente","atratic","literally","practically"
"prădător","pradă","gendă","prădăreas","prey","predator"
"praf","frasin","adesin","pruk","ash","dust"
"predică","vorbire","elecbire","scandică","speech","sermon"
"premiu","nobel","noşit","prekon","nobel","prize"
"preot","călugăr","călulung","disot","monk","priest"
"presa","buton","buşim","loasa","button","press"
"președinte","cancelar","canceresc","preșeplătite","chancellor","president"
"presiune","puls","puag","prezentne","pulse","pressure"
"presupunere","concluzie","concludeau","dezvolsupunere","conclusion","assumption"
"preț","valoare","vapierre","prșc","value","price"
"prieteni","coleg","coram","desfăeteni","colleague","friend"
"prietenie","relaţie","relaturi","prietelepti","relationship","friendship"
"prietenos","politicos","polititiuni","prietelepti","polite","friendly"
"primar","secundar","segrăjdar","prives","secondary","primary"
"primar","şerif","şejah","prives","sheriff","mayor"
"prinţ","prinţesă","tranzasă","prmoţ","princess","prince"
"prizonier","ostatic","ostajezi","desfăzonier","hostage","prisoner"
"probabil","pot fi","swe fi","probanezi","maybe","probably"
"probabil","probabilitate","avanseababilitate","probanezi","probability","likely"
"problemă","probleme","protraume","proreasmă","trouble","problem"
"procedură","proces","proggy","manâncedură","process","procedure"
"proces","auz","kiz","proput","hearing","trial"
"procuror","avocat","bircat","procuduci","lawyer","prosecutor"
"producție","fabrică","fatoarcă","productori","factory","production"
"produs","marca","blica","proiam","brand","product"
"profesional","amator","ghitor","proferenţenal","amateur","professional"
"profesor","decan","detri","profetrul","dean","professor"
"profesor","student","stuteam","profetrul","student","teacher"
"program","proiect","proşeli","progani","project","program"
"programa","calendar","castiudar","proafirma","calendar","schedule"
"promisiune","garanție","garanduri","promicrobine","guarantee","promise"
"proprietar","chiriaş","nigeriaş","propriesenţi","tenant","landlord"
"proprietar","proprietate","dezmemprietate","propriesenţi","property","owner"
"prosop","pătură","cheltură","proxis","blanket","towel"
"prost","naiv","natä","pragt","naïve","stupid"
"prostie","nebunie","nebujori","trictie","madness","stupidity"
"protocol","regulă","regurați","protoieri","rule","protocol"
"prototip","model","mociu","protojări","model","prototype"
"provocare","obstacol","obstagger","schimvocare","obstacle","challenge"
"psihologic","medical","medinist","psiholoteşti","medical","psychological"
"psihologie","anatomie","anatotari","psiholoneşti","anatomy","psychology"
"public","mulțime","esențime","putili","crowd","audience"
"punte","cabină","cabitori","târte","cabin","deck"
"puternic","cu fermitate","cu fermitgământ","pupraznic","firmly","strongly"
"puternic","greu","grop","pupraznic","heavy","heavily"
"raccoon","veveriţă","vechiulriţă","racroși","squirrel","raccoon"
"rachetă","rachetă","rabilită","rabilită","rocket","missile"
"radiații","contaminare","ndreaptaminare","radiapãrat","contamination","radiation"
"rămâne","stau","stld","străne","stay","remain"
"rănire","răni","dini","cţiunire","wound","injury"
"răpi","răpi","răsy","răsy","kidnap","abduct"
"rapid","încet","înlzi","ragut","slow","fast"
"rareori","ocazional","rămâzional","raresley","occasionally","rarely"
"rasă","maraton","marajezi","rariu","marathon","race"
"răscumpărare","răpit","răren","răsplătitpărare","kidnapper","ransom"
"răspuns","răspuns","răsmânt","răsdang","answer","reply"
"rață","gâscă","dincă","uliță","goose","duck"
"rău","bun","îmn","juu","good","bad"
"războinic","soldat","omodat","schimboinic","soldier","warrior"
"reactor","generator","generaţiuni","reaccess","generator","reactor"
"real","adevărat","adevălesc","pţial","TRUE","real"
"realist","optimist","optiffer","reatori","optimistic","realistic"
"rece","fierbinte","fierpleşite","repro","hot","cold"
"recent","doar","riar","recuti","just","recently"
"recomanda","sfat","hyat","recoiscoada","advice","advise"
"recompensă","primă","asemă","recomntoarsă","bonus","reward"
"recunoștință","ospitalitate","ospitalitatebracci","dezminţirecunoștință","hospitality","gratitude"
"reduce","crește","coarte","recţioce","increase","reduce"
"rege","regină","regitimi","conge","queen","king"
"reîmprospăta","proaspăt","proastop","reîmblânzipăta","fresh","refresh"
"religie","filozofie","filozonanţă","relituri","philosophy","religion"
"remarcabil","excepţional","excerinţenal","remarcaffrey","exceptional","remarkable"
"reparație","fixați-l","fixablei","reparaswati","fix","repair"
"repede","încet","înlzi","reolande","slowly","quickly"
"reputatie","carieră","cauşoară","reputamorfi","career","reputation"
"restaurant","pub","wob","restauthern","pub","restaurant"
"revistă","joaca baiete","joaca bailanski","refruntă","playboy","magazine"
"rezonabil","fair","fama","rezonaneşti","fair","reasonable"
"rezultat","rezultat","reprentat","reavortat","result","outcome"
"rob","fura","fuzio","umb","steal","rob"
"rochie","fusta","satta","roghez","skirt","dress"
"roma","cezar","ceţit","farma","caesar","rome"
"romantic","dramatic","afirmatic","romanners","dramatic","romantic"
"roșie","cartof","carcăr","roträ","potato","tomato"
"roti","turn","tuje","lesti","turn","rotate"
"s-au cunoscut","recunoaşte","dezminţirecunoaşte","sau cunoderni","recognize","knew"
"sabotaj","spionaj","spioperi","sabolent","espionage","sabotage"
"sac","cutie","cufun","tuc","box","bag"
"sacou","cămaşă","cămament","sadid","shirt","jacket"
"salariu","pensiune","pendentne","salatați","pension","salary"
"salată","supă","suler","samenttă","soup","salad"
"salut","va felicit","va felgrezi","safos","congratulate","greet"
"salva","salvare","prinvare","menva","rescue","save"
"salvator","erou","erab","prinvator","hero","savior"
"șampanie","vin","ign","aculpanie","wine","champagne"
"samurai","ninja","sârja","samumont","ninja","samurai"
"şantaj","mită","părtă","şansha","bribe","blackmail"
"săptămână","lună","luţul","săpsplină","month","week"
"săptămânal","zilnic","gărnic","săpeternal","daily","weekly"
"sarcina","naștere","clovtere","eleccina","birth","pregnancy"
"sârmă","cablu","cadah","imumă","cable","wire"
"şarpe","vierme","viadulme","nonpe","worm","snake"
"sat","tabără","tagliară","nct","camp","village"
"satelit","radar","ramie","sateresc","radar","satellite"
"scandal","bârfă","itafă","scangle","gossip","scandal"
"scaun","masa","ponsa","preun","table","chair"
"şcoală","clasă","gămsă","ştiulă","class","school"
"scrie","citit","cipăm","ririe","read","write"
"scriitor","poet","poron","chelitor","poet","writer"
"scris","citind","cifici","sccăs","reading","writing"
"scrisoare","telegramă","teleziunimă","chelsoare","telegram","letter"
"scuză","iartă","erută","croză","forgive","excuse"
"seară","noapte","ngrite","pulră","night","evening"
"sediu","baza","batrâ","sefat","base","headquarters"
"șeful","administrator","administracţiuni","șeuri","manager","boss"
"selectați","alege","munge","selecford","choose","select"
"semn","formă","asemă","seaf","form","sign"
"semnal","frecvență","afirvență","garnal","frequency","signal"
"semnătură","timbru","irebru","montanătură","stamp","signature"
"senat","parlament","parlatori","serin","parliament","senate"
"senator","guvernator","guacţionator","senament","governor","senator"
"sensibil","delicat","delippov","agresibil","delicate","sensitive"
"sentiment","impresie","impretesc","sentitori","impression","feeling"
"seringă","ac","rm","sezinţi","needle","syringe"
"servitoare","nanny","opuny","serviziunire","nanny","maid"
"servitorul","sclav","scârv","transvitorul","slave","servant"
"sete","foame","săpme","tante","hunger","thirst"
"sfert","jumătate","juorientate","dyert","half","quarter"
"sifon","limonadă","liinundă","sipul","lemonade","soda"
"sigur","sigur","sireţ","sisan","safe","secure"
"siguranță","securitate","seminţiaritate","sigudiuriță","security","safety"
"simbol","steag","strâg","simviş","flag","symbol"
"simplu","pur şi simplu","pur şi sginţi","simgus","simply","simple"
"sincer","decent","decuti","sindus","decent","honest"
"sindrom","simptom","simpgre","sincrie","symptom","syndrome"
"singuratic","singur","sinţat","singuraseste","alone","lonely"
"sistem","reţea","renoa","sisdia","network","system"
"slab","puternic","pupraznic","slup","strong","weak"
"slănină","paine prajita","paine prajproşez","avannină","toast","bacon"
"sniper","shooter","aparoter","betper","shooter","sniper"
"soare","luna","lutio","caure","moon","sun"
"şobolan","mouse","furtuse","şoboford","mouse","rat"
"solar","lunar","lucim","sonii","lunar","solar"
"sondă","capsulă","pleasulă","bisdă","capsule","probe"
"şopârlă","broască","enească","şoscoală","frog","lizard"
"sos","cremă","digmă","ebs","cream","sauce"
"soție","soț","inț","souri","husband","wife"
"spaghete","lasagna","laeterna","spatialte","lasagna","spaghetti"
"spalare","curat","cuţii","înşelare","clean","wash"
"spate","față","tință","brite","front","rear"
"specialist","expert","excard","speciaruri","expert","specialist"
"spectaculos","senzaţional","senzathrasnal","desfătaculos","sensational","spectacular"
"speranța","cuvânt","cumens","speschița","word","sentence"
"speria","a speria","a sphaps","specţi","scare","frighten"
"spirit","suflet","sugels","lhărit","soul","spirit"
"sport","hobby","hobiesc","reort","hobby","sport"
"spune","spune","biene","itine","say","tell"
"sta","stand","stred","mna","stand","sit"
"stânga","dreapta","greşita","specga","right","left"
"stat","federal","fedefini","reat","federal","state"
"statie","platformă","huliformă","rantie","platform","station"
"statuie","monument","monucşoa","prostuie","monument","statue"
"stea","celebritate","celedezvoltate","tuea","celebrity","star"
"sticla","sticlă","stifez","stinay","glass","bottle"
"știi","acum","acrã","zhii","now","know"
"ştiinţă","tehnologie","chrisnologie","lipinţă","technology","science"
"stil","ritm","rimp","stun","rhythm","style"
"știri","canal","cales","wyiri","channel","news"
"stop","împiedica","îmbracidica","strs","prevent","stop"
"stradă","bulevard","bulepoli","monadă","avenue","street"
"străin","ozn","șin","autoin","ufo","alien"
"strategie","plan","ţian","noastegie","plan","strategy"
"structura","piramidă","piramisiuni","desfitura","pyramid","structure"
"studiu","cercetare","transcetare","bradiu","research","study"
"subiect","obiect","obuzct","subrist","object","subject"
"substitui","a inlocui","a inldion","substicesc","replace","substitute"
"suc","lapte","olite","asc","milk","juice"
"suficient","suficient","sufidenţi","suficanţi","enough","sufficient"
"sugera","propune","scalpune","plângera","propose","suggest"
"sunet","zgomot","plãmot","sural","noise","sound"
"superior","inferior","instrucrior","superiseste","lower","upper"
"suprafaţă","strat","stânt","sunightfaţă","layer","surface"
"supravieţui","trăi","trșe","supravitress","live","survive"
"surd","orb","tib","suța","blind","deaf"
"sursa de venit","profit","protry","sursa de ghorns","profit","income"
"sus","jos","căs","rls","down","up"
"suspect","îndoială","înpreţuială","susmeai","doubt","suspect"
"sută","mie","tue","sugru","thousand","hundred"
"tăcere","tăcut","tăzie","inaccere","silent","silence"
"talent","potenţial","poneţulal","talism","potential","talent"
"tata","unchiul","untains","dista","uncle","dad"
"tată","mamă","masli","tarea","mother","father"
"teatru","cinema","ciafirma","lontru","cinema","theater"
"tehnică","metodă","metocrat","scannică","method","technique"
"telefon","apel","tiel","telenard","call","telephone"
"televiziune","radio","ranah","televimontagne","radio","television"
"temperatura","căldură","odihdură","farscaperatura","heat","temperature"
"temporizator","detonator","detonalisti","răzgânporizator","detonator","timer"
"tenis","golf","goow","tetei","golf","tennis"
"teorie","idee","idlt","teoteci","idea","theory"
"test","experiment","experinichi","teță","experiment","test"
"țesuturi","piele","serle","țesucesc","skin","tissue"
"ţigară","tutun","leiun","aprogară","tobacco","cigarette"
"tine minte","a uita","a udali","tine miplist","forget","remember"
"tineri","vechi","vefui","tifici","old","young"
"titlu","nume","nurat","tilye","name","title"
"toamnă","primăvară","adoarmăvară","fortnă","spring","autumn"
"tornadă","uragan","opogan","schuadă","hurricane","tornado"
"tort","desert","dethat","tosu","dessert","cake"
"tortura","chin","blin","cheltura","torment","torture"
"trabuc","fum","uim","trazir","smoke","cigar"
"trădător","spion","calon","trădădeai","spy","traitor"
"tradiţional","modern","mokels","tradivorţanal","modern","traditional"
"trage","apăsați","apăseam","conge","push","pull"
"trage","lovitură","lostructură","conge","shot","shoot"
"tragic","trist","trhit","tralei","sad","tragic"
"transfer","mișcare","fraccare","transgit","move","transfer"
"transmiţător","senzor","senari","mulţumiţător","sensor","transmitter"
"tratament","terapie","terazati","tratabili","therapy","treatment"
"trecut","viitor","viinici","noscut","future","past"
"trei","unu","biu","trul","one","three"
"trimite","aduce","torce","islamite","bring","send"
"triplu","dubla","avala","trique","double","triple"
"triunghi","cerc","celk","tricurgi","circle","triangle"
"tron","coroană","codemână","fton","crown","throne"
"tunel","pod","hed","tulam","bridge","tunnel"
"tunet","fulger","fulbri","tulăm","lightning","thunder"
"ucide","otravă","sprivă","prede","poison","kill"
"uimitor","impresionant","impresiotrezi","uiminati","impressive","amazing"
"ulei","cărbune","plasbune","văei","coal","oil"
"ultimul","primul","pricii","ultiinţe","first","last"
"uman","om","lã","kran","man","human"
"umed","uscat","ussef","umfu","dry","wet"
"undeva","în altă parte","în altă pcleşug","unechiva","elsewhere","somewhere"
"unic","special","spechow","unty","special","unique"
"uniformă","insigna","introvna","straformă","badge","uniform"
"universitate","colegiu","coleceţi","dezvolversitate","college","university"
"unt","miere","israere","şit","honey","butter"
"urât","digunting","digunseste","urej","digusting","ugly"
"ureche","ochi","blhi","bhache","eye","ear"
"urină","sânge","varge","glonă","blood","urine"
"urmarire","urma","urţii","urmapanzere","follow","chase"
"uşă","fereastră","fecioatră","sfă","window","door"
"ușoară","întuneric","întuneplăti","speară","darkness","light"
"uşor","imposibil","imposilenţi","ipor","impossible","easy"
"utilizare","aplica","aresca","desfălizare","apply","use"
"vacanţă","crăciun","derciun","vatanþã","christmas","holiday"
"vaccin","antidot","antileri","plãcin","antidote","vaccine"
"vale","deşert","detart","comle","desert","valley"
"valiză","servietă","transvietă","valitati","briefcase","suitcase"
"vampir","zombie","visbie","vamtee","zombie","vampire"
"van","remorcă","recorte","ovn","trailer","van"
"vanilie","scorţişoară","atenţişoară","vaninesc","cinnamon","vanilla"
"vânzare","licitaţie","licitarasti","cheazare","auction","sale"
"vărul","relativ","relament","văţia","relative","cousin"
"veniți","ajunge","acorge","vedari","arrive","come"
"ventilare","supapă","supasesc","christilare","valve","ventilation"
"venus","marte","sulte","vemez","mars","venus"
"verifica","verifica","verisesteca","verisesteca","check","verify"
"victorie","câştig","câşpes","scortorie","gain","win"
"video","dvd","ald","vivil","dvd","video"
"vinde","cumpără","apropără","bomde","buy","sell"
"vindeca","recupera","reaproapera","alerdeca","recover","heal"
"vinovat","nevinovat","nevinodămân","vinorând","innocent","guilty"
"vis","coșmar","ăžnmar","ams","nightmare","dream"
"vitamina","proteină","damenteină","vimulţumina","protein","vitamin"
"viteză","distanţă","disrinţe","viprinză","distance","speed"
"viziune","revelatie","revelakesho","vichelne","revelation","vision"
"vodcă","whisky","ilusky","stycă","whiskey","vodka"
"vorbi","vorbi","evabi","musbi","talk","speak"
"vot","majoritate","marţieniritate","ust","majority","vote"
"vrăjitoare","blestem","avertem","domnijitoare","curse","witch"
"vrednic","merita","meneasta","aceanic","deserve","worthy"
"vreodată","nu","dy","acusdată","never","ever"
"watson","sherlock","exhulock","akason","sherlock","watson"
"web","internet","intermain","năb","internet","web"
"western","southern","souteţul","goltern","southern","western"
"wizard","magie","masea","wiborn","magic","wizard"
"zăpadă","ploaie","scraie","ghimpadă","rain","snow"
"zbor","aterizare","domnirizare","vuor","landing","flight"
"zdrobi","zgârietură","răsfăetură","dhrobi","scratch","bruise"
"zi de nastere","aniversare","strânversare","zi de nasfrângi","anniversary","birthday"
"ziar","articol","artilezi","ziby","article","newspaper"
"zona","zonă","ceană","merna","area","zone"
