"zh_cue","zh_target","zh_fake_cue","zh_fake_target","en_cue","en_target"
"实际上","真的","不子","工警","actually","really"
"钦佩","欣赏","細攜","角刷","admire","appreciate"
"代理人","侦探","索參","續候","agent","detective"
"艾滋病","艾滋病病毒","撤教","刀過","aids","hiv"
"空气","氧","主水","體意","air","oxygen"
"酒精","药品","輕子","勒石","alcohol","drug"
"允许","让","樸鑑","被滴","allow","let"
"独自的","孤独","舊子","如機","alone","lonely"
"已经","仍然","宏止","殉繫","already","still"
"总是","不断地","叱詳","史擊","always","constantly"
"大使","部长","選苦","孽區","ambassador","minister"
"救护车","直升机","存養","骨攀","ambulance","helicopter"
"天使","魔鬼","同確","務賓","angel","devil"
"匿名的","未知","注躋","題染","anonymous","unknown"
"解毒剂","疫苗","方僕","獸簡","antidote","vaccine"
"申请","采用","投景","貴救","apply","use"
"到达","来","網行","長磁","arrive","come"
"伪影","奖章","奇休","然分","artifact","medallion"
"吸引人的","迷人","用科","鍵進","attractive","charming"
"作者","演员","瘦貴","打曆","author","actor"
"签名","摄影师","藥魅","心着","autograph","photographer"
"尸检","分析","潮道","超獲","autopsy","analysis"
"香蕉","草莓","賭飽","官政","banana","strawberry"
"银行家","投资者","徵毀","越凌","banker","investor"
"银行业","金融的","文蔗","箱通","banking","financial"
"湾","港口","繳枝","刻方","bay","harbor"
"兽","动物","酸臉","手橋","beast","animal"
"蜜蜂","蚂蚁","戰族","孫趕","bee","ant"
"诞生","怀孕","毒點","狗著","birth","pregnancy"
"男孩们","女孩们","認願","日型","boys","girls"
"布拉沃","阿爾法","高國","認語","bravo","alpha"
"公文包","手提箱","修藤","苦微","briefcase","suitcase"
"棕色的","蓝色","著凸","詭積","brown","blue"
"舱","甲板","部領","眼說","cabin","deck"
"口径","子弹","不蝌","步藝","caliber","bullet"
"称呼","电话","莽讓","置魂","call","telephone"
"狂欢","节日","飯掩","穿戲","carnival","festival"
"天主教","基督教","商斃","菜打","catholic","christian"
"名人","星星","稱擊","蜜多","celebrity","star"
"水泥","塑料","演謀","斷量","cement","plastic"
"冠军","战斗机","關態","黑着","champion","fighter"
"校长","总统","了病","剛子","chancellor","president"
"改变","改进","養殯","古臥","change","improvement"
"渠道","消息","色動","花敲","channel","news"
"芯片","设备","處玫","看解","chip","device"
"圣诞节","假期","鏽戰","空立","christmas","holiday"
"干净的","洗","求倒","實場","clean","wash"
"清楚地","明显地","細插","殺殞","clearly","obviously"
"布","手帕","獵笑","出見","cloth","handkerchief"
"云","多雾路段","像商","底射","cloud","fog"
"教练","播放器","表察","腸策","coach","player"
"煤炭","油","發警","怨密","coal","oil"
"棺材","葬礼","變怒","進登","coffin","funeral"
"战斗","斗争","念手","禁塵","combat","fight"
"自在","令人愉快的","花學","親不","comfortable","pleasant"
"命令","命令","向間","字葉","command","order"
"商业的","商人","搶張","上況","commercial","merchant"
"竞赛","锦标赛","巨舉","鼻叔","competition","championship"
"抱怨","指控","心羊","酒閉","complaint","accusation"
"忧虑","担心","巧遞","出搗","concern","worry"
"结论","假设","聲搵","涉將","conclusion","assumption"
"祝贺","迎接","感下","除芳","congratulate","greet"
"考虑","思考","勘卜","先聰","consider","think"
"建造","建造","做堡","咐掉","construction","build"
"包含","内容","利一","賊酸","contain","content"
"控制","操纵","社蟲","行拘","control","manipulate"
"角落","胡同","實守","妒速","corner","alley"
"数数","计算","恨值","徵抗","count","calculate"
"覆盖","隐藏","惡閒","手谷","cover","hide"
"裂缝","洞","礙木","食視","crack","hole"
"奶油","酱","意員","少常","cream","sauce"
"创建","生产","廁暢","風墮","create","produce"
"创建","毁灭","白挨","人譯","creation","destruction"
"危急","政治的","聽局","體觀","critical","political"
"王冠","王座","刑指","肺假","crown","throne"
"当前的","电","持標","齦性","current","electricity"
"爸","妈","狂貨","漏狀","daddy","mum"
"黑暗","光","至行","袒茗","darkness","light"
"死亡","消失","習諱","朱佩","death","disappearance"
"体面的","诚实的","徑調","藍典","decent","honest"
"描述","表示","壓底","答飯","describe","express"
"沙漠","谷","乘瞞","勸盈","desert","valley"
"欲望","希望","消降","雅出","desire","wish"
"探索","丑陋的","德念","救膠","digusting","ugly"
"距离","速度","怕慵","酒擊","distance","speed"
"怀疑","怀疑","機印","預輕","doubt","suspect"
"下","向上","歲評","族底","down","up"
"龙","狮子","逃獎","考冷","dragon","lion"
"戏剧性","浪漫的","譯打","記細","dramatic","romantic"
"降低","啜","受敗","柵讚","drop","sip"
"地震","爆炸","出後","皮住","earthquake","explosion"
"别处","某处","亡利","崩神","elsewhere","somewhere"
"大使馆","部","切機","伸形","embassy","ministry"
"结尾","结束","簽大","間講","end","finish"
"足够的","充足的","敬髓","見情","enough","sufficient"
"进入","走","外過","曲落","enter","go"
"信封","包裹","工配","進拌","envelope","package"
"永恒","永远","鑿無","快舌","eternal","forever"
"邪恶","残酷","存尋","抽要","evil","cruelty"
"检查","调查","妻得","護讀","examine","investigate"
"优秀","伟大的","登價","有咱","excellent","great"
"极其","非常","飯料","光嬰","extremely","very"
"工厂","生产","磚豐","令躲","factory","production"
"伪造的","错误的","把捶","此芭","fake","FALSE"
"农民","工人","太飯","綁艷","farmer","worker"
"联邦","状态","弄公","期酒","federal","state"
"保真","奉献","腿吹","便瑩","fidelity","devotion"
"金融","投资","起夫","情精","finance","invest"
"公司","机构","船意","氣寡","firm","agency"
"第一的","最后的","同斃","獄養","first","last"
"旗帜","象征","母筆","井秀","flag","symbol"
"流感","疾病","回得","間慘","flu","disease"
"跟随","追赶","理壇","步領","follow","chase"
"原谅","借口","允面","收統","forgive","excuse"
"饶恕","怜悯","遺碟","豬歎","forgiveness","mercy"
"形式","标志","妥源","柔近","form","sign"
"获得","赢","兒下","營插","gain","win"
"天才","科学家","錢射","排貨","genius","scientist"
"手势","行为","銷靡","召男","gesture","act"
"眼镜","帽","裏留","泛僧","glasses","cap"
"上帝","神圣","格地","引濕","god","divine"
"抓住","抓住","巨當","不流","grab","catch"
"孙子","侄子","動置","生索","grandson","nephew"
"感激","谢谢","著臼","一賽","grateful","thank"
"绿色","橘子","電手","角約","green","orange"
"手","手臂","滾實","細閉","hand","arm"
"绞刑","执行","效海","花議","hanging","execution"
"健康","教育","惹仙","城伴","health","education"
"健康","普通的","搖優","枝含","healthy","normal"
"听力","审判","小起","漿手","hearing","trial"
"你好","再见","酵歌","蝕軟","hello","bye"
"帮助","助攻","骨警","有起","help","assist"
"这里","那里","革哮","突實","here","there"
"遗产","继承","清給","供士","heritage","inherit"
"英雄","救主","近茶","痛誤","hero","savior"
"聘请","租","字荼","奴慣","hire","rent"
"抓住","保持","地承","嫂隱","hold","keep"
"蜜糖","黄油","市指","飯自","honey","butter"
"希望","信仰","征膩","家摺","hope","faith"
"恐怖","恐惧","所繁","小身","horror","fear"
"打猎","钓鱼","念美","徹觀","hunting","fishing"
"错觉","幻觉","空干","素訓","illusion","hallucination"
"印象","感觉","紐看","魔閉","impression","feeling"
"行业","商业","要向","鐘調","industry","business"
"不公正","不公平","等口","條示","injustice","unfair"
"国际的","世界","印綱","匯霧","international","world"
"吉普车","卡车","題人","望纏","jeep","truck"
"只是","最近","冰修","拆友","just","recently"
"土地","飞","司好","對切","land","fly"
"图书馆","博物馆","成焚","木良","library","museum"
"闪电","雷","業右","耍新","lightning","thunder"
"液体","体液","幫棄","尖族","liquid","fluid"
"小的","小的","打焙","侄車","little","small"
"锁定","关闭","刑餵","化炮","locked","closed"
"看","手表","誡獵","師藏","look","watch"
"主","淑女","受痠","粗寄","lord","lady"
"失败者","优胜者","白耳","缺觸","loser","winner"
"低的","高的","緊子","金景","low","high"
"忠诚","诚实","燒偵","會甲","loyalty","honesty"
"魔法","巫师","助寶","某遊","magic","wizard"
"磁的","电的","聲荒","搖璀","magnetic","electric"
"邮件","传真","化常","皇斑","mail","fax"
"制作","做","事活","藉玄","make","do"
"经理","老板","偏香","因炊","manager","boss"
"人","人类","猛實","足終","man","human"
"火星","金星","手者","場然","mars","venus"
"事情","粒子","好枝","芳視","matter","particle"
"可能是","大概","跌北","以答","maybe","probably"
"意义","重要性","走壓","破分","meaning","importance"
"医疗的","心理","堂充","出粒","medical","psychological"
"英里","厘米","食走","戰伸","mile","centimeter"
"牛奶","果汁","店捐","時人","milk","juice"
"百万","十亿","睾傳","加爹","million","billion"
"明","凌","碼閉","飲街","ming","ling"
"现代的","传统的","結嗓","胃角","modern","traditional"
"移动","转移","燒撫","皇歌","move","transfer"
"幼稚的","愚蠢的","餘曲","下滅","naïve","stupid"
"姓名","标题","壓而","個線","name","title"
"国家的","全球的","禮下","呆管","national","global"
"靠近","远的","確寂","在監","near","far"
"必要的","需要","男趕","出樞","necessary","need"
"巢","蛋","法驅","級洗","nest","egg"
"绝不","曾经","費疫","咁子","never","ever"
"好的","迷人的","奠異","累童","nice","lovely"
"忍者","武士","氣期","板時","ninja","samurai"
"高贵","勇敢的","現橋","鋼泡","noble","brave"
"一般","通常","部興","義加","normally","usually"
"没有","某物","歸爭","世鼻","nothing","something"
"十一月","十二月","手管","很礦","november","december"
"现在","知道","聖災","橫價","now","know"
"观察","评估","陷水","牛夫","observation","evaluation"
"提供","给","棚笨","孫他","offer","give"
"好的","是的","示祇","早同","okay","yeah"
"老的","年轻","濫辦","餬屑","old","young"
"一","三","除女","色銬","one","three"
"打开","关闭","拔散","開記","open","close"
"开幕式","关闭","線市","取怪","opening","closure"
"操作","手术","需攬","開跌","operate","surgery"
"观点","态度","靠關","範鮮","opinion","attitude"
"乐观的","实际的","小貌","遷夜","optimistic","realistic"
"乐队","乐队","倡疊","陀木","orchestra","band"
"普通的","通常","飛隱","聽擠","ordinary","usual"
"原版的","复制","示子","謬精","original","copy"
"出去","关于","成賽","身食","out","about"
"外部","里面","美平","著更","outside","inside"
"画","画","錯鳴","榨抑","paint","draw"
"天堂","地狱","夢庵","代弱","paradise","hell"
"偏执狂","疯狂的","詞步","質彩","paranoid","crazy"
"议会","参议院","伏催","美囑","parliament","senate"
"病人","客户","重隱","墓冰","patient","client"
"人","个人","罰輩","絕僭","person","individual"
"现象","事件","贈光","農關","phenomenon","event"
"哲学","宗教","單錯","柳教","philosophy","religion"
"物理","数学","匯觀","重股","physics","mathematics"
"野餐","野营","濕礎","節相","picnic","camping"
"手枪","武器","煞邊","掠庶","pistol","weapon"
"地方","地点","地虎","尾舅","place","location"
"行星","轨道","通實","王損","planet","orbit"
"花花公子","杂志","跳純","但葉","playboy","magazine"
"加","减","難金","姿刀","plus","minus"
"观点","表明","票痛","味半","point","indicate"
"毒","杀","珍標","評山","poison","kill"
"政策","政治家","縣片","台疊","policy","politician"
"人口","人们","得種","喻淺","population","people"
"门户网站","门","單天","數拱","portal","gate"
"准备","规划","貢洗","親碎","preparation","planning"
"漂亮","美丽的","禍定","問水","pretty","beautiful"
"猎物","掠夺者","止眾","還爹","prey","predator"
"可能性","可能是","傲夫","餐行","probability","likely"
"进步","发展","使目","席果","progress","development"
"项目","程序","典內","向倒","project","program"
"财产","所有者","於陰","容估","property","owner"
"自豪的","兴奋的","木意","定品","proud","excited"
"酒吧","餐厅","氣鬍","到原","pub","restaurant"
"脉冲","压力","進金","兔量","pulse","pressure"
"惩治","逮捕","抵滅","排黨","punish","arrest"
"题","问","殺還","警得","question","ask"
"种族主义的","共产","姪富","治雜","racist","communist"
"读","写作","魚手","乳鐵","reading","writing"
"原因","原因","耐客","框羊","reason","cause"
"认出","知道","特子","來扉","recognize","knew"
"难民","逃亡者","光麥","刊塵","refugee","fugitive"
"相对的","表哥","可國","接慕","relative","cousin"
"代替","代替","讖違","憤誠","replace","substitute"
"报告","通知","士趾","久雷","report","inform"
"尊重","信心","條傲","籃勉","respect","confidence"
"责任","义务","後豬","賬訪","responsibility","duty"
"休息","睡觉","捐壇","盆字","rest","sleep"
"启示","想象","冷喜","荒質","revelation","vision"
"韵律","风格","公查","訪亡","rhythm","style"
"正确的","剩下","壯來","早區","right","left"
"有风险","危险的","奏款","諷碳","risky","dangerous"
"路","高速公路","聲運","具宵","road","highway"
"圆形的","大约","乾撤","橫單","round","around"
"皇室","王国","掉早","轉城","royal","kingdom"
"规则","协议","土抱","存片","rule","protocol"
"朗姆酒","科涅克白兰地","放鰾","重成","rum","cognac"
"伤心","悲惨","在禍","封法","sad","tragic"
"周六","星期日","落言","菜稿","Saturday","Sunday"
"说","告诉","上湛","志而","say","tell"
"刮","挫伤","衝巢","責直","scratch","bruise"
"屏幕","监视器","平癢","本胃","screen","monitor"
"第二","分钟","煙琢","讀惶","second","minute"
"秘密","神秘","在為","免午","secret","mystery"
"看","遇到","靠任","毛平","see","meet"
"性","身体的","低得","償出","sexual","physical"
"阴影","黑暗的","講門","原交","shadow","dark"
"显示","表现","電掉","塢通","show","performance"
"相似的","不同的","足次","窮甲","similar","different"
"罪","犯罪","老餐","厭革","sin","crime"
"单身的","已婚","滾冊","積飯","single","married"
"尺寸","长度","傳官","肉犯","size","length"
"天空","天上","聲起","譯圍","sky","heavenly"
"粉碎","休息","獨託","手卉","smash","break"
"抽烟","雪茄","放打","法纖","smoke","cigar"
"有时","经常","工播","派聲","sometimes","often"
"汤","沙拉","歷茶","逐贏","soup","salad"
"资源","整理车","況炮","場鋼","source","informant"
"体育场","棒球","債上","白陶","stadium","baseball"
"偷","抢","編河","侍路","steal","rob"
"戳","锤子","角報","娘久","stick","hammer"
"力量","力量","證中","夫毒","strength","force"
"压力","沮丧","授候","個書","stress","depression"
"固执的","自私","倒長","使儉","stubborn","selfish"
"潜艇","船","擬心","後青","submarine","boat"
"痛苦","疼痛","緊主","喪胚","suffering","pain"
"症状","综合征","忙北","頭答","symptom","syndrome"
"坦克","引擎","鼓處","幽千","tank","engine"
"出租车","豪华轿车","兵訪","烈宮","taxi","limousine"
"眼泪","切","證常","喜禦","tear","cut"
"文本","诗","考健","動從","text","poem"
"贼","刑事","墓眼","民商","thief","criminal"
"薄的","厚的","市撇","理箱","thin","thick"
"第三","第四","晚升","應萄","third","fourth"
"吐司","熏肉","色身","肅位","toast","bacon"
"烟草","香烟","躍事","田過","tobacco","cigarette"
"洗手间","下沉","兇祈","岳乾","toilet","sink"
"明天","早晨","都書","劇投","tomorrow","morning"
"比赛","匹配","傳鈪","預樹","tournament","match"
"预告片","班","柵一","拔課","trailer","van"
"诡计","玩笑","協壞","好交","trick","joke"
"真的","真实的","疲判","諷師","TRUE","real"
"相信","相信","起型","罪迸","trust","believe"
"尝试","试图","密嫌","進雙","try","attempt"
"转动","旋转","非居","鞭喘","turn","rotate"
"二","四","房於","侵櫃","two","four"
"飞碟","外星人","場良","客薑","ufo","alien"
"叔叔","爸爸","拼軍","無庇","uncle","dad"
"不舒服","不愉快","空望","交涼","uncomfortable","unpleasant"
"有用","有效的","還戲","黑時","useful","effective"
"价值","价钱","收歧","頭生","value","price"
"等待","预计","武贈","點視","wait","expect"
"温暖的","凉爽的","類秋","道難","warm","cool"
"警告","信息","注私","誡頭","warning","message"
"什么","那","說街","餘水","what","that"
"威士忌酒","伏特加","送年","國入","whiskey","vodka"
"寡妇","女士","文女","醫運","widow","woman"
"机智","有趣的","審口","蔬匣","witty","funny"
"单词","句子","拍歌","及名","word","sentence"
"南","北","盈滑","撬辦","south","north"
"西","东方","世雞","意牌","west","east"
"白色的","黑色的","前嫂","遊錦","white","black"
"积极的","消极的","如整","益景","positive","negative"
"红色的","黄色的","稅掠","破稿","red","yellow"
"英语","法语","瓜巴","壯嘴","english","french"
"公主","王子","稻柔","選開","princess","prince"
"母亲","父亲","數敗","奸飛","mother","father"
"读","写","視改","河早","read","write"
"狗","猫","求凝","脫面","dog","cat"
"女王","国王","置走","用子","queen","king"
"强的","虚弱的","猜降","劃宅","strong","weak"
"一般的","上校","聯場","發修","general","colonel"
"省长","参议员","實慘","意啄","governor","senator"
"外科医生","医生","以省","路疚","surgeon","doctor"
"姐姐","兄弟","藝配","循伴","sister","brother"
"清白的","有罪","嗆室","哲影","innocent","guilty"
"学生","老师","刊恨","巾事","student","teacher"
"自杀","谋杀","耐閉","眼論","suicide","murder"
"女孩","男生","諱露","晚化","girl","boy"
"医院","诊所","台蟹","衝問","hospital","clinic"
"酒店","汽车旅馆","下出","錯平","hotel","motel"
"风险","危险","重末","重雀","risk","danger"
"离婚","婚姻","鬆池","相衫","divorce","marriage"
"指挥官","队长","個拿","光亂","commander","captain"
"瘤","癌症","雙清","好呼","tumor","cancer"
"热的","寒冷的","深鏈","帶海","hot","cold"
"火车","公共汽车","驚界","距脈","train","bus"
"男性","女性","愉卵","迂線","male","female"
"车辆","车","損水","點慌","vehicle","car"
"铁","金属","子誤","幕舞","iron","metal"
"可卡因","海洛因","浪巾","成給","cocaine","heroin"
"神话","传奇","陶水","搥殼","myth","legend"
"发电机","反应堆","上仙","繼念","generator","reactor"
"主意","理论","耍截","級詞","idea","theory"
"恨","爱","花袱","力衛","hate","love"
"大学","大学","液急","同蔔","college","university"
"风","风暴","單沮","住看","wind","storm"
"夏天","冬天","配天","房動","summer","winter"
"炸弹","爆炸性","食除","喜太","bomb","explosive"
"剑","刀","殆單","少喜","sword","knife"
"军士","中尉","犬依","覓羞","sergeant","lieutenant"
"同事","朋友","情板","心子","colleague","friend"
"生产者","导向器","刻配","兜肋","producer","director"
"理想的","完美的","倒心","演亮","ideal","perfect"
"蝴蝶","鸟","孤語","家題","butterfly","bird"
"婴儿","孩子","汐喜","要燭","baby","child"
"听","听到","東有","盈沖","listen","hear"
"买","卖","瘀布","渴例","buy","sell"
"战争","战斗","狀瑣","味停","war","battle"
"糟糕的","可怕","品長","增飩","terrible","horrible"
"肮脏的","厌恶","宏地","貪腿","dirty","disgusting"
"熊","狼","迫瓜","果臉","bear","wolf"
"雨","雪","受塑","抽艦","rain","snow"
"成功","失败","儼預","種對","success","failure"
"干燥","湿的","折她","空方","dry","wet"
"噪音","声音","回彎","破公","noise","sound"
"在场","缺席","刑停","邁幸","presence","absence"
"技术","科学","飾上","球胎","technology","science"
"秘书","助手","進罕","藏變","secretary","assistant"
"非法的","合法的","學腹","醉風","illegal","legal"
"实验","测试","貞摸","驚蕾","experiment","test"
"会议","会议","棄年","旁有","conference","meeting"
"舞蹈家","舞蹈","算聲","出申","dancer","dance"
"委员会","委员会","落順","滋外","commission","committee"
"最低限度","最大","尋載","方掉","minimum","maximum"
"确认","确认","月矮","要長","confirmation","confirm"
"业余","专业的","巡獨","塘邪","amateur","professional"
"九月","十月","抵歌","戒入","september","october"
"准备好","准备","弒教","數聖","ready","prepare"
"女儿","儿子","構訪","舉口","daughter","son"
"射击","射击","制慈","及毅","shot","shoot"
"忘记","记住","產意","轉媽","forget","remember"
"火","火焰","帳客","布營","fire","flame"
"短的","长","加澎","食盲","short","long"
"盒子","包","修子","墨受","box","bag"
"窗户","门","見賣","事落","window","door"
"戒指","项链","秘羈","經群","ring","necklace"
"海","海洋","紅險","鋪丹","sea","ocean"
"宇宙","星系","引凌","首氧","universe","galaxy"
"胜利","打败","語蓋","人擺","victory","defeat"
"间谍","叛徒","替藉","忍顯","spy","traitor"
"文化","文明","壽壟","惡火","culture","civilization"
"异常","奇怪的","聽刻","亂股","unusual","strange"
"高尔夫球","网球","打受","少雷","golf","tennis"
"非洲","美国","油毀","獨鐵","africa","america"
"公里","仪表","前子","髮底","kilometer","meter"
"夜晚","晚上","口伍","用政","night","evening"
"喝","啤酒","途驅","約冠","drink","beer"
"数字","地址","彈認","吞日","number","address"
"晚了","早期的","喊級","禁君","late","early"
"学习","教导","旁型","霍安","learn","teach"
"较差的","富有的","友汁","靈亮","poor","rich"
"桌子","椅子","屬采","傳形","table","chair"
"法庭","法官","利色","學毀","court","judge"
"精彩的","极好的","通彩","團憤","wonderful","fantastic"
"傻子","笨蛋","疲給","名閒","fool","idiot"
"微笑","笑","昏好","強飾","smile","laugh"
"特点","性格","種崗","市愕","character","personality"
"全体人员","船","別會","足凡","crew","ship"
"衬衫","夹克","牧份","令巨","shirt","jacket"
"过程","程序","用校","量勉","process","procedure"
"社会","社区","添淨","除通","society","community"
"祖父","祖母","大從","心澗","grandfather","grandmother"
"爬坡道","山","生像","母正","hill","mountain"
"艺术家","画家","及美","無驗","artist","painter"
"戏剧","喜剧","熱娘","竭污","drama","comedy"
"记者","记者","成漲","法題","reporter","journalist"
"正式","官方的","船隔","淺死","officially","official"
"磅","美元","細銜","發仁","pound","dollar"
"积极的","活动","拳魚","火支","active","activity"
"雷达","卫星","除子","兵幸","radar","satellite"
"灯","蜡烛","稚刻","當善","lamp","candle"
"仪式","仪式","軍甜","心頁","ritual","ceremony"
"精神的","情绪化","餌色","濟多","mental","emotional"
"讲话","说话","首誤","不彼","talk","speak"
"玩","游戏","文米","勢治","play","game"
"丈夫","妻子","料性","搞五","husband","wife"
"公司","公司","陷初","進罰","company","corporation"
"班级","学校","寬暖","連延","class","school"
"保护","保卫","田祈","隨空","protect","defend"
"律师","检察官","草蠻","順股","lawyer","prosecutor"
"搜索","找","指嚼","觀卻","search","find"
"品尝","闻","兇胞","來衣","taste","smell"
"玻璃","瓶子","體契","喉兄","glass","bottle"
"收音机","电视","赤儲","忙忌","radio","television"
"慢","快速地","比犯","庫雜","slow","fast"
"怪物","生物","拓愚","報風","monster","creature"
"士兵","战士","煙及","查要","soldier","warrior"
"骨","颅骨","制招","代容","bone","skull"
"病毒","感染","職大","帶罰","virus","infection"
"钢琴","吉他","傾共","紙名","piano","guitar"
"混乱","困惑","身宮","潰料","chaos","confusion"
"世纪","十年","聽小","寒中","century","decade"
"订婚","婚礼","手報","務舊","engagement","wedding"
"鲨鱼","鱼","僅處","輪示","shark","fish"
"僧","牧师","出斷","加器","monk","priest"
"电报","信件","哨皇","醫煤","telegram","letter"
"周一","周二","鬱中","子通","monday","tuesday"
"背部","返回","奶秀","盤曆","back","return"
"居住","存活","骨結","挑式","live","survive"
"特别的","独特","舊得","許色","special","unique"
"情况","危机","端話","難殘","situation","crisis"
"疲劳的","饥饿的","許屈","逼砸","tired","hungry"
"月","星期","扣報","查感","month","week"
"吻","拥抱","鍵牆","白論","kiss","hug"
"灵魂","精神","油住","難資","soul","spirit"
"钥匙","锁","釋健","脫場","key","lock"
"墙","栅栏","帽憂","詢戲","wall","fence"
"安静的","冷静的","服遺","懸色","quiet","calm"
"敌人","对手","分長","回性","enemy","opponent"
"葡萄酒","香槟酒","準吊","話代","wine","champagne"
"河","湖","美還","癒方","river","lake"
"证人","见证","談兩","套讚","witness","testimony"
"文件","文档","一鬆","取靜","file","document"
"职业","名声","徹魚","兒爪","career","reputation"
"杯子","咖啡","紅奪","提雜","cup","coffee"
"瞎的","聋","粒哀","樹柱","blind","deaf"
"合同","协议","通頭","答賦","contract","agreement"
"现实","幻想","臟惡","晉同","reality","fantasy"
"成员","领导","監取","撈案","member","leader"
"面包","起司","煮星","苦平","bread","cheese"
"爬","跳","明地","接邁","climb","jump"
"受欢迎的","著名的","戶息","打缺","popular","famous"
"影响","影响","難俗","撐瞇","influence","effect"
"直接的","直接地","目章","魚討","direct","directly"
"恶梦","梦","紙助","湧訴","nightmare","dream"
"文章","报纸","組解","練薪","article","newspaper"
"有价值的","重要的","墨醜","輕承","valuable","important"
"治疗","治疗","玉操","岸提","therapy","treatment"
"歌手","音乐家","交沫","形鴨","singer","musician"
"老鼠","鼠","皮麻","意嘴","mouse","rat"
"专家","专家","域打","得下","expert","specialist"
"人质","囚犯","營脂","清發","hostage","prisoner"
"女同性恋者","同性戀","好代","星閱","lesbian","gay"
"工程师","建筑师","郁說","敍盈","engineer","architect"
"画廊","展览","餵站","匣偽","gallery","exhibition"
"篮球","足球","吃飄","明侯","basketball","football"
"主教","红衣主教","睇邊","情當","bishop","cardinal"
"爵士乐","音乐","防菜","帶交","jazz","music"
"灰","灰尘","瓜法","如票","ash","dust"
"圣经","书","聯氣","版禿","bible","book"
"大街","街道","言時","辯油","avenue","street"
"六月","七月","守命","相爪","june","july"
"回答","回复","單守","豌板","answer","reply"
"计划","战略","受如","水大","plan","strategy"
"未来","过去的","租年","家尬","future","past"
"说谎","说谎者","當礙","相落","lie","liar"
"选择","选项","對毀","裝陷","choice","option"
"发誓","誓言","差報","巡子","swear","oath"
"接触","联系","子死","街亮","contact","connection"
"俱乐部","酒吧","衣悔","好撩","club","bar"
"对话","讨论","確遠","約涼","conversation","discussion"
"自由","民主","直蔑","起塘","freedom","democracy"
"桥","隧道","藏喬","親汽","bridge","tunnel"
"代码","密码","元手","抄等","code","password"
"重点","集中","奏餵","儀回","focus","concentrate"
"春天","秋天","緬為","工慾","spring","autumn"
"宫","城堡","俐裝","懶陰","palace","castle"
"事件","意外","飲怨","含光","incident","accident"
"令人兴奋的","有趣的","惡影","工版","exciting","interesting"
"寺庙","修道院","校蠍","推幣","temple","monastery"
"按钮","按","曾球","機注","button","press"
"避免","停止","常酥","牙考","prevent","stop"
"奴隶","仆人","渴塵","感承","slave","servant"
"出口","入口","寶車","怪後","exit","entrance"
"使满意","快乐的","地誣","誘簡","satisfied","happy"
"塔","建筑","點重","事細","tower","building"
"到达","离开","藥為","訓展","arrival","departure"
"轮廓","描述","緯數","交撤","profile","description"
"毯子","毛巾","祖把","性承","blanket","towel"
"电缆","金属丝","屎報","育佔","cable","wire"
"诗人","作家","坐漬","盼施","poet","writer"
"衬套","树","指不","殺字","bush","tree"
"侵略","攻击","下匠","災慰","invasion","attack"
"僵尸","吸血鬼","定回","特毒","zombie","vampire"
"沙发","床","兄寰","眼隊","sofa","bed"
"华盛顿","波士顿","下白","病徑","washington","boston"
"罗马","希腊语","擁瑣","光墨","roman","greek"
"跑步","走","致路","步脫","run","walk"
"站立","坐","折殺","繁佛","stand","sit"
"力量","活力","合紙","蟲漁","power","energy"
"血","尿","用寶","景片","blood","urine"
"法律","宪法","畫專","報愛","law","constitution"
"头发","胡须","籤稅","誦於","hair","beard"
"嘴","鼻子","廢騙","派韻","mouth","nose"
"眼睛","耳朵","楊抓","玩申","eye","ear"
"安全","安全","選淺","慣緻","security","safety"
"浪费","花费","極子","白徵","waste","spend"
"乐趣","喜悦","總病","弟料","pleasure","joy"
"不可能的","简单","調鵝","血用","impossible","easy"
"热","温度","知輩","極燕","heat","temperature"
"手指","拇指","用哥","食拘","finger","thumb"
"口袋","钱包","位幼","螢結","pocket","wallet"
"嫉妒的","生气的","自象","濕推","jealous","angry"
"票","护照","吞異","話賂","ticket","passport"
"坟","公墓","潛賢","項氣","grave","cemetery"
"陷阱","饵","蛋艱","技火","trap","bait"
"自豪","尊严","原軸","晚賣","pride","dignity"
"昂贵的","便宜的","頒眾","人掩","expensive","cheap"
"伤口","受伤","洞碎","遽淒","wound","injury"
"诅咒","巫婆","鄰破","調鍊","curse","witch"
"青年","童年","剛棧","太頭","youth","childhood"
"谢","市长","機傳","法竹","sheriff","mayor"
"奶牛","猪","向樹","鞋去","cow","pig"
"增加","减少","農現","花罪","increase","reduce"
"利润","收入","幣棒","疑抬","profit","income"
"纹身","瘢痕","月催","哀光","tattoo","scar"
"降落","航班","人短","房嫌","landing","flight"
"钻石","宝石","出揮","肉須","diamond","jewel"
"点心","蛋糕","獨水","尾選","dessert","cake"
"步枪","枪","誇外","戰禮","rifle","gun"
"盾","盔甲","故割","紡憶","shield","armor"
"头盔","帽子","去國","黃論","helmet","hat"
"盗窃","抢劫","家解","即人","theft","robbery"
"具体的","钢","虛艷","全勢","concrete","steel"
"反射","镜子","趣暗","道以","reflection","mirror"
"频率","信号","犬傢","舖慎","frequency","signal"
"软件","计算机","開損","遮力","software","computer"
"剂量","注射","上銅","屬扣","dose","injection"
"纪念碑","雕像","堂成","愧可","monument","statue"
"好的","坏的","國貼","這起","good","bad"
"屋","公寓","親燈","蛾賊","house","apartment"
"大的","巨大的","弄巴","巡笨","big","huge"
"房间","卧室","鏈信","量例","room","bedroom"
"错误的","正确的","珠查","區告","wrong","correct"
"机会","可能性","中柳","趕展","chance","possibility"
"国家","国家","熱市","汽念","country","nation"
"晚餐","早餐","樹飼","化橡","dinner","breakfast"
"活","死的","泥色","社強","alive","dead"
"图片","照片","育資","滋人","picture","photo"
"甜的","可爱的","空毒","要操","sweet","cute"
"关系","友谊","吸程","婦攪","relationship","friendship"
"经验","知识","權友","不校","experience","knowledge"
"聪明的","聪明的","煙登","體扯","smart","intelligent"
"相机","麦克风","下炮","長糖","camera","microphone"
"惊喜","失望","配探","述婿","surprise","disappointment"
"岩石","石头","向撞","重觀","rock","stone"
"实践","锻炼","信取","條奴","practice","exercise"
"研究","学习","承片","院吊","research","study"
"气体","燃料","段嘴","殼首","gas","fuel"
"帮派","团体","端膽","力皮","gang","group"
"淋浴","浴室","此傳","肉航","shower","bathroom"
"旅游","音乐会","收貶","會斑","tour","concert"
"喉","脖子","漏弱","俗心","throat","neck"
"千","百","暴穿","患聯","thousand","hundred"
"系列","插曲","例高","詞定","series","episode"
"救援","保存","軍課","轟扣","rescue","save"
"肩膀","膝盖","燈相","示求","shoulder","knee"
"保证","承诺","色蜂","處節","guarantee","promise"
"目的","主题","店授","氣吉","object","subject"
"任务","使命","悉課","地撥","task","mission"
"网络","系统","掉郵","子身","network","system"
"忠诚","可信","門為","程領","loyal","faithful"
"三明治","汉堡包","比爺","土下","sandwich","hamburger"
"电影","剧院","售腰","俗哨","cinema","theater"
"典型的","经典的","市臉","片趕","typical","classic"
"检查员","专员","白離","數玉","inspector","commissioner"
"火箭","导弹","瞞賜","分跳","rocket","missile"
"感人的","惊人的","愛出","撤編","impressive","amazing"
"短裙","裙子","度閒","紙家","skirt","dress"
"狐狸","兔子","票睡","府遷","fox","rabbit"
"海盗","水手","補頭","多股","pirate","sailor"
"行政","政府","附微","情樂","administration","government"
"殖民地","联邦","征客","法攜","colony","federation"
"阴道","阴茎","域評","情入","vagina","penis"
"化学","生物学","求掛","心熊","chemistry","biology"
"化学","生物","測場","焊收","chemical","biological"
"传感器","发射机","言同","堪銜","sensor","transmitter"
"停留","保持","滑頒","尚向","stay","remain"
"区域","区","衝追","垢慌","area","zone"
"意识到","理解","蓋辦","胡等","realize","understand"
"记录","记录","謀姪","鎮任","record","recording"
"纸","笔","拆大","變勤","paper","pen"
"艰难的","难的","鋒豈","注遊","tough","hard"
"地面","地毯","批壓","吻油","floor","carpet"
"现金","钱","眺線","探疤","cash","money"
"简单地","简单的","情惠","爆之","simply","simple"
"艺术","文学","瘩燥","現球","art","literature"
"私人的","隐私","釀政","面航","private","privacy"
"绝对地","完全地","拳寒","到以","absolutely","completely"
"鸡","火鸡","博利","創匠","chicken","turkey"
"重量","高度","言用","熟罐","weight","height"
"细胞","监狱","去哀","馳進","cell","prison"
"挖","埋葬","興力","注譽","dig","bury"
"植物","花","弄勞","每海","plant","flower"
"单元","分配","補輸","巢好","unit","division"
"慢慢地","迅速地","護識","苦下","slowly","quickly"
"糖","巧克力","調草","上棄","sugar","chocolate"
"潜在的","天赋","龜免","閹解","potential","talent"
"链","绳索","蒙謝","城錢","chain","rope"
"首都","城市","憨期","餐心","capital","city"
"玩具娃娃","玩具","被詳","悔群","doll","toy"
"圆圈","三角形","雕面","割捷","circle","triangle"
"慈善机构","捐款","書止","膠果","charity","donation"
"无声","安静","作渾","士賬","silent","silence"
"指甲","齿","昏製","帝織","nail","tooth"
"日常的","每周","無鎮","玉拆","daily","weekly"
"耐心","同情","命菜","窺掉","patience","compassion"
"方法","技术","往庇","變意","method","technique"
"专辑","歌曲","開溫","源教","album","song"
"紧急","紧急情况","殖準","圓生","urgent","emergency"
"有礼貌的","友好的","上儀","然頭","polite","friendly"
"周年纪念日","生日","息畫","版坐","anniversary","birthday"
"狭窄","宽的","課道","光老","narrow","wide"
"瘟疫","流行性","出易","積次","plague","epidemic"
"拍卖","销售","速血","鎮錢","auction","sale"
"赞扬","礼物","車做","鍾丈","compliment","gift"
"野蛮","残忍的","霸汗","燒映","brutal","cruel"
"乘客","司机","景急","分失","passenger","driver"
"因素","元素","蓋權","鳥選","factor","element"
"内部的","外部的","扭立","主種","internal","external"
"讽刺","讽刺","弄特","衛犯","irony","ironic"
"南部","西","感戶","語數","southern","western"
"黑手党","卡特尔","好黨","淫帶","mafia","cartel"
"宇航员","飞行员","幽總","改花","astronaut","pilot"
"今天","昨天","閥瀆","貼雜","today","yesterday"
"工作","工作","生難","諺提","job","work"
"身体","尸体","打饋","修銅","body","corpse"
"一半","25美分硬币","冷蝗","伏專","half","quarter"
"麻烦","问题","夭直","行檸","trouble","problem"
"支持","帮助","印精","菜若","support","assistance"
"复仇","正义","林變","何多","revenge","justice"
"模型","原型","福定","軍送","model","prototype"
"允许","赞同","高金","腔言","permission","approval"
"胃","胸部","憑場","母室","stomach","chest"
"拒绝","接受","案疙","足蔭","refuse","accept"
"数据","信息","安名","刑別","data","information"
"全部的","完全的","管碎","澱圈","total","complete"
"收藏","收集","黯核","謠敵","collect","gather"
"愤怒","愤怒","做蓮","戰住","anger","rage"
"降低","上","庖獲","留投","lower","upper"
"路线","小路","燈韆","魚陰","route","path"
"环境","气氛","布素","曱有","environment","atmosphere"
"丛林","森林","校呼","處素","jungle","forest"
"机器人","机器","對板","後合","robot","machine"
"泥","沙","行達","壁裝","mud","sand"
"徽章","制服","照掉","海賀","badge","uniform"
"神经","肌肉","慢相","談持","nerve","muscle"
"清醒","醉","極漏","鷹浪","sober","drunk"
"组合","混合物","錢角","齊五","combination","mixture"
"淹","游泳","煙謝","礦人","drown","swim"
"阶段","时期","牆餞","節鄭","phase","period"
"阴谋","欺诈罪","璨地","尊去","conspiracy","fraud"
"闲话","丑闻","骨禁","揭頭","gossip","scandal"
"特权","荣誉","香鋁","考屬","privilege","honor"
"氏族","家庭","日竹","貌盤","clan","family"
"a片","电影","商伏","俸植","porn","movie"
"服务员","女服务员","炸坐","熱墊","waiter","waitress"
"奖金","报酬","幼焊","殘賄","bonus","reward"
"蜘蛛","昆虫","鐵嚷","量鋼","spider","insect"
"驴","马","正糞","心脫","donkey","horse"
"肾","肝","糖資","堅茶","kidney","liver"
"日历","日程","麵定","絲中","calendar","schedule"
"养老金","薪水","調霉","聚製","pension","salary"
"热情","热情","喧繞","手醫","enthusiasm","passion"
"自由","自由","產近","選子","freely","free"
"管辖权","权威","感叉","灣出","jurisdiction","authority"
"一团","营","事敵","子鋼","regiment","battalion"
"启发","灵感","統泥","童鋼","inspire","inspiration"
"终端","飞机场","青裝","手期","terminal","airport"
"瑜伽","按摩","直然","撰患","yoga","massage"
"骑兵","炮兵","弒淚","難盜","cavalry","artillery"
"民用","军队","協節","票供","civil","military"
"研讨会","演讲","和筆","撲走","seminar","lecture"
"阿司匹林","吗啡","鏡官","凍計","aspirin","morphine"
"dvd","视频","子袋","氣接","dvd","video"
"凯撒","罗马","橫趣","愛改","caesar","rome"
"安全的","安全的","春器","滿鎮","safe","secure"
"使固定","维修","士馬","驚迴","fix","repair"
"杀手","凶手","危封","牙精","killer","murderer"
"公平的","合理的","升翼","稅發","fair","reasonable"
"空的","满的","公力","圖落","empty","full"
"喂养","吃","煞管","世桿","feed","eat"
"双倍的","三倍","特人","經指","double","triple"
"遭受","死","榨急","國無","suffer","die"
"信用","贷款","疫掉","上窪","credit","loan"
"午夜","中午","帶應","抗手","midnight","noon"
"打断","打扰","指音","擊瀉","interrupt","disturb"
"状态","位置","蚓臥","軟醫","status","position"
"魅力","美丽","寬抗","滾煤","charm","beauty"
"互联网","网页","蜂學","茶紅","internet","web"
"射手","狙击手","解鐘","劇祕","shooter","sniper"
"疯狂","愚蠢","道農","腸節","madness","stupidity"
"平台","车站","景笑","然饉","platform","station"
"苹果","水果","液合","氣阻","apple","fruit"
"逃跑","逃脱","白情","地態","flee","escape"
"勺子","叉","奏位","斷射","spoon","fork"
"作坊","车库","子選","取莊","workshop","garage"
"热情好客","感激","出望","和援","hospitality","gratitude"
"土豆","番茄","琴跑","樓取","potato","tomato"
"院长","教授","紋租","樓情","dean","professor"
"折磨","酷刑","強寒","大掩","torment","torture"
"避难所","庇护所","熟綁","梅款","refuge","shelter"
"药片","丸","山局","違蹤","tablet","pill"
"静脉","动脉","導拖","管案","vein","artery"
"男爵","伯爵夫人","茶大","降不","baron","countess"
"公斤","公克","裂取","風姑","kilo","gram"
"卖方","买方","宜才","記翹","seller","buyer"
"帝國的","皇帝","迷石","鞋車","imperial","emperor"
"军团","军队","怒倒","低查","legion","army"
"驾驶","骑","狐台","駕禮","drive","ride"
"落下","坍塌","莽洗","陷矮","fall","collapse"
"脑","脑外","命右","死酷","brain","cerebral"
"教会","教堂","勾稿","地查","church","chapel"
"突然","不料","實古","順績","suddenly","unexpectedly"
"选择","选择","晚處","通剪","choose","select"
"店铺","店铺","懼於","葬慈","shop","store"
"月亮","太阳","越勢","推痰","moon","sun"
"营","村庄","台質","請物","camp","village"
"目的","意图","席局","纏稱","purpose","intention"
"柔软的","温和的","衰來","疑力","soft","gentle"
"碗","盘子","錢名","滾持","bowl","plate"
"闪耀","明亮的","是復","郵親","shine","bright"
"情妇","情人","蕉石","女想","mistress","lover"
"继续","继续","慘猛","號喝","proceed","continue"
"金的","银","對氈","解監","golden","silver"
"县","区","身完","活密","county","district"
"冲突","争议","案街","拼馬","conflict","dispute"
"靴子","鞋","輪場","事叉","boot","shoe"
"动物园","马戏团","墊動","田友","zoo","circus"
"工具","仪器","待麵","造凱","tool","instrument"
"错误","错误","下仿","讀鴿","error","mistake"
"多数","投票","內樂","為炒","majority","vote"
"杯","勋章","語費","戀抵","trophy","medal"
"可口","美味的","薑聚","流涼","tasty","delicious"
"唇","脸颊","下味","摧綽","lip","cheek"
"威严","高度","故育","藕尖","majesty","highness"
"技术的","机械的","聽貨","西正","technical","mechanical"
"蛋白质","维他命","礦筆","抄槍","protein","vitamin"
"罗盘","地图","魚平","醬探","compass","map"
"生锈","尘土飞扬","內刀","淨罪","rusty","dusty"
"牢牢","强烈","補往","樂蒼","firmly","strongly"
"激素","肾上腺素","預員","掌瞎","hormone","adrenaline"
"罗密欧","朱丽叶","戰透","密棋","romeo","juliet"
"夏洛克","沃森","簽流","到法","sherlock","watson"
"带来","发送","勸症","風壞","bring","send"
"食物","一顿饭","墊場","牧通","food","meal"
"最佳","底部","依頭","轉管","top","bottom"
"证据","证明","台心","跳妹","evidence","proof"
"受害者","攻击者","厄湯","梳版","victim","attacker"
"皮肤","组织","淫剷","體酒","skin","tissue"
"注意力","吸引","心睏","根倒","attention","attract"
"承认","承认","接以","和投","admit","confess"
"担心","紧张的","陰死","道汗","worried","nervous"
"海滩","沿海","道集","捕反","beach","coast"
"建议","建议","營移","淫劃","advice","advise"
"结果","结果","查子","露防","result","outcome"
"勇气","决心","農杉","線縮","courage","determination"
"荒谬的","荒诞","弱門","溜現","ridiculous","absurd"
"生病","生病的","風茶","乾報","ill","sick"
"字面上地","几乎","改美","擦文","literally","practically"
"设备","装备","傳怎","體手","equipment","equip"
"猴","大猩猩","去杜","題野","monkey","gorilla"
"宝藏","财富","漆教","會輒","treasure","wealth"
"要求","要求","請術","骨上","demand","request"
"部分","段落","頓票","重安","section","paragraph"
"平衡","和谐","市導","原倒","balance","harmony"
"动机","不在場證明","觸兄","正肉","motive","alibi"
"恢复","愈合","搬見","壇如","recover","heal"
"护送","陪伴","碰殘","窗百","escort","accompany"
"警报","警报","碎煎","物可","alert","alarm"
"评论","陈述","華理","材窩","comment","statement"
"高级的","初级","繩達","落戶","senior","junior"
"侮辱","得罪","油幫","叫亮","insult","offend"
"反抗","抵抗","與杯","一疑","resistance","resist"
"爆裂","爆炸","擾唱","耳切","burst","explode"
"志愿者","自愿","兵剪","防起","volunteer","voluntarily"
"喇叭","哨","熱限","有標","horn","whistle"
"反对","示范","朧業","岳亡","protest","demonstration"
"谦逊的","谦虚","醉絡","安黑","humble","modest"
"辉煌","荣耀","列彩","軟理","glorious","glory"
"幼稚的","愤世嫉俗","闊殘","體割","naive","cynical"
"青蛙","蜥蜴","塵醬","斷聚","frog","lizard"
"日落","黎明","激數","學項","sunset","dawn"
"昵称","姓","處賽","積文","nickname","surname"
"丝绸","棉","北油","求黃","silk","cotton"
"口红","香水","反偶","進山","lipstick","perfume"
"咳嗽","发热","會妓","聖住","cough","fever"
"层","表面","啟土","破人","layer","surface"
"大蒜","洋葱","惹介","執烤","garlic","onion"
"松鼠","狸","航罩","機集","squirrel","raccoon"
"金字塔","结构体","溫耳","貶覺","pyramid","structure"
"无知","傲慢","誦收","大彈","ignorance","arrogance"
"裸体","裸","名任","級指","nude","naked"
"船上","海军","出遺","擄罷","marine","navy"
"马拉松","种族","於守","洋盤","marathon","race"
"胶囊","探测","星思","調記","capsule","probe"
"中学","基本的","實試","家碎","secondary","primary"
"牛仔竞技","牛仔","凶青","共泊","rodeo","cowboy"
"文凭","毕业","不線","據空","diploma","graduate"
"障碍","挑战","勻魚","偏文","obstacle","challenge"
"高潮","勃起","貨體","不詞","orgasm","erection"
"半径","周长","頰火","普善","radius","perimeter"
"超人","蝙蝠侠","來瓷","承去","superman","batman"
"太平洋","大西洋","問錢","吃悶","pacific","atlantic"
"离开","放弃","投灘","讓舉","leave","abandon"
"查看","核实","召約","生點","check","verify"
"正面","后部","坐音","榮疹","front","rear"
"屁股","屁股","膀瓜","訊月","ass","butt"
"最后","最终","詐情","安火","finally","eventually"
"推","拉","縝負","界退","push","pull"
"应得","值得的","魚先","閉特","deserve","worthy"
"看法","看法","付滅","心焊","view","perspective"
"桌子","办公室","煙寄","鐵請","desk","office"
"演讲","讲道","氣報","世拿","speech","sermon"
"人群","观众","念衍","零慕","crowd","audience"
"吓","吓唬","阻箱","吼本","scare","frighten"
"无用","毫无价值","盛凡","出落","useless","worthless"
"加载","货物","席咪","區盛","load","cargo"
"活动","选举","看整","票言","campaign","election"
"扳机","启用","皈找","賤老","trigger","activate"
"对面的","相反","畜罐","遮延","opposite","contrary"
"赌博","扑克","到男","真力","gambling","poker"
"候选人","选民","浸軍","高週","candidate","voter"
"泵","软管","子堵","嫁管","pump","hose"
"致命","致命的","圃法","郵新","deadly","fatal"
"烤箱","火炉","水肉","達程","oven","stove"
"排除","消除","緒看","稱租","eliminate","remove"
"精美的","敏感的","尿航","函軌","delicate","sensitive"
"成人","父母","敘光","差賣","adult","parent"
"熔化","冻结","制激","理敵","melt","freeze"
"容量","能力","機監","發帽","capacity","ability"
"发生","发生","鼎剪","道種","occur","happen"
"贿赂","勒索","主支","設隔","bribe","blackmail"
"和","数量","充貫","牆追","sum","amount"
"保存","维持","版栽","短碰","preserve","maintain"
"爱好","运动","新罵","質婦","hobby","sport"
"猪肉","肉","工流","商草","pork","meat"
"锚","帆","參解","句溫","anchor","sail"
"鹅","鸭","萬公","棚利","goose","duck"
"碳","氢","散遭","療業","carbon","hydrogen"
"分段","片","霍髒","亭幼","fragment","piece"
"奉承","印象","義混","米辦","flatter","impress"
"平","丁","鬆居","常驚","ping","ding"
"原子","核","講斷","謝版","atomic","nuclear"
"诺贝尔","奖","飛狀","待環","nobel","prize"
"打","罢工","紙過","藏抱","hit","strike"
"语音","口音","稅子","焦罷","voice","accent"
"伙计","兄弟","孽憲","原怯","dude","bro"
"厨师","厨师","越自","爵與","cook","chef"
"警卫","巡逻","訂站","翻拯","guard","patrol"
"重的","重度","招除","石電","heavy","heavily"
"根据","总部","性湖","薪遠","base","headquarters"
"命运","命运","積掩","火權","fate","destiny"
"新鲜的","刷新","舖見","辱隊","fresh","refresh"
"可怕的","爬行","曲塘","友辦","scary","creepy"
"吸","舔","職標","直家","suck","lick"
"垃圾","垃圾","概爹","星液","trash","garbage"
"悲惨的","可怜的","品口","來誣","miserable","pathetic"
"安排","组织","弱賣","尖法","arrange","organize"
"概念","定义","戰題","為幸","concept","definition"
"提出","建议","牙住","迷送","propose","suggest"
"预算","资金","自吻","緊疆","budget","funding"
"品牌","产品","王拓","緊員","brand","product"
"接待","派对","蒸場","酒道","reception","party"
"吞","嚼","狹船","講居","swallow","chew"
"针","注射器","慳茶","導急","needle","syringe"
"联盟","团队","車奮","人沼","league","team"
"马夫","新娘","會豁","閃膽","groom","bride"
"饥饿","口渴","態滾","拋香","hunger","thirst"
"禁止","禁止","球卷","挑夜","forbidden","prohibit"
"无助","无力","熱進","懷間","helpless","powerless"
"粮食","面粉","想泥","笛火","grain","flour"
"贫困","苦难","勞音","紅大","poverty","misery"
"直觉","直觉","譯屋","火長","instinct","intuition"
"进化","突变","內失","去蘇","evolution","mutation"
"广告","营销","半疤","行舊","advertising","marketing"
"内阁","壁橱","菜調","包軸","cabinet","closet"
"低估","夸大","乳蹤","熒伍","underestimate","exaggerate"
"望远镜","显微镜","視運","畫崗","telescope","microscope"
"捆绑","领带","揚訓","莊診","bind","tie"
"保守","自由派","貪詣","素非","conservative","liberal"
"阀门","通风","古旅","貨熬","valve","ventilation"
"插入","放","子墮","狂牌","insert","put"
"腹泻","恶心","逃知","書逆","diarrhea","nausea"
"数量","质量","日稱","用裝","quantity","quality"
"自然的","人造的","令歷","詩僑","natural","artificial"
"偶然","故意地","文波","粉完","accidentally","intentionally"
"虫","蛇","某定","許表","worm","snake"
"保姆","女佣","橫義","癌紅","nanny","maid"
"邮票","签名","存議","資定","stamp","signature"
"飓风","龙卷风","世醬","罪主","hurricane","tornado"
"番茄酱","蛋黄酱","欄控","殿著","ketchup","mayonnaise"
"火药","炸药","遊公","欽字","gunpowder","dynamite"
"王朝","帝国","流奇","起民","dynasty","empire"
"导航","沟通","眼男","戶析","navigation","communication"
"服务","维护","量主","厄責","service","maintenance"
"额外的","额外的","缺湧","完到","extra","additional"
"金枪鱼","龙虾","現刷","擾砌","tuna","lobster"
"雇佣兵","刺客","統堵","示化","mercenary","assassin"
"分析师","研究者","口民","令椅","analyst","investigator"
"农历","太阳的","提藝","冬逼","lunar","solar"
"管理","行政的","熱開","出豐","management","administrative"
"不幸的","不幸","做隊","分准","unfortunate","misfortune"
"绑架","拐","籠血","癥酋","kidnap","abduct"
"小吃","午餐","搜解","浸差","snack","lunch"
"考试","检查","刺式","省筆","examination","inspection"
"辞职","解雇","債老","心要","resignation","dismissal"
"超自然","超自然","入豬","出問","supernatural","paranormal"
"卓越","卓越","親緊","飛疚","exceptional","remarkable"
"青少年","青少年","惡暑","馬鉗","teenage","teenager"
"脱氧核糖核酸","指纹","今藤","筒漆","dna","fingerprint"
"区域","当地的","貼玩","發押","regional","local"
"使能够","提供","工好","知開","enable","provide"
"烤宽面条","意大利面","低敢","事蹤","lasagna","spaghetti"
"新闻","政治","家尖","土冷","journalism","politics"
"解剖学","心理学","速共","改鬼","anatomy","psychology"
"肉桂","香草","嘗本","布歹","cinnamon","vanilla"
"无力","无法","子中","歸樓","inability","unable"
"间谍","破坏","平說","字受","espionage","sabotage"
"想像力","创造力","童打","道物","imagination","creativity"
"自然","一般来说","熟師","這洗","naturally","generally"
"偶尔","很少","崑罪","除讚","occasionally","rarely"
"惩罚","监禁","掌葉","光書","penalty","imprisonment"
"竞技场","战场","油中","位放","arena","battlefield"
"孤儿院","修道院","拍甜","凳匹","orphanage","convent"
"百万富翁","企业家","賄給","家筆","millionaire","entrepreneur"
"柠檬汽水","苏打","挑例","重祭","lemonade","soda"
"绑匪","赎金","功暖","爆境","kidnapper","ransom"
"操作","功能","腰頰","選水","operational","functional"
"字典","短语","稿肉","決質","dictionary","phrase"
"租户","房东","饒闖","周位","tenant","landlord"
"不合理","不负责任","人復","回福","unreasonable","irresponsible"
"耸人听闻","壮观的","懾困","誌菜","sensational","spectacular"
"财政上","融资","稿陪","水僻","financially","financing"
"时髦","优雅的","糠預","琴親","fashionable","elegant"
"雷管","计时器","附果","增退","detonator","timer"
"富于同情心","慷慨的","支乞","笑掛","compassionate","generous"
"兵工厂","军械库","榮戰","霄砲","arsenal","armory"
"海军","舰队","託子","澤且","naval","fleet"
"蜗牛","龟","價端","歲弦","snail","turtle"
"无政府状态","资本主义","歸體","廚死","anarchy","capitalism"
"污染","辐射","顛偏","船尉","contamination","radiation"
"脊","腹部","血暫","脫言","spinal","abdominal"
"个人的","亲密的","哲測","稿後","personal","intimate"
"最终的","最终的","紙精","遮慌","final","ultimate"
"管理","成功","念裝","性置","manage","succeed"
"可恶的","污秽","棉蜂","破羊","nasty","filthy"
"解释","合理的","好伸","差早","explanation","plausible"
"小憩","漫步","屋罵","尖眾","nap","stroll"
