"el_cue","el_target","el_fake_target","el_fake_cue","en_cue","en_target"
"dvd","βίντεο","βίντόκ","nέd","dvd","video"
"ninja","σαμουράι","σαμοεμάι","smija","ninja","samurai"
"ufo","εξωγήινο","εξωγκόνο","nοo","ufo","alien"
"άβολος","δυσάρεστος","δυσάτέστος","keολος","uncomfortable","unpleasant"
"άγγελος","διάβολος","διάβολαμ","άγουλος","angel","devil"
"αγγλικά","γαλλική γλώσσα","γαλλικακγλώσσα","αγγλυτά","english","french"
"αγελάδα","χοίρος","χοφλος","αγελήςα","cow","pig"
"αγια γραφη","βιβλίο","βιυρίο","τσια γραφη","bible","book"
"άγκυρα","πανι πλοιου","πανιχίλοιου","ξυκυρα","anchor","sail"
"άγνοια","αλαζονεία","ιραζονεία","ύπνοια","ignorance","arrogance"
"αγόγγια","κορίτσια","κορίτσαμ","αγχόγια","boys","girls"
"αγορά","πουλώ","πολιώ","αγαλά","buy","sell"
"αγρότης","εργάτης","ερλύτης","περότης","farmer","worker"
"άδεια","εγκαταλείπω","εγκαταφέίπω","οξεια","leave","abandon"
"άδεια","έγκριση","έγπειση","οξεια","permission","approval"
"αδειάζω","γεμάτος","γεμάνις","αδιράζω","empty","full"
"αδελφή","αδελφός","αδελασς","αδελαϊ","sister","brother"
"αδικία","άδικος","faικος","αδικερ","injustice","unfair"
"αδυναμία","ανίκανος","αντήανος","αδυνηρία","inability","unable"
"αδύνατο","ανετα","ανίλα","αδώτατο","impossible","easy"
"αέρας","οξυγόνο","οξανόνο","οθρας","air","oxygen"
"αέριο","καύσιμα","καύστία","erριο","gas","fuel"
"άθλιος","αξιολύπητο","αξιουλπητο","naλιος","miserable","pathetic"
"άθροισμα","ποσό","πομέ","άθροάτμα","sum","amount"
"αθώος","ένοχος","ένάνος","αθεις","innocent","guilty"
"αίμα","ούρο","όλρο","οφμα","blood","urine"
"αισθητήρας","πομπός","πομπάξ","κυσθητήρας","sensor","transmitter"
"αισιόδοξος","ρεαλιστικός","επαλιστικός","αισιόδωρος","optimistic","realistic"
"αιώνας","δεκαετία","δεέμετία","στώνας","century","decade"
"αιώνιος","για πάντα","γιωνπάντα","αιόμιος","eternal","forever"
"ακολουθηστε","κυνηγητό","κυνημπτό","ακολουοαστε","follow","chase"
"ακούω","ακούω","ακωνω","ακσχω","listen","hear"
"ακριβός","φτηνός","φτμπός","ακρισπς","expensive","cheap"
"ακρόαση","δοκιμή","δοκιτά","ακοήαση","hearing","trial"
"ακτίνα κύκλου","περίμετρος","περίνγτρος","ακτίναζέύκλου","radius","perimeter"
"αλεπού","κουνέλι","κουνάςι","αλλίού","fox","rabbit"
"αληθησ","πραγματικός","προχματικός","αληθhu","TRUE","real"
"αλκοόλ","φάρμακο","φάυλακο","αλκοβή","alcohol","drug"
"αλλαγή","βελτίωση","βεγείωση","αλλαπε","change","improvement"
"αλλού-κάπου αλλού","κάπου","τσπου","αλλούκάποίναλλού","elsewhere","somewhere"
"άλμπουμ","τραγούδι","τραγούσο","νόμπουμ","album","song"
"αλυσίδα","σκοινί","σκκανί","αλωτίδα","chain","rope"
"αμαρτία","έγκλημα","τίκλημα","αμαρκέα","sin","crime"
"αμφιβολία","ύποπτος","ύποπίας","αμφιζαλία","doubt","suspect"
"αναγνωρίζω","γνώριζα","γνάσιζα","αναγχαρίζω","recognize","knew"
"αναγνωση","γραφή","γρομή","αναγταση","reading","writing"
"ανάγνωση","γράφω","γρύγω","ανοηνωση","read","write"
"αναζήτηση","εύρημα","σόρημα","αναζέρηση","search","find"
"αναλυτής","ανακριτής","ανακρινές","αναλμαής","analyst","investigator"
"αναρρίχηση","άλμα","θήμα","αναρρίώτση","climb","jump"
"αναρρώνω","θεραπεύω","θεραπεγχ","αναρτηνω","recover","heal"
"αναρχία","καπιταλισμός","καταταλισμός","αναραζα","anarchy","capitalism"
"ανατομία","ψυχολογία","ψυχολουσα","αναταφία","anatomy","psychology"
"άνδρας","ο άνθρωπος","cβάνθρωπος","άνλέας","man","human"
"άνεμος","καταιγίδα","καταιγισα","ναεμος","wind","storm"
"άνετος","ευχάριστος","ευημριστος","άνιρος","comfortable","pleasant"
"ανήμπορος","ανίσχυρος","ανίσετρος","ανξεπορος","helpless","powerless"
"ανησυχία","ανησυχία","ανδρυχία","ανησυχισ","concern","worry"
"ανήσυχος","νευρικός","βιυρικός","ανίζυχος","worried","nervous"
"άνθρακας","υδρογόνο","υδροεθνο","άνθρακωθ","carbon","hydrogen"
"ανόητος","βλάκας","βλάκλι","ανειτος","fool","idiot"
"άνοιγμα","κλείσιμο","κλμτσιμο","ομοιγμα","opening","closure"
"άνοιξε","κλείσε","κλδύσε","άννάξε","open","close"
"άνοιξη","φθινόπωρο","φθεκόπωρο","άνναξη","spring","autumn"
"ανταγωνισμός","πρωτάθλημα","πρωτμόλημα","αντανονισμός","competition","championship"
"αντανάκλαση","καθρέφτης","καυπέφτης","ανταρεκλαση","reflection","mirror"
"αντίδοτο","εμβόλιο","εμγέλιο","αντίφάτο","antidote","vaccine"
"αντικαθιστώ","υποκατάστατο","υποκατάσταιρ","αντικαλυστώ","replace","substitute"
"αντικείμενο","θέμα","υμμα","αντικείμασο","object","subject"
"αντίσταση","αντιστέκομαι","αντιστέκιααι","ανεισταση","resistance","resist"
"αντλία","μάνικα","μάάγκα","ανμπία","pump","hose"
"ανώνυμος","άγνωστος","άγείστος","ανώνρτος","anonymous","unknown"
"αξία","τιμή","τιακ","αξιώ","value","price"
"αξίζω","άξιος","υφιος","πνίζω","deserve","worthy"
"απαγορευμένος","απαγορεύω","απαγοριαω","απαγοράζμένος","forbidden","prohibit"
"απαγωγέας","λύτρα","ψατρα","απαγδρέας","kidnapper","ransom"
"απαγωγή","απάγω","απιοω","απαγοφή","kidnap","abduct"
"απάντηση","απάντηση","απαρτηση","απζήτηση","answer","reply"
"απαραίτητη","χρειάζομαι","χρεισβομαι","απαρνιτητη","necessary","need"
"απεναντι απο","αντίθετος","ανληθετος","απεναντιtίπο","opposite","contrary"
"απευθείας","κατευθείαν","κατευθείvο","απευοβίας","direct","directly"
"απλά","απλός","απόπς","απόβ","simply","simple"
"απόβλητα","δαπανούν","δασενούν","απόβλησπ","waste","spend"
"απόδειξη","απόδειξη","απόδειγμ","απόδαυξη","evidence","proof"
"αποικία","ομοσπονδία","ομοσποληία","απότκία","colony","federation"
"αποκάλυψη","όραμα","όρδοα","αποκρουψη","revelation","vision"
"απολύτως","εντελώς","εντεμας","απολύτρε","absolutely","completely"
"απομίμηση","ψευδησ","ψευδhi","απομυρηση","fake","FALSE"
"απόσταση","ταχύτητα","ταόπτητα","απυόταση","distance","speed"
"αποτέλεσμα","αποτέλεσμα","αποτημεσμα","αποτέλιδμα","result","outcome"
"αποτρέψει","να σταματήσει","ναυιταματήσει","αποτωθψει","prevent","stop"
"αράχνη","έντομο","ζητομο","αρρόνη","spider","insect"
"αργά","νωρίς","guρίς","αρόρ","late","early"
"αργά","γρήγορα","γρατορα","αρόρ","slowly","quickly"
"αργός","γρήγορα","γρατορα","αρνής","slow","fast"
"αργόσχολος","περιοδικό","περιάσικό","αργόσχημος","playboy","magazine"
"αρένα","πεδίο μάχης","πεδίο μάιος","υβένα","arena","battlefield"
"άρης","αφροδίτη","αφρολατη","άρετ","mars","venus"
"άρθρο","εφημερίδα","εφημερωσα","άρηλο","article","newspaper"
"αριθμός","διεύθυνση","διάτθυνση","αριθεσς","number","address"
"αρκετά","επαρκής","επαρτύς","αρχατά","enough","sufficient"
"αρκετά","πανεμορφη","πανεμοάλη","αρχατά","pretty","beautiful"
"αρκούδα","λύκος","λύχρς","αρκοιvα","bear","wolf"
"αρνηθεί","αποδέχομαι","αποδεζομαι","αρραθεί","refuse","accept"
"αρπάζω","σύλληψη","σύρεηψη","αρπάιπ","grab","catch"
"αρσενικός","θηλυκός","θηλυτές","αρφωνικός","male","female"
"αρχαιότερος","κατώτερος","καράτερος","αρχαρμτερος","senior","junior"
"αρχείο","έγγραφο","έγιvαφο","αρχεκη","file","document"
"άρχοντας","κυρία","κυτια","άρντντας","lord","lady"
"ασθενοφόρο","ελικόπτερο","ινικόπτερο","ασέλνοφόρο","ambulance","helicopter"
"ασπίδα","πανοπλία","πανοπλάι","αστεδα","shield","armor"
"ασπιρίνη","μορφίνη","μοοξίνη","ασπιρίζα","aspirin","morphine"
"αστραπή","βροντή","βριητή","αστρυδή","lightning","thunder"
"αστροναύτης","πιλότος","πιαρτος","αστρονόητης","astronaut","pilot"
"ασυνήθης","παράξενος","παράρώνος","ασυνεξης","unusual","strange"
"ασφάλεια","ασφάλεια","ασφάήρια","ασφάήρια","security","safety"
"ασφαλής","ασφαλής","ασφαίνς","ασφαπος","safe","secure"
"ατομικός","πυρηνικός","πυμονικός","ατομονός","atomic","nuclear"
"ατυχής","ατυχία","ατέλία","ατέλής","unfortunate","misfortune"
"αυξάνουν","περιορίζω","περιορούω","αυήινουν","increase","reduce"
"αύριο","πρωί","πρρv","ρόριο","tomorrow","morning"
"αυτόγραφο","φωτογράφος","φωτογρντος","αυτόσηαφο","autograph","photographer"
"αυτοκρατορικός","αυτοκράτορας","αυτοκράτορευ","αυτοκρατιτικός","imperial","emperor"
"αυτοκτονία","δολοφονία","δολοαρνία","αυτοκτχεία","suicide","murder"
"αυτοψία","ανάλυση","ανχουση","αυτουφα","autopsy","analysis"
"αφελής","χαζος","χαλως","αφελάχ","naïve","stupid"
"αφελής","κυνικός","μενικός","αφελάχ","naive","cynical"
"άφιξη","αναχώρηση","αναχρηηση","joιξη","arrival","departure"
"αφοσίωση","τιμιότητα","τιτίότητα","αφοσλήση","loyalty","honesty"
"αφρική","αμερική","αμκτική","μυρική","africa","america"
"άχρηστος","άνευ αξίας","άνευαιξίας","άχουστος","useless","worthless"
"βαζω τιμωρια","σύλληψη","σύρεηψη","βανά τιμωρια","punish","arrest"
"βαλβίδα","εξαερισμός","εξέθρισμός","βαιοίδα","valve","ventilation"
"βάρος","ύψος","γχος","αύρος","weight","height"
"βαρύς","βαριά","έκριά","βαέος","heavy","heavily"
"βαρώνος","κόμισσα","κόμινχα","βανανος","baron","countess"
"βασανιστήριο","βασανιστήριο","βατάνιστήριο","βαεθνιστήριο","torment","torture"
"βάση","κεντρικά γραφεία","κεντρικάαοραφεία","ξηση","base","headquarters"
"βάσιγκτων","βοστώνος","βοστρεος","βάσιέςτων","washington","boston"
"βασιλικός","βασίλειο","βαελλειο","βασιμοκός","royal","kingdom"
"βασίλισσα","βασιλιάς","βασιλιππ","βαυαλισσα","queen","king"
"βάτραχος","σαύρα","ιούρα","ίντραχος","frog","lizard"
"βελόνα","σύριγγα","σύριοία","βεζάνα","needle","syringe"
"βήχας","πυρετός","πυρεψος","βήγoς","cough","fever"
"βιβλιοθήκη","μουσείο","μουσιώο","βιβλιοκέκη","library","museum"
"βιομηχανία","επιχείρηση","επιχτηρηση","βιομηχανεμ","industry","business"
"βλέπω","συναντώ","συναηγώ","βλύψω","see","meet"
"βοήθεια","βοηθώ","φαηθώ","βοχνεια","help","assist"
"βοηθός","ιό","θί","βοιχός","aids","hiv"
"βολή","βλαστός","maαστός","βοξα","shot","shoot"
"βόμβα","εκρηκτικός","εκρηθεικός","βόζία","bomb","explosive"
"βραδινό","πρωινο γευμα","πρωινοάπευμα","βρλαινό","dinner","breakfast"
"βράχος","πέτρα","πέσία","βράχτε","rock","stone"
"βροχή","χιόνι","χιμπι","βρωτή","rain","snow"
"βρυκόλακας","βρυκόλακας","βρυκξιακας","βρόχόλακας","zombie","vampire"
"βρώμικος","αηδιαστικός","juδιαστικός","βρμάικος","dirty","disgusting"
"γαβάθα","πλάκα","πλαια","γαϊτθα","bowl","plate"
"γάιδαρος","άλογο","λόογο","γάιδαρνή","donkey","horse"
"γάιδαρος","βαρέλι","τερέλι","γάιδαρνή","ass","butt"
"γάλα","χυμός","χυσες","υέλα","milk","juice"
"γαμπρός","νυφη","νυχθ","τάμπρός","groom","bride"
"γελοίος","παράλογος","παράμπγος","γελοφυς","ridiculous","absurd"
"γενικός","συνταγματάρχης","συνταγματάάρης","νονικός","general","colonel"
"γέννηση","εγκυμοσύνη","εγκυμοπονη","ψεννηση","birth","pregnancy"
"γεννήτρια","αντιδραστήρας","αντιδρασντρας","γεοφήτρια","generator","reactor"
"γεύση","μυρωδιά","μυγάδιά","γεόλη","taste","smell"
"γευστικός","νόστιμο","χάστιμο","πουστικός","tasty","delicious"
"γέφυρα","σήραγγα","μύραγγα","ινφυρα","bridge","tunnel"
"γη","πετώ","πεως","θλ","land","fly"
"γιόγκα","μασάζ","μακαζ","γιτόκα","yoga","massage"
"γκολφ","τένις","εσνις","οπολφ","golf","tennis"
"γλυκός","χαριτωμένος","χαριγημένος","βάυκός","sweet","cute"
"γνώμη","στάση","στύνη","γναρη","opinion","attitude"
"γοητεία","ομορφιά","ομορβγά","γοιχεία","charm","beauty"
"γραμματέας","βοηθός","βοηθαε","γραμμαύζας","secretary","assistant"
"γρατσουνιά","μώλωπας","μώοιπας","γρλίσουνιά","scratch","bruise"
"γραφείο","γραφείο","γρελείο","γραφαιο","desk","office"
"γρίπη","νόσος","λέσος","γρλψη","flu","disease"
"γυαλιά","καπάκι","καιvκι","γυαλύπ","glasses","cap"
"γυμνός","γυμνός","γυλλός","γυφλός","nude","naked"
"γωνία","δρομάκι","δρομοδι","χήνία","corner","alley"
"δαχτυλίδι","κολιέ","κουόέ","δαχτιγίδι","ring","necklace"
"δάχτυλο","αντίχειρας","αντίχεάδας","reχτυλο","finger","thumb"
"δεδομένα","πληροφορίες","πληροφορμης","γοδομένα","data","information"
"δένω","γραβάτα","γραβρμα","γγνω","bind","tie"
"δεξαμενή","κινητήρας","κιρωτήρας","δεξαμερλ","tank","engine"
"δέρμα","ιστός","ισγος","δέυλα","skin","tissue"
"δευτέρα","τρίτη","τρανη","δευταλα","monday","tuesday"
"δευτερεύων","πρωταρχικός","πρωταρχισας","δευτερψεων","secondary","primary"
"δεύτερος","λεπτό","λεσκό","δελφερος","second","minute"
"δηλητήριο","σκοτώνω","σκοτροω","κιλητήριο","poison","kill"
"δημιουργία","καταστροφή","καταστρούς","δημιουοψία","creation","destruction"
"δημιουργώ","παράγω","παράνέ","δημιουοτώ","create","produce"
"δημοπρασία","πώληση","unληση","δημοραασία","auction","sale"
"δημοσιογραφία","πολιτική","πουλτική","δημολλογραφία","journalism","politics"
"δημοσιογράφος","δημοσιογράφος","δημοσιογράντς","δημοσιογταφος","reporter","journalist"
"δημοφιλής","διάσημος","διάσολος","δημοφιπος","popular","famous"
"διαγράμματος","άσχημος","φέχημος","διφοράμματος","digusting","ugly"
"διαδίκτυο","ιστός","ισγος","διαδίκμφο","internet","web"
"διαδρομή","μονοπάτι","μονογκτι","διαδρουτ","route","path"
"διαζύγιο","γάμος","σίμος","δικέύγιο","divorce","marriage"
"διακοπή","ενοχλεί","ενοχημί","διινοπή","interrupt","disturb"
"διαμάντι","κόσμημα","κόσμήνα","διαμεστι","diamond","jewel"
"διαμαρτυρία","επίδειξη","εππλειξη","διαμαρμπρία","protest","demonstration"
"διαμέτρημα","σφαίρα","νιαίρα","διαμούρημα","caliber","bullet"
"διαμονή","παραμένει","παρακανει","διάφονή","stay","remain"
"διανοητικός","συναισθηματική","συναμπθηματική","διανάρτικός","mental","emotional"
"διάρροια","ναυτία","ναυτοτ","διάρροσύ","diarrhea","nausea"
"διασημότητα","αστέρι","αστέντ","διασχίότητα","celebrity","star"
"διάσκεψη","συνάντηση","συνάάφηση","διπηκεψη","conference","meeting"
"διάσωση","αποθηκεύσετε","αποθοχεύσετε","δικεωση","rescue","save"
"διατηρώ","διατηρούν","διατπιούν","διατεύώ","preserve","maintain"
"διαφήμιση","εμπορία","εμπούσα","διαφελιση","advertising","marketing"
"διαχειρίζονται","πετυχαίνω","πετυχαμέω","διογειρίζονται","manage","succeed"
"διαχείριση","κυβέρνηση","αιβέρνηση","διαχχεριση","administration","government"
"διαχείριση","διοικητικός","διστκητικός","διαχχεριση","management","administrative"
"διεθνές","κόσμος","κόύλος","διωινές","international","world"
"διευθυντής","αφεντικό","υμεντικό","διευθυνταπ","manager","boss"
"δικαιοδοσία","εξουσία","εξουάρα","δικαιοφυσία","jurisdiction","authority"
"δικαστήριο","δικαστής","δικατηής","δικατηήριο","court","judge"
"δικηγόρος","κατήγορος","καραγορος","δικηαίρος","lawyer","prosecutor"
"δίκτυο","σύστημα","νώστημα","δίκτφω","network","system"
"διοικητής","καπετάνιος","καπετάρδος","διοικηγος","commander","captain"
"διορθώσετε","επισκευή","επισκελλ","διορρόσετε","fix","repair"
"διπλό","τριπλούς","τριπλοκά","διωγό","double","triple"
"δίπλωμα","αποφοιτώ","αποφοιπό","άμπλωμα","diploma","graduate"
"δισκίο","χάπι","χάμσ","διώνίο","tablet","pill"
"δόση","ένεση","ένναη","σλση","dose","injection"
"δουλειά","δουλειά","δολθειά","δοεψειά","job","work"
"δούλος","υπηρέτης","υπηρέτοι","δοαιος","slave","servant"
"δράκων","λιοντάρι","λιγότάρι","γνάκων","dragon","lion"
"δράμα","κωμωδία","κωνόδία","ενάμα","drama","comedy"
"δραματικός","ρομαντικός","ρομαντικού","δραματικού","dramatic","romantic"
"δρόμος","αυτοκινητόδρομος","αυτοκινητόδρρχος","γνόμος","road","highway"
"δύναμη","δύναμη","ίωναμη","δύνακε","strength","force"
"δυναστεία","αυτοκρατορία","αυτοκρατορού","δυκοστεία","dynasty","empire"
"δυνητικός","ταλέντο","ταβλντο","δυσάτικός","potential","talent"
"δύο","τέσσερις","τέσσερμπ","κσο","two","four"
"δυσάρεστος","ακάθαρτος","ακρίαρτος","δυσάουστος","nasty","filthy"
"δυτικά","ανατολή","ανατροή","ηκτικά","west","east"
"δωμάτιο","υπνοδωμάτιο","υπνοχημάτιο","δωμάαλο","room","bedroom"
"δώρο","ανταμοιβή","ανταμοωχή","ψήρο","bonus","reward"
"δωροδοκία","εκβιασμός","εκβιασιος","γχροδοκία","bribe","blackmail"
"δώσει το έναυσμα για","θέτω εις ενέργειαν","θέτω ειςτονέργειαν","δώσει το έναυσμαερια","trigger","activate"
"εγγονός","ανιψιός","αναξιός","εγνωνός","grandson","nephew"
"εγγύηση","υπόσχεση","υποφχεση","εγπτηση","guarantee","promise"
"εγκέφαλος","εγκεφαλικός","εγγυφαλικός","εγωιφαλος","brain","cerebral"
"εγώ θα","άρρωστος","θέρωστος","εγιόθα","ill","sick"
"εδώ","εκεί","οιεί","ωπώ","here","there"
"εθελοντής","οικειοθελώς","οικειοθείσς","εθελονέμς","volunteer","voluntarily"
"εθνικός","παγκόσμια","παγκδομια","saνικός","national","global"
"ειδικός","μοναδικός","μονατόκός","τοδικός","special","unique"
"εικόνα","φωτογραφία","φωτογρλεία","ειγίνα","picture","photo"
"ειρηνικός","ατλαντικός","κόλαντικός","τορηνικός","pacific","atlantic"
"ειρωνεία","ειρωνικός","ειρωπίκός","ειλύνεία","irony","ironic"
"εισάγετε","βάζω","βάγκ","ειτογετε","insert","put"
"εισαγω","πηγαίνω","μίγαίνω","εισαλώ","enter","go"
"εισβολή","επίθεση","ατίθεση","ειντολή","invasion","attack"
"εισιτήριο","διαβατήριο","διαβατίζιο","εισικαριο","ticket","passport"
"εκατομμύριο","δισεκατομμύριο","δισεκατοσεύριο","εκατομηρριο","million","billion"
"εκατομμυριούχος","επιχειρηματίας","επιχειοιματίας","εκατομήτριούχος","millionaire","entrepreneur"
"εκδίκηση","δικαιοσύνη","δικαλύσύνη","εκθήκηση","revenge","justice"
"έκθεση","λογικός","λογισμς","ηφθεση","fair","reasonable"
"εκθεσιακός χώρος","έκθεση","ριθεση","εκθενήακός χώρος","gallery","exhibition"
"εκκλησία","παρεκκλήσι","παρεκκωτσι","εκκλτεία","church","chapel"
"εκπληκτικός","φανταστικός","βονταστικός","εκπλδυτικός","wonderful","fantastic"
"έκπληξη","απογοήτευση","απογνότευση","έκπλάλη","surprise","disappointment"
"έκρηξη","εκραγεί","εκφυγεί","ουρηξη","burst","explode"
"ελάχιστο","το πολύ","τοβίολύ","εληθιστο","minimum","maximum"
"έλεγχος","επαληθεύω","κκαληθεύω","μυεγχος","check","verify"
"έλεγχος","χειραγωγώ","χειραγοπώ","μυεγχος","control","manipulate"
"ελευθερία","δημοκρατία","κιμοκρατία","ελευδωρία","freedom","democracy"
"ελευθερώς","ελεύθερος","ελεύαιρος","ελευθείτς","freely","free"
"ελκυστικός","γοητευτικός","ινητευτικός","ελπάστικός","attractive","charming"
"ελπίδα","πίστη","οπστη","ελικδα","hope","faith"
"εμπειρία","η γνώση","οςγνώση","εμπεολία","experience","knowledge"
"εμπειρογνώμονας","ειδικός","τοδικός","εμπειρογόρμονας","expert","specialist"
"εμπιστοσύνη","πιστεύω","πιστατω","εμπιστοσάση","trust","believe"
"εμπνέω","έμπνευση","έμβοευση","εμπνίφ","inspire","inspiration"
"εμπόδιο","πρόκληση","πρόκληθε","εμπόητο","obstacle","challenge"
"εμπορικός","έμπορος","έμπουςς","εμποριορς","commercial","merchant"
"εμπρός","όπισθεν","μμισθεν","εμηγός","front","rear"
"εμφύλιος","στρατός","στραυνς","εμπέλιος","civil","military"
"ένας","τρία","τρέν","ομας","one","three"
"ένδοξος","δόξα","σλξα","ένδοΐας","glorious","glory"
"ενεργός","δραστηριότητα","γναστηριότητα","ενερέβς","active","activity"
"ενήλικας","μητρική εταιρεία","μησεική εταιρεία","ενώσικας","adult","parent"
"ενθουσιασμός","πάθος","πάμές","ενθουσιασμεί","enthusiasm","passion"
"ενίοτε","σπανίως","κμανίως","ενόύτε","occasionally","rarely"
"έννοια","ορισμός","ορισιος","ύπνοια","concept","definition"
"έννοια","σημασια","σημαυτα","ύπνοια","meaning","importance"
"ενοικίαση","ενοίκιο","ενεκκιο","ενοιτραση","hire","rent"
"ενοικιαστής","σπιτονοικοκύρης","σπιτοναςκοκύρης","ενοικινςτής","tenant","landlord"
"ενότητα","παράγραφος","παράλφαφος","ενηςητα","section","paragraph"
"ένστικτο","διαίσθηση","διέγσθηση","ένστρετο","instinct","intuition"
"εντάξει","ναι","γοι","ενουξει","okay","yeah"
"εντολή","σειρά","σεηνά","εντουσ","command","order"
"εντύπωση","συναισθημα","συναισευμα","ενώθπωση","impression","feeling"
"εντυπωσιακο","φοβερο","φοαδρο","εντυπωσιβιο","impressive","amazing"
"εντυπωσιακός","θεαματικός","θειάατικός","εντυπωσιακάτ","sensational","spectacular"
"εξαιρετικός","αξιοσημείωτος","αξιοσημεαύτος","εξομρετικός","exceptional","remarkable"
"εξαλείφω","αφαιρώ","αφαιχή","εξαλείοή","eliminate","remove"
"εξέλιξη","μετάλλαξη","μενελλαξη","οσέλιξη","evolution","mutation"
"εξετάζω","ερευνώ","ερευγμ","εξβγάζω","examine","investigate"
"εξέταση","επιθεώρηση","επιθέσρηση","ηρέταση","examination","inspection"
"εξήγηση","εύλογος","άρλογος","εξάνηση","explanation","plausible"
"έξοδος","είσοδος","είεςδος","ρυοδος","exit","entrance"
"εξοπλισμός","εξοπλίζω","εξοπλίσα","ιροπλισμός","equipment","equip"
"εξουσία","ενέργεια","ενέρθηια","εξουάρα","power","energy"
"έξοχος","μεγάλος","μετελος","anοχος","excellent","great"
"έξυπνος","έξυπνος","έξεννος","έξευνος","smart","intelligent"
"έξω","σχετικά με","σχετικφιμε","ύνω","out","about"
"εξω απο","μέσα","μέξι","εξνζαπο","outside","inside"
"επακρώς","πολύ","ποlk","επακαϊς","extremely","very"
"επείγων","επείγον","επείδιν","εποιγων","urgent","emergency"
"επεξεργάζομαι, διαδικασία","διαδικασία","διαδικοπία","επεξεργάζομαι, διαδικαμοα","process","procedure"
"επέτειος","γενέθλια","γεωρθλια","επέτογος","anniversary","birthday"
"επιβάτης","οδηγός","οδωπός","επσκάτης","passenger","driver"
"επιβεβαίωση","επιβεβαιώνω","επιβεβαιάρω","επιβεβρτωση","confirmation","confirm"
"επιδόρπιο","κέικ","ραικ","επιδόρύρο","dessert","cake"
"επιθεωρητής","επίτροπος","επίταγπος","επιθτήρητής","inspector","commissioner"
"επιθυμία","επιθυμία","επιθερία","επιθηρία","desire","wish"
"επικίνδυνος","επικίνδυνος","επικετδυνος","επικετδυνος","risky","dangerous"
"επικοινωνία","σύνδεση","σύπίεση","επικοιοινία","contact","connection"
"επιλέγω","επιλέγω","επιλλθω","επριέγω","choose","select"
"επιλογή","επιλογή","επιλέχή","εποδογή","choice","option"
"επιπλέον","πρόσθετος","πρμαθετος","επιπάγον","extra","additional"
"επιρροή","αποτέλεσμα","αποτημεσμα","επλτροή","influence","effect"
"επίσημα","επίσημος","εππλημος","επίστια","officially","official"
"επίσκοπος","καρδινάλιος","καρδμβάλιος","επίσταπος","bishop","cardinal"
"επιτρέπω","αφήνω","αφύγω","επιτρέκα","allow","let"
"επιτρέπω","προμηθεύω","προμοπεύω","επιτρέκα","enable","provide"
"επιτροπή","επιτροπή","επψαροπή","επιτρουε","commission","committee"
"επιτυχία","αποτυχία","αποτυχισ","επιτυχισ","success","failure"
"επιχειρήσεων","λειτουργικός","λετσουργικός","επιχμωρήσεων","operational","functional"
"ερασιτέχνης","επαγγελματίας","επιφγελματίας","ερασιτυπνης","amateur","professional"
"εργαλείο","όργανο","όρλωνο","εργαλεκη","tool","instrument"
"εργαστηρι","γκαράζ","γκαρτο","εργασττέι","workshop","garage"
"έργο","αποστολή","αποστοξα","έρευ","task","mission"
"έργο","πρόγραμμα","πρόγρααγα","έρευ","project","program"
"εργοστάσιο","παραγωγή","παραδιγή","ερδώστάσιο","factory","production"
"έρευνα","μελέτη","μελέκτ","έρσένα","research","study"
"έρημος","κοιλάδα","κοιλέτα","έρθεος","desert","valley"
"ερωμένη","εραστής","τοαστής","ερβάένη","mistress","lover"
"ερώτηση","παρακαλώ","παρακατό","ερφρηση","question","ask"
"εσωτερικός","εξωτερικός","εξωτερικεί","ανωτερικός","internal","external"
"εταιρεία","πρακτορείο","πρακτορεμί","μόαιρεία","firm","agency"
"εταιρία","εταιρεία","μόαιρεία","εταισχα","company","corporation"
"έτοιμος","προετοιμάζω","προετοιμασω","έτραμος","ready","prepare"
"ευγενής","γενναίος","γεννωπος","ευγειος","noble","brave"
"ευγενικός","φιλικός","γαλικός","ευνονικός","polite","friendly"
"ευγνώμων","ευχαριστώ","ευστριστώ","ευγνγίων","grateful","thank"
"ευθύνη","καθήκον","καθήσων","ευύμνη","responsibility","duty"
"ευκαιρία","δυνατότητα","δυνατόνιτα","ευφυιρία","chance","possibility"
"ευχαρίστηση","χαρά","χαστ","ευχαρίζοηση","pleasure","joy"
"εφηβική","νεαρός","νεστός","εφλπική","teenage","teenager"
"εφιάλτης","όνειρο","νάειρο","εφιάλτου","nightmare","dream"
"εχθρός","αντίπαλος","αντίβολος","έδθρός","enemy","opponent"
"ζάχαρη","σοκολάτα","σοκολάνγ","ζάντρη","sugar","chocolate"
"ζεστό","κρύο","κρgd","μυστό","hot","cold"
"ζεστός","δροσερός","δράφερός","ζεργός","warm","cool"
"ζηλιάρης","θυμωμένος","θυνομένος","χέλιάρης","jealous","angry"
"ζήτηση","αίτηση","όστηση","υγτηση","demand","request"
"ζούγκλα","δάσος","εώσος","ζούγόκα","jungle","forest"
"ζω","επιζώ","επυλώ","θρ","live","survive"
"ζωντανός","νεκρός","νεοιός","σαντανός","alive","dead"
"ζωολογικοσ κηποσ","τσίρκο","τσξακο","ζωολογικοσ κηπόβ","zoo","circus"
"η δυση του ηλιου","αυγή","αυθό","ίωδυση του ηλιου","sunset","dawn"
"η πλειοψηφία","ψήφος","ρόφος","ώωπλειοψηφία","majority","vote"
"η φυσικη","μαθηματικά","μαευματικά","η φυσιές","physics","mathematics"
"ήδη","ακόμη","ακρνη","eβη","already","still"
"ημερολόγιο","πρόγραμμα","πρόγρααγα","ημερολυριο","calendar","schedule"
"ήρωας","σωτήρας","εφτήρας","γήωας","hero","savior"
"ησυχια","ηρεμία","ηριχία","ησύδια","quiet","calm"
"ηττημένος","νικητής","ρόκητής","βάτημένος","loser","winner"
"θάλασσα","ωκεανός","tεεανός","ριλασσα","sea","ocean"
"θαλάσσια","πολεμικο ναυτικο","ποιομικο ναυτικο","θαλάυχια","marine","navy"
"θάμνος","δέντρο","δέρνρο","θάκλος","bush","tree"
"θανάσιμα","μοιραίος","μοιριώος","θανάγεμα","deadly","fatal"
"θάνατος","εξαφάνιση","εξαφοπιση","θάναμες","death","disappearance"
"θάρρος","προσδιορισμός","προσδιορισιος","θάνθος","courage","determination"
"θαυμάζω","εκτιμώ","εκτιπo","θαυμπίω","admire","appreciate"
"θέα","προοπτική","προοάρική","χρα","view","perspective"
"θείος","μπαμπάς","μπαμνις","ανίος","uncle","dad"
"θεός","θεϊκός","θεότός","ρπός","god","divine"
"θεραπεία","θεραπευτική αγωγή","θεραπευτικίραγωγή","θεραπερή","therapy","treatment"
"θερμότητα","θερμοκρασία","θερμοκατσία","θειζότητα","heat","temperature"
"θέση","τοποθεσία","τοποθεαμα","βηση","place","location"
"θετικός","αρνητικός","αρρατικός","ρντικός","positive","negative"
"θηρίο","ζώο","εοο","θηλμο","beast","animal"
"θησαυρός","πλούτος","πλλητος","θησαυρεθ","treasure","wealth"
"θόρυβος","ήχος","kρος","θόρυγκς","noise","sound"
"θραύσμα","κομμάτι","κοακάτι","θραύτοα","fragment","piece"
"θύμα","επιτεθείς","επιτοδείς","λιμα","victim","attacker"
"θυμός","οργή","ορπε","φλμός","anger","rage"
"ιατρικός","ψυχολογικός","χέχολογικός","chτρικός","medical","psychological"
"ιδανικός","τέλειος","λίλειος","κβανικός","ideal","perfect"
"ιδέα","θεωρία","θεωριέ","ιδρτ","idea","theory"
"ιδιοκτησία","ιδιοκτήτης","ιδδικτήτης","ιδιοηθησία","property","owner"
"ιδιοφυία","επιστήμονας","επισπόμονας","ιδιοπρία","genius","scientist"
"ιδιωτικός","μυστικότητα","έλστικότητα","ιδειτικός","private","privacy"
"ικανοποιημένοι","ευτυχισμένος","ευτυπώσμένος","ικανοποικεένοι","satisfied","happy"
"ιός","μόλυνση","μόλυβόη","ώμς","virus","infection"
"ιούνιος","ιούλιος","ηχύλιος","ιομάιος","june","july"
"ιππικό","πυροβολικό","πυρουςλικό","ιπνοκό","cavalry","artillery"
"ισορροπία","αρμονία","αρμουδα","ισορσαπία","balance","harmony"
"ισχύουν","χρήση","χρύτη","ισοσουν","apply","use"
"ισχυρός","αδύναμος","αδύνάκος","ισχυλης","strong","weak"
"καγκελάριος","πρόεδρος","πρόεσιος","νιγκελάριος","chancellor","president"
"καθαρη","πλύση","σδύση","καθανώ","clean","wash"
"καθημερινά","εβδομαδιαίος","δίδομαδιαίος","καθημεριαμ","daily","weekly"
"καθολικός","χριστιανός","χρισμέανός","κατάλικός","catholic","christian"
"καίσαρας","ρώμη","αίμη","καίσυλας","caesar","rome"
"κακό","σκληρότητα","σκληπττητα","μικό","evil","cruelty"
"καλλιτέχνης","ζωγράφος","ζωγρντος","καλλιτδυνης","artist","painter"
"καλόγερος","παπάς","πανις","καλόδορος","monk","priest"
"καλοκαίρι","χειμώνας","χερεώνας","καλοκαετι","summer","winter"
"καλός","κακό","μικό","καρίς","good","bad"
"κάλυμμα","κρύβω","κρίλω","κάλυπάα","cover","hide"
"καλώδιο","σύρμα","σύλία","κανάδιο","cable","wire"
"καμπάνια","εκλογή","εκλοαv","καμπτεια","campaign","election"
"καμπίνα","κατάστρωμα","κατάτέρωμα","καμποτα","cabin","deck"
"κανάλι","νέα","ύπα","καζήλι","channel","news"
"καναπές","κρεβάτι","κριθάτι","καναδες","sofa","bed"
"κανέλα","βανίλια","βανίασα","καυχλα","cinnamon","vanilla"
"κανόνας","πρωτόκολλο","πρωτόκολήσ","κασονας","rule","protocol"
"κανονίζω","οργανώνω","οργαρενω","κανονίσσ","arrange","organize"
"κανονικά","συνήθως","συνήετς","καγωνικά","normally","usually"
"κανω αναφορα","πληροφορώ","πληρεμορώ","κακή αναφορα","report","inform"
"καπηλειό","εστιατόριο","εσορατόριο","καυόλειό","pub","restaurant"
"καπνός","πούρο","ποόγο","καπνοπ","smoke","cigar"
"καπνός","τσιγάρο","τσιγελο","καπνοπ","tobacco","cigarette"
"κάρβουνο","λάδι","λάκω","κάρβμώνο","coal","oil"
"καριέρα","φήμη","hyμη","καρινγα","career","reputation"
"καρναβάλι","φεστιβάλ","φεστατάλ","καρναβσοι","carnival","festival"
"καρφί","δόντι","έτντι","καότί","nail","tooth"
"καρχαρίας","ψάρι","όμρι","καρχαρδις","shark","fish"
"κατά λάθος","εκ προθέσεως","εκαεροθέσεως","κατά λώτος","accidentally","intentionally"
"καταγγελία","κατηγορία","κατηγουώα","καταγγελασ","complaint","accusation"
"καταπιεί","μασάω","μαίδω","καταεμεί","swallow","chew"
"κατάρα","μάγισσα","μάνοσσα","καειρα","curse","witch"
"κατασκευή","χτίζω","σίίζω","κατασκυφή","construction","build"
"κατασκήνωση","χωριό","πηριό","κατασκπτωση","camp","village"
"κατασκοπεία","σαμποτάζ","σαμπχλάζ","κατασκοπούα","espionage","sabotage"
"κατάσκοπος","προδότης","προδίνης","κατάταοπος","spy","traitor"
"κατάσταση","κρίση","κρούη","καμισταση","situation","crisis"
"κατάσταση","θέση","υρση","καμισταση","status","position"
"κατάστημα","κατάστημα","κατάστευα","κατάστευα","shop","store"
"καταφύγιο","καταφύγιο","καταφύυρο","κατασίγιο","refuge","shelter"
"κάτω","πάνω","πάξε","κάλό","down","up"
"καφέ","μπλε","μπμι","καιξ","brown","blue"
"κάψουλα","καθετήρας","καθεντρας","κάvευλα","capsule","probe"
"κείμενο","ποίημα","πομιμα","κετρενο","text","poem"
"κέρατο","σφυρίζω","μαυρίζω","κέπττο","horn","whistle"
"κέρδος","νίκη","πήκη","κένιος","gain","win"
"κέρδος","εισόδημα","ειυίδημα","κένιος","profit","income"
"κέτσαπ","μαγιονέζα","μαρχονέζα","κέτσίτ","ketchup","mayonnaise"
"κεφάλαιο","πόλη","πόνε","κεγέλαιο","capital","city"
"κιλό","γραμμάριο","γραμφίριο","κιβω","kilo","gram"
"κίνδυνος","κίνδυνος","κίζευνος","νόνδυνος","risk","danger"
"κινηματογράφος","θέατρο","πιατρο","κινηματογρντος","cinema","theater"
"κίνηση","μεταφορα","μεταεγρα","άλνηση","move","transfer"
"κίνητρο","άλλοθι","άλμύθι","κίβιτρο","motive","alibi"
"κλέβω","ληστεύω","taστεύω","κλαθω","steal","rob"
"κλειδί","κλειδαριά","κλειικριά","κλειoo","key","lock"
"κλειδωμένος","κλειστό","κλνωστό","κλειεςμένος","locked","closed"
"κλέφτης","εγκληματίας","εγκληματασς","κλικτης","thief","criminal"
"κληρονομία","κληρονομώ","κληροναχώ","κληρονομηθ","heritage","inherit"
"κλήση","τηλέφωνο","τηλέντνο","κλεφη","call","telephone"
"κλοπή","ληστεία","taστεία","σιοπή","theft","robbery"
"κοινοβούλιο","γερουσία","γειαυσία","κοινλλούλιο","parliament","senate"
"κοινωνία","κοινότητα","κοσκότητα","κοιννεία","society","community"
"κοίτα","παρακολουθώ","παρακολοονώ","κοπαα","look","watch"
"κοκαΐνη","ηρωίνη","ηρζώνη","κοκασηη","cocaine","heroin"
"κολακεύω","εντυπωσιάζω","εντυπωιράζω","κολακενς","flatter","impress"
"κολλέγιο","πανεπιστήμιο","πανεπιστέκιο","κολλεζιο","college","university"
"κόλπος","πέος","ηβος","κόμεος","vagina","penis"
"κομητεία","περιοχή","περισοή","κοτότεία","county","district"
"κοντά","μακριά","μακροψ","κοκιά","near","far"
"κόρη","υιός","σήός","τάρη","daughter","son"
"κορίτσι","αγόρι","αγινι","αιρίτσι","girl","boy"
"κόσμιος","τίμιος","τίάκος","κόσμήμς","decent","honest"
"κοτόπουλο","τουρκία","τοτεκία","κοράπουλο","chicken","turkey"
"κουβέρτα","πετσέτα","πείρέτα","κουβέρον","blanket","towel"
"κούκλα","παιχνίδι","παιχνίσο","κοραλα","doll","toy"
"κουμπί","τύπος","ξεπος","κουμάζ","button","press"
"κουρασμένος","πεινασμένος","πεινόμμένος","κούςασμένος","tired","hungry"
"κουτάλι","πιρούνι","πισωύνι","κουτίζι","spoon","fork"
"κουτί","τσάντα","ικάντα","κοϊνί","box","bag"
"κουτσομπολιό","σκάνδαλο","σκλαδαλο","κουτσοπρολιό","gossip","scandal"
"κραγιόν","άρωμα","άριςα","κραγερν","lipstick","perfume"
"κράνος","καπέλο","καόχλο","κρομος","helmet","hat"
"κρασί","σαμπάνια","σαμπρδια","κρφαί","wine","champagne"
"κρατήστε","διατήρηση","διατοδηση","κρατήσαμ","hold","keep"
"κρέμα","σάλτσα","σάπέσα","κρσχα","cream","sauce"
"κρέμασμα","εκτέλεση","εκτέφαση","κρελασμα","hanging","execution"
"κρίσιμος","πολιτικός","πουλτικός","κρίσιμότ","critical","political"
"κτηνώδης","σκληρός","σκθαρός","κτηνοτης","brutal","cruel"
"κτύπημα","απεργία","αποβγία","κτάτημα","hit","strike"
"κυβερνήτης","γερουσιαστής","ορρουσιαστής","κυβεκτήτης","governor","senator"
"κύκλος","τρίγωνο","τράςωνο","θέκλος","circle","triangle"
"κυνήγι","αλιεία","αλμπία","κυφαγι","hunting","fishing"
"κυριολεκτικά","πρακτικά","προωτικά","κυριολάμτικά","literally","practically"
"κύτταρο","φυλακή","λιλακή","ρωτταρο","cell","prison"
"κώδικας","κωδικός πρόσβασης","κωδικόφμπρόσβασης","όχδικας","code","password"
"λαζάνια","μακαρόνια","μακαλίνια","λαμινια","lasagna","spaghetti"
"λάθος","λάθος","οωθος","λάδως","error","mistake"
"λαιμός","λαιμός","λαδρός","λαιμμα","throat","neck"
"λάμπα","κερί","κελλ","λάόρα","lamp","candle"
"λάμψη","λαμπρόσ","λαμπχεσ","λάξοη","shine","bright"
"λανθασμένος","σωστός","σωστάζ","λανθημμένος","wrong","correct"
"λάσπη","άμμος","εύμος","λάακη","mud","sand"
"λεγεώνας","στρατός","στραυνς","λεγεωτας","legion","army"
"λεία","αρπακτικός","αρπανσικός","ιλία","prey","predator"
"λειτουργεί","χειρουργική επέμβαση","χειρουργική επταβαση","λεάρουργεί","operate","surgery"
"λεμονάδα","σόδα","άμδα","λεμονάρκ","lemonade","soda"
"λένε","λέγω","λέηλ","λέπι","say","tell"
"λέξη","πρόταση","προθαση","οιξη","word","sentence"
"λεξικό","φράση","φρόνη","λερωκό","dictionary","phrase"
"λεπτός","ευαίσθητος","ευρεσθητος","λεφλός","delicate","sensitive"
"λεπτός","πυκνός","πυκνάι","λεφλός","thin","thick"
"λεσβία","γκέι","γκάλ","λετιία","lesbian","gay"
"λέσχη","μπαρ","μπνυ","λέΐνη","club","bar"
"λευκό","μαύρος","μαλφος","λεγμό","white","black"
"λεωφόρος","δρόμος","δρόμησ","λεωφρεος","avenue","street"
"λίβρα","δολάριο","δοζόριο","λίώvα","pound","dollar"
"λίγο","μικρό","μιιμό","τέγο","little","small"
"λογισμικό","υπολογιστή","υπολλειστή","λογιαλικό","software","computer"
"λόγος","αιτία","αιναα","κίγος","reason","cause"
"λόφος","βουνό","βοοδό","άλφος","hill","mountain"
"λοχίας","υπολοχαγός","υπολοχαγιέ","λοπιας","sergeant","lieutenant"
"λυπημένος","τραγικός","τρημικός","χέπημένος","sad","tragic"
"μαγεία","μάγος","μάρας","μαδρία","magic","wizard"
"μάγειρας","σεφ","αρφ","μάχοιρας","cook","chef"
"μαγνητικός","ηλεκτρικός","ηλεκπαικός","μααπητικός","magnetic","electric"
"μαθαίνω","διδάσκω","διδάπλω","μαθαναω","learn","teach"
"μαθητης σχολειου","δάσκαλος","reσκαλος","μαθητης σχολυτου","student","teacher"
"μαλακός","ευγενής","ευγεινς","μαλανος","soft","gentle"
"μαλλιά","γενειάδα","γευριάδα","μαλλαλ","hair","beard"
"μαραθώνας","αγώνας","αγώνομ","μαραίωνας","marathon","race"
"μάρκα","προϊόν","πρησόν","μάαψα","brand","product"
"μάρτυρας","μαρτυρία","μαρτονία","μάρτυριτ","witness","testimony"
"μάτι","αυτί","αυin","ρετι","eye","ear"
"μαφία","καρτέλ","μάρτέλ","μασωα","mafia","cartel"
"μάχη","πάλη","πάππ","τήχη","combat","fight"
"μεγαλείο","υψηλότητα","paηλότητα","μεγαλεκη","majesty","highness"
"μεγάλο","τεράστιος","τεράσταίς","μεπιλο","big","huge"
"μέγεθος","μήκος","είκος","μέγεχης","size","length"
"μέθοδος","τεχνική","τεσμική","έρθοδος","method","technique"
"μέλι","βούτυρο","βούταιο","θολι","honey","butter"
"μέλισσα","μυρμήγκι","μυρμφώκι","μέλιούα","bee","ant"
"μελλοντικός","το παρελθόν","το παρδηθόν","μειωοντικός","future","past"
"μέλος","ηγέτης","ανέτης","ψιλος","member","leader"
"μεσάνυχτα","μεσημέρι","μεορμέρι","μετονυχτα","midnight","noon"
"μέσο","ντεντεκτίβ","ντεντεκτpa","υόσο","agent","detective"
"μετάξι","βαμβάκι","βαισάκι","μετάυρ","silk","cotton"
"μετρητά","χρήματα","υχήματα","μεύμητά","cash","money"
"μετρώ","υπολογίζω","υπολαλίζω","μεeδώ","count","calculate"
"μήλο","καρπός","καοφός","μήπω","apple","fruit"
"μήνας","εβδομάδα","εβδοποδα","μήvυς","month","week"
"μητέρα","πατέρας","παγορας","ποτέρα","mother","father"
"μηχανικός","αρχιτέκτονας","αρλητέκτονας","μηχαμηκός","engineer","architect"
"μίγμα","εδώδιμος ιχθύς του βορρά","εδώδιμος ιχθύς τουώρορρά","μίσυα","ming","ling"
"μικρός","μακρύς","μακριο","μιοιός","short","long"
"μιλα ρε","μιλώ","βυλώ","μιλαφίε","talk","speak"
"μίλι","εκατοστόμετρο","εκατάντόμετρο","πηλι","mile","centimeter"
"μισθοφόρος","δολοφόνος","δολοφότες","μιλάοφόρος","mercenary","assassin"
"μισώ","αγάπη","αγβρη","μιlu","hate","love"
"μνημείο","άγαλμα","άγδομα","μνσπείο","monument","statue"
"μόδας","κομψός","κογνός","μόους","fashionable","elegant"
"μοίρα","πεπρωμενο","πεπρανενο","μοσία","fate","destiny"
"μόλις","πρόσφατα","πρόσοvτα","ρέλις","just","recently"
"μόλυνση","ακτινοβολία","ακτινοβουλα","μόκενση","contamination","radiation"
"μονάδα","διαίρεση","ευαίρεση","τανάδα","unit","division"
"μονόκλινο","παντρεμένος","παντρετενος","μονότσινο","single","married"
"μόνος","μοναχικός","μοριχικός","μόπλς","alone","lonely"
"μοντέλο","πρωτότυπο","πρωτότύτο","μοντκιο","model","prototype"
"μοντέρνο","παραδοσιακός","παραδοτεακός","μοντέρετ","modern","traditional"
"μορφή","σημάδι","σημάμε","μοηλή","form","sign"
"μπανάνα","φράουλα","φρίτυλα","μπαναξα","banana","strawberry"
"μπάσκετ","ποδόσφαιρο","ποδόμεαιρο","μπργκετ","basketball","football"
"μπλουζα","κάτω μέρος","κάτωυδέρος","μπλοσώα","top","bottom"
"μπορεί","πιθανώς","πιθακάς","μπεκεί","maybe","probably"
"μπότα","παπούτσι","παπορεσι","μποχα","boot","shoe"
"μπράβο","άλφα","άλέι","μπράχω","bravo","alpha"
"μύθος","θρύλος","θρσμος","μύλάς","myth","legend"
"μυστικό","μυστήριο","έλστήριο","έλστικό","secret","mystery"
"μωρό","παιδί","παϊνί","μωλί","baby","child"
"να φερεις","στείλετε","στείδωτε","ναιμερεις","bring","send"
"ναός","μοναστήρι","μοκοστήρι","ναψη","temple","monastery"
"ναυτικός","στόλος","στχτος","ναικικός","naval","fleet"
"νεολαία","παιδική ηλικία","παιδικέσηλικία","νεολιαα","youth","childhood"
"νεύρο","μυς","ζις","νεπιο","nerve","muscle"
"νεφρό","συκώτι","συρετι","νευιό","kidney","liver"
"νηφάλιος","μεθυσμένος","μεθυμάένος","νησήλιος","sober","drunk"
"νίκη","ήττα","ίητα","νίίο","victory","defeat"
"νοέμβριος","δεκέμβριος","δεκέευριος","νογαβριος","november","december"
"νόμος","σύνταγμα","υίνταγμα","κίμος","law","constitution"
"νόμπελ","βραβείο","βροξείο","τάμπελ","nobel","prize"
"νοσοκομείο","κλινική","κλελική","νοσοκοιλίο","hospital","clinic"
"νότιος","δυτικός","όντικός","άλτιος","southern","western"
"νότος","βόρειος","roρειος","νόρμς","south","north"
"νταντά","υπηρέτρια","υπηρξερια","ντανοί","nanny","maid"
"ντους","τουαλέτα","τουαρττα","ίζους","shower","bathroom"
"νύχτα","απόγευμα","απόγκαμα","cuχτα","night","evening"
"νωτιαίος","κοιλιακός","κομειακός","βδτιαίος","spinal","abdominal"
"ξαφνικά","απρόσμενα","απιεσμενα","ξαίτικά","suddenly","unexpectedly"
"ξενοδοχειο","μοτέλ","μούπλ","ξενοέρχειο","hotel","motel"
"ξεχνάμε","θυμάμαι","θυeίμαι","ξεχνέςε","forget","remember"
"ξηρός","βρεγμένος","απεγμένος","ξηλης","dry","wet"
"όγκος","καρκίνος","καιείνος","εακος","tumor","cancer"
"οδηγώ","βόλτα","βόθρα","οδαπώ","drive","ride"
"οθόνη","οθόνη","αέόνη","zeόνη","screen","monitor"
"οικονομικά","χρηματοδότηση","χρηματαλότηση","λέκονομικά","financially","financing"
"όμηρος","φυλακισμένος","λιλακισμένος","αβηρος","hostage","prisoner"
"ομιλία","κήρυγμα","κήρυτήα","ομοφία","speech","sermon"
"ομολογώ","ομολογώ","ομολφθώ","ομοληχώ","admit","confess"
"όμορφη","ωραίος","ωρηθος","όμορτζ","nice","lovely"
"ομοσπονδιακός","κατάσταση","καμισταση","ένοσπονδιακός","federal","state"
"όνομα","τίτλος","έγτλος","ρχομα","name","title"
"οπλοστάσιο","οπλοστάσιο","πίλοστάσιο","οππέστάσιο","arsenal","armory"
"οργασμός","ανέγερση","ανέγέωση","ορπεσμός","orgasm","erection"
"ορκίζομαι","όρκος","όρμης","ορκίεςμαι","swear","oath"
"ορμόνη","αδρεναλίνη","αδρεναγανη","ορμόλο","hormone","adrenaline"
"όρμος","λιμάνι","λιέτνι","μόμος","bay","harbor"
"ορφανοτροφείο","γυναικεία μονή","γυναικεία μοόν","ορφαεξτροφείο","orphanage","convent"
"ορχήστρα","ζώνη","όγνη","οροαστρα","orchestra","band"
"οστό","κρανίο","κρανηκ","οσμη","bone","skull"
"ουίσκι","βότκα","γάτκα","ουίσσε","whiskey","vodka"
"ουρανός","ουράνιος","ουράωπος","ουραφές","sky","heavenly"
"όχημα","αυτοκίνητο","αυτοχονητο","ήγημα","vehicle","car"
"παγίδα","δόλωμα","δόρόμα","παγίστ","trap","bait"
"παίζω","παιχνίδι","παιχνίσο","πανάω","play","game"
"παλαιός","νέος","εδος","παλατες","old","young"
"παλάτι","κάστρο","μιστρο","παλάνγ","palace","castle"
"πανί","μαντήλι","μαντσoι","παιβ","cloth","handkerchief"
"πανούκλα","επιδημία","επόπημία","πανοδηλα","plague","epidemic"
"πάντα","συνεχώς","συνεοις","πάκια","always","constantly"
"παππούς","γιαγιά","γιόνιά","παεβούς","grandfather","grandmother"
"παράγοντας","στοιχείο","στοιχειμ","παχηγοντας","factor","element"
"παραγωγός","διευθυντής","διευθυντνι","παραγωνής","producer","director"
"παράδεισος","κόλαση","κόλαιπ","παράδεώρος","paradise","hell"
"παράθυρο","πόρτα","πόφια","παράθυνσ","window","door"
"παραίτηση","απόλυση","απνουση","παραώνηση","resignation","dismissal"
"παραλία","ακτή","ακοι","παραυλα","beach","coast"
"παράλογος","ανεύθυνος","ανεύμανος","παράσωγος","unreasonable","irresponsible"
"παρανοϊκός","τρελός","τρελια","παρανοαλός","paranoid","crazy"
"παράνομος","νομικός","νοκακός","παράαρμος","illegal","legal"
"παρασκευή","σχεδίαση","σχεδειση","παραβάευή","preparation","planning"
"παρατήρηση","εκτίμηση","εκτίμητρ","παραδιρηση","observation","evaluation"
"παρατσούκλι","επώνυμο","αβώνυμο","παρατσούλωι","nickname","surname"
"παραφροσύνη","βλακεία","βλακραα","παρανςοσύνη","madness","stupidity"
"παρόμοιος","διαφορετικός","διαφοργάικός","παρόγριος","similar","different"
"παρουσία","απουσία","απισσία","παροτεία","presence","absence"
"πατάτα","ντομάτα","ντομπρα","παίζτα","potato","tomato"
"πατατακι","συσκευή","δισκευή","παταμέκι","chip","device"
"πατερούλης","μαμά","μακι","παγίρούλης","daddy","mum"
"πάτωμα","χαλί","χαat","ύφτωμα","floor","carpet"
"πείνα","δίψα","δίst","ραίνα","hunger","thirst"
"πείραμα","δοκιμή","δοκιτά","πετσαμα","experiment","test"
"πειρατής","ναύτης","ναζωης","πειρομής","pirate","sailor"
"πεισματάρης","εγωιστικός","εγωιστικού","πεισμαιέρης","stubborn","selfish"
"περιβάλλον","ατμόσφαιρα","ατμόρναιρα","περιαςλλον","environment","atmosphere"
"περιγράφω","εξπρές","εξεγές","περιγρταω","describe","express"
"περιέχω","περιεχόμενο","περιθεόμενο","περιχνω","contain","content"
"περίμενε","αναμένω","αναμύψω","περίνινε","wait","expect"
"περιοδεία","συναυλία","συναρωία","περιζόεία","tour","concert"
"περιοχή","ζώνη","όγνη","περιξεή","area","zone"
"περιστατικό","ατύχημα","ατάπημα","περιρματικό","incident","accident"
"περιφερειακό","τοπικός","τολοκός","περιφερεύοκό","regional","local"
"πεταλούδα","πουλί","ποναί","πετατάύδα","butterfly","bird"
"πηγή","πληροφορητής","πληροφορύμής","πηκτ","source","informant"
"πιάνο","κιθάρα","κιεύρα","φράνο","piano","guitar"
"πιθανότητα","πιθανός","πιθαλές","πιθαέστητα","probability","likely"
"πίθηκος","γορίλλας","γορίποας","πίθηγης","monkey","gorilla"
"πικνίκ","κατασκήνωση","κατασκγλωση","πιρδίκ","picnic","camping"
"πινγκ","κωδώνισμα","κωιγνισμα","πιθήκ","ping","ding"
"πιο χαμηλα","ανώτερος","αναχερος","πιο χακυλα","lower","upper"
"πιστόλι","όπλο","όπτη","πισταύι","pistol","weapon"
"πιστός","πιστός","πιακός","πιστήθ","loyal","faithful"
"πιστότητα","ευλάβεια","ευλάμπια","πιστεωητα","fidelity","devotion"
"πίστωση","δάνειο","δάνεαν","πίστήλη","credit","loan"
"πίσω","επιστροφη","επιστρχνη","οπσω","back","return"
"πλανήτης","τροχιά","τραψιά","πλανύνης","planet","orbit"
"πλατφόρμα","σταθμός","σταθηκς","πλατάμρμα","platform","station"
"πληγή","βλάβη","βλέφη","πλχνή","wound","injury"
"πλήθος","κοινό","κοερό","πλυκος","crowd","audience"
"πληθυσμός","ανθρωποι","ανθρριοι","πλναυσμός","population","people"
"πλήρωμα","πλοίο","πλγρο","πλσπωμα","crew","ship"
"πλοήγηση","επικοινωνία","επικοιοινία","πλήκγηση","navigation","communication"
"πνευματώδης","αστείος","ασηρίος","έφευματώδης","witty","funny"
"πνίγω","ζάλη","ζάκω","πνεφω","drown","swim"
"ποιητής","συγγραφέας","συγγραβλας","ποιηθώς","poet","writer"
"ποινή","φυλάκιση","φυλάδαση","κλινή","penalty","imprisonment"
"πόλεμος","μάχη","τηχη","πόλειας","war","battle"
"πολιτική","πολιτικός","πουλτικός","πουλτική","policy","politician"
"πολιτισμός","πολιτισμός","πουλτισμός","πουλτισμός","culture","civilization"
"πολύτιμος","σπουδαίος","σπουκείος","ποεπτιμος","valuable","important"
"ποντίκι","αρουραίος","αρθρραίος","ποντύνι","mouse","rat"
"πορνογραφία","ταινία","τατάία","ποαιογραφία","porn","movie"
"ποσότητα","ποιότητα","ποδίτητα","πονητητα","quantity","quality"
"ποτάμι","λίμνη","λίταη","ποτάιρ","river","lake"
"ποτέ","πάντα","πάθεα","νητέ","never","ever"
"ποτήρι","μπουκάλι","μπουρλλι","πολώρι","glass","bottle"
"ποτό","μπύρα","θούρα","ιπτό","drink","beer"
"πουκάμισο","σακάκι","σαμακι","πουκύτισο","shirt","jacket"
"πράγματι","πραγματικά","πραγματιιο","αγάγματι","actually","really"
"πραγματικότητα","φαντασία","φαντασαν","προχματικότητα","reality","fantasy"
"πρακτική","άσκηση","άσριση","προωτική","practice","exercise"
"πράσινος","πορτοκάλι","πορτοκροι","πρμεινος","green","orange"
"πρεσβεία","υπουργείο","ρίουργείο","πρεσινία","embassy","ministry"
"πρεσβευτής","υπουργός","υπουακός","πρεσβερίής","ambassador","minister"
"πριγκίπισσα","πρίγκιπας","πρίγκιτρς","πριγκίντσσα","princess","prince"
"προβολή","εκτέλεση","εκτέφαση","πρσιολή","show","performance"
"προειδοποίηση","μήνυμα","μήγόμα","προευποποίηση","warning","message"
"προνόμιο","τιμή","τιακ","προνολιο","privilege","honor"
"πρόοδος","ανάπτυξη","ανάπορξη","πρόουμς","progress","development"
"προπονητής","παίχτης","παλέτης","προπονολής","coach","player"
"προσβολή","προσβάλλω","προσβάρθω","προσάρλή","insult","offend"
"προσγείωση","πτήση","πτίλη","προστηίωση","landing","flight"
"προσοχή","προσελκύω","προσλάκύω","προσηλή","attention","attract"
"προσπαθήστε","απόπειρα","απόπτορα","προσπαβέστε","try","attempt"
"προστατεύω","υπερασπίζω","υπερασιάζω","προστατεμά","protect","defend"
"προσφορά","δίνω","εώνω","προσφοντ","offer","give"
"πρόσφυγας","φυγάς","φυΐας","πρόσφυμπς","refugee","fugitive"
"προσωπικός","οικείος","οικελες","προσωπικεί","personal","intimate"
"πρόσωπο","άτομο","ερομο","πρόσυνο","person","individual"
"προτείνω","προτείνω","προτμονω","προτώννω","propose","suggest"
"προϋπολογισμός","χρηματοδότηση","χρηματαλότηση","προϋαπλογισμός","budget","funding"
"προφίλ","περιγραφή","περισσαφή","προφές","profile","description"
"πρόχειρο φαγητό","μεσημεριανό","μεντμεριανό","πρόχειροχόαγητό","snack","lunch"
"προχωρώ","να συνεχίσει","ναδήυνεχίσει","προχυθώ","proceed","continue"
"πρύτανης","καθηγητής","καθηεντής","πράιανης","dean","professor"
"πρώτα","τελευταίος","τελευτρδος","πρίπα","first","last"
"πρωταθλητής","μαχητής","μαχηθώς","πρωτοςλητής","champion","fighter"
"πρωτεΐνη","βιταμίνη","βιταγανη","πρωτέανη","protein","vitamin"
"πρωτότυπο","αντίγραφο","αντίγρωνο","προχότυπο","original","copy"
"πτώση","γουλιά","γοασιά","πτηλη","drop","sip"
"πτώση","κατάρρευση","κατάηκευση","πτηλη","fall","collapse"
"πύλη","πύλη","geλη","ληλη","portal","gate"
"πυξίδα","χάρτης","πόρτης","πυξίωσ","compass","map"
"πυραμίδα","δομή","δοακ","ιεραμίδα","pyramid","structure"
"πύργος","κτίριο","θείριο","ζυργος","tower","building"
"πυρίτιδα","δυναμίτιδα","δυναυρτιδα","πυρίγεδα","gunpowder","dynamite"
"πυροκροτητής","μετρών την ώραν","μετρώνωλην ώραν","πυρογόοτητής","detonator","timer"
"πωλητής","αγοραστής","αγικαστής","kαλητής","seller","buyer"
"ραβδί","σφυρί","σφναί","ραδωί","stick","hammer"
"ραδιόφωνο","τηλεόραση","τηιδόραση","ρατήόφωνο","radio","television"
"ραντάρ","δορυφόρος","δορυσμρος","ρατιάρ","radar","satellite"
"ρατσιστής","κομμουνιστικός","κοκάουνιστικός","ραρτιστής","racist","communist"
"ρεκόρ","εγγραφή","εγγρεσή","υακόρ","record","recording"
"ρεσεψιόν","κόμμα","κόαγα","ρεύτψιόν","reception","party"
"ρεύμα","ηλεκτρική ενέργεια","ηλεκτρικάφενέργεια","ρεωτα","current","electricity"
"ρομπότ","μηχανή","μηχασα","ρομπευ","robot","machine"
"ροντέο","καουμπόι","καουμπlo","ροντωθ","rodeo","cowboy"
"ρουκέτα","βλήμα","βλότα","ροπίέτα","rocket","missile"
"ρούμι","κονιάκ","κουαάκ","ρομει","rum","cognac"
"ρουφώ","γλείψιμο","γλυτψιμο","ρορσώ","suck","lick"
"ρυθμός","στυλ","στιζ","ρυθμικ","rhythm","style"
"ρωγμή","τρύπα","τρεμα","ρωσσή","crack","hole"
"ρωμαϊκός","ελληνικά","ελατνικά","ρωμαφιός","roman","greek"
"ρωμαίος","ιουλιέτα","ιορθιέτα","ρωμαδές","romeo","juliet"
"σάββατο","κυριακή","αιριακή","σάνγατο","Saturday","Sunday"
"σαλιγκάρι","χελώνα","χεουνα","σαπογκάρι","snail","turtle"
"σάντουιτς","χάμπουργκερ","χάμπουνικερ","σάντφλιτς","sandwich","hamburger"
"σαφώς","προφανώς","προφανθη","σαιγς","clearly","obviously"
"σεβασμός","αυτοπεποίθηση","αυτοπεποίθιοη","σελεσμός","respect","confidence"
"σειρά","επεισόδιο","επειμύδιο","σευκά","series","episode"
"σεισμός","έκρηξη","κόρηξη","άνισμός","earthquake","explosion"
"σεληνιακός","ηλιακός","γνιακός","σεκινιακός","lunar","solar"
"σεμινάριο","διάλεξη","διάλννη","σερενάριο","seminar","lecture"
"σεξουαλικός","φυσικός","φυσιδες","σεξοσίλικός","sexual","physical"
"σεπτέμβριος","οκτώβριος","οκτώνωιος","σεπτέμήσιος","september","october"
"σερβιτόρος","σερβιτόρα","σερβαφόρα","σερβιτρεος","waiter","waitress"
"σερίφης","δήμαρχος","εύμαρχος","σερίπλς","sheriff","mayor"
"σέρκλου","watson","wacken","σέλολου","sherlock","watson"
"σήμα","στολή","στασή","fiμα","badge","uniform"
"σημαία","σύμβολο","σύμβαιο","σηδεία","flag","symbol"
"σημείο","υποδεικνύω","υπστεικνύω","σημετώ","point","indicate"
"σήμερα","εχθές","έδθές","δαμερα","today","yesterday"
"σίδερο","μέταλλο","μέτακτο","σίληρο","iron","metal"
"σιτηρά","αλεύρι","αλόκρι","σιζόρά","grain","flour"
"σιωπηλός","σιωπή","σιμφή","σιωπηλθε","silent","silence"
"σκάβω","θάβω","θάει","σκέψω","dig","bury"
"σκεφτείτε","νομίζω","νομίλι","σκδετείτε","consider","think"
"σκιά","σκοτάδι","σκδυάδι","σκρα","shadow","dark"
"σκίουρος","ρακούν","ρακοίς","σκειυρος","squirrel","raccoon"
"σκληρός","σκληρός","σκθαρός","σκληγες","tough","hard"
"σκοπευτής","σκοπευτής ελεύθερος","σκοπευτής ηκεύθερος","σκοπικτής","shooter","sniper"
"σκοπός","πρόθεση","πρωιεση","σκοπλέ","purpose","intention"
"σκόρδο","κρεμμύδι","κρεμλίδι","σκόραμ","garlic","onion"
"σκοτάδι","φως","ρκς","σκοτακι","darkness","light"
"σκουλήκι","φίδι","πάδι","σκουλήξη","worm","snake"
"σκουπίδια","σκουπίδια","σκουθοδια","σκουπίζαα","trash","garbage"
"σκουριασμένος","σκονισμένος","σκονιστινος","σκουριπομένος","rusty","dusty"
"σκύλος","γάτα","γάσι","σκσμος","dog","cat"
"σκυρόδεμα","ατσάλι","αταβλι","σκάγόδεμα","concrete","steel"
"σούπα","σαλάτα","σαγγτα","σοίβα","soup","salad"
"σπαθί","μαχαίρι","μαχαζοι","σποτί","sword","knife"
"σπάσιμο","διακοπή","διακάτή","σπωριμο","smash","break"
"σπίτι","διαμέρισμα","διαμύνισμα","δρίτι","house","apartment"
"σπρώξτε","τραβήξτε","τραβμυτε","σπρώδεε","push","pull"
"στάδιο","μπέιζμπολ","μπέιοϋπολ","ινάδιο","stadium","baseball"
"σταθερά","δυνατά","δυιπτά","στγκερά","firmly","strongly"
"στάση","καθίστε","καβάστε","στόνη","stand","sit"
"στέμμα","θρόνος","αγόνος","σταρμα","crown","throne"
"στενός","πλατύς","πλατνυ","στενυδ","narrow","wide"
"στόμα","μύτη","οιτη","στύκα","mouth","nose"
"στομάχι","στήθος","στυσος","στομτέι","stomach","chest"
"στρατιώτης","πολεμιστής","πολεύεστής","στρατιδιης","soldier","warrior"
"στρες","κατάθλιψη","κατάσσιψη","φέρες","stress","depression"
"στρογγυλό","περίπου","πεδηπου","στρουτυλό","round","around"
"στροφή","γυρίζω","τηρίζω","στροώς","turn","rotate"
"στρώμα","επιφάνεια","επιφθεεια","στλεμα","layer","surface"
"συγγενής","ξαδερφος ξαδερφη","ξαδερφος ξαδερτσ","συίμενής","relative","cousin"
"συγγραφέας","ηθοποιός","ηθοποιρο","συκέραφέας","author","actor"
"συγκεντρώνω","συγκεντρώνομαι","συγκεντρόπομαι","συγκεντρόπω","focus","concentrate"
"σύγκρουση","διαμάχη","διαμσκη","σύειρουση","conflict","dispute"
"συγχαιρώ","χαιρετώ","χαιρργώ","συωμαιρώ","congratulate","greet"
"συγχώρεση","έλεος","έληδς","συγχντεση","forgiveness","mercy"
"συγχωρώ","δικαιολογία","δικαλύλογία","συγχυθώ","forgive","excuse"
"σύζυγος","γυναίκα","γυναολα","σύλίγος","husband","wife"
"συλλέγω","μαζεύω","μαζεοκ","συλλάφω","collect","gather"
"σύμβαση","συμφωνία","συμφνεία","σύχιαση","contract","agreement"
"συμβουλή","συμβουλεύω","συμβουκτύω","συμβουγε","advice","advise"
"συμβούν","συμβεί","συσθεί","συχθούν","occur","happen"
"συμμορία","ομάδα","ομοία","συμμορού","gang","group"
"σύμπαν","γαλαξίας","γαλαίνας","σύγκαν","universe","galaxy"
"συμπέρασμα","υπόθεση","υπέχεση","συμπέρρεμα","conclusion","assumption"
"σύμπλεξη","γάμος","σίμος","αλμπλεξη","engagement","wedding"
"συμπονετικός","γενναιόδωρος","γενναιόδλπος","συμπτσετικός","compassionate","generous"
"σύμπτωμα","σύνδρομο","σύδηρομο","σύγκτωμα","symptom","syndrome"
"συν","μείον","μεσάν","ίην","plus","minus"
"συναγερμός","τρομάζω","τρομοιω","συναγερμαί","alert","alarm"
"συνάδελφος","φίλος","οκλος","συνάδελφίν","colleague","friend"
"συναρπαστικός","ενδιαφέρων","ενδιαφίδων","συνασυαστικός","exciting","interesting"
"σύνδεσμος","ομάδα","ομοία","σύνδνιμος","league","team"
"συνδυασμός","μίγμα","μίδεα","συνδπεσμός","combination","mixture"
"συνειδητοποιώ","καταλαβαίνουν","καταλαντίνουν","συνειδητοπνοώ","realize","understand"
"συνήθης","συνήθης","συνήπως","συνήυνς","ordinary","usual"
"σύννεφο","ομίχλη","ομάθλη","σύνντέο","cloud","fog"
"συνοδεία","συνοδεύω","συνοδερς","συουδεία","escort","accompany"
"σύνολο","πλήρης","πλχνης","θάνολο","total","complete"
"συνομιλία","συζήτηση","συαίτηση","συνοπαλία","conversation","discussion"
"σύνταγμα","τάγμα","τάινα","σύντραμα","regiment","battalion"
"σύνταξη","μισθός","μιλάός","υίνταξη","pension","salary"
"συντηρητικός","φιλελεύθερος","φιλελειμερος","συνταλητικός","conservative","liberal"
"συνωμοσία","απάτη","απνεη","συνωμοίρα","conspiracy","fraud"
"συχνότητα","σήμα","χόμα","ψάχνότητα","frequency","signal"
"σφραγίδα","υπογραφή","υπογραχα","σφρατήδα","stamp","signature"
"σφυγμός","πίεση","οπεση","σφυγιος","pulse","pressure"
"σχέδιο","στρατηγική","στρατηρεκή","σχέδες","plan","strategy"
"σχέση","φιλία","φιυλα","ορέση","relationship","friendship"
"σχίσιμο","τομή","τοra","ρτίσιμο","tear","cut"
"σχόλιο","δήλωση","ζόλωση","σχννιο","comment","statement"
"σώμα","πτώμα","πτεδα","τεμα","body","corpse"
"σωστά","αριστερά","αρισμόρά","λίστά","right","left"
"τα μισα","τέταρτο","ράταρτο","τατλισα","half","quarter"
"ταίζω","τρώω","τρύζ","αδίζω","feed","eat"
"ταλαιπωρία","πόνος","πόμες","ταλαιπντία","suffering","pain"
"ταλαιπωρία","πρόβλημα","πρόβληρω","ταλαιπντία","trouble","problem"
"τάξη","σχολείο","σχερείο","τάζο","class","school"
"ταξί","λιμουζίνα","λιμοτσίνα","ταωλ","taxi","limousine"
"ταπεινός","μετριόφρων","μετριόγκων","ταπεινητ","humble","modest"
"τατουάζ","ουλή","ουξα","τατοκαζ","tattoo","scar"
"τάφος","νεκροταφείο","νεκρέπαφείο","ρόφος","grave","cemetery"
"ταχυδρομείο","φαξ","τέξ","ταφεδρομείο","mail","fax"
"τείχος","φράκτης","ελάκτης","τεγιος","wall","fence"
"τελετουργία","τελετή","τεκητή","τελετουρτσα","ritual","ceremony"
"τελικά","τελικά","τείνκά","φάλικά","finally","eventually"
"τελικός","τελικός","φάλικός","τείνκός","final","ultimate"
"τέλος","φινίρισμα","φινίκεσμα","σόλος","end","finish"
"τέρας","πλάσμα","πλχημα","λίρας","monster","creature"
"τερματικό","το αεροδρομιο","το αερίφρομιο","τεστατικό","terminal","airport"
"τέχνασμα","αστείο","αστεκη","τέήμασμα","trick","joke"
"τέχνη","βιβλιογραφία","βιβλιονεαφία","τέαβη","art","literature"
"τεχνικός","μηχανικός","μηχαλάκός","τεαλικός","technical","mechanical"
"τεχνολογία","επιστήμη","επισζύμη","τεχνολογοη","technology","science"
"τεχνούργημα","μενταγιό","μεντήριό","τεχνούσθημα","artifact","medallion"
"τζαζ","μουσικη","μοντικη","τζod","jazz","music"
"τζίπ","φορτηγό","φορτδιό","τζbi","jeep","truck"
"τήκω","πάγωμα","πάλιμα","ιβκω","melt","freeze"
"τηλεγράφημα","γράμμα","γράμπο","τηλεγράφορα","telegram","letter"
"τηλεσκόπιο","μικροσκόπιο","μικροσεγπιο","τημίσκόπιο","telescope","microscope"
"τι","ότι","brι","γλ","what","that"
"τίποτα","κάτι","ύχτι","τίουτα","nothing","something"
"το κόκκινο","κίτρινος","άλτρινος","τοσεόκκινο","red","yellow"
"το σκάω","διαφυγή","διαφέθή","τοτόκάω","flee","escape"
"τόνος","αστακός","ασταδίς","λίνος","tuna","lobster"
"τοστ","μπέικον","μπρίκον","τολι","toast","bacon"
"τουαλέτα","νεροχύτης","νεροτζτης","τουαρχτα","toilet","sink"
"τουρνουά","αγώνας","αγώνομ","τουρνοπό","tournament","match"
"τουφέκι","όπλο","όπτη","τουφλόι","rifle","gun"
"τραγουδιστής","μουσικός","μουστεός","τρεξουδιστής","singer","musician"
"τραπέζι","καρέκλα","καρέόκα","τραπόσι","table","chair"
"τραπεζικεσ εργασιεσ","χρηματοοικονομική","χρηματζνικονομική","τραπεζικεσέvργασιεσ","banking","financial"
"τραπεζίτης","επενδυτής","επενεκτής","τραπσσίτης","banker","investor"
"τρένο","λεωφορείο","λεσπορείο","τρίαο","train","bus"
"τρέξιμο","περπατήστε","περπατήσαμ","τραψιμο","run","walk"
"τρίτος","τέταρτος","τέταηρος","τρίτια","third","fourth"
"τρομακτικός","ανατριχιαστικός","ανατριέβαστικός","τρομοντικός","scary","creepy"
"τρομερός","φρικτός","φρικωνς","τρομερώσ","terrible","horrible"
"τρόπαιο","μετάλλιο","μετάαριο","τρόπολο","trophy","medal"
"τροχόσπιτο","βαν","ρίν","τροχόσπινά","trailer","van"
"τσέπη","πορτοφόλι","πορτικόλι","τσαμη","pocket","wallet"
"τσιμέντο","πλαστική ύλη","πλαστικήπιλη","τσαρέντο","cement","plastic"
"τυπικός","κλασσικός","κλασυγκός","ορπικός","typical","classic"
"τυφλός","κουφός","κολλός","τυφλωτ","blind","deaf"
"τυφώνας","ανεμοστρόβιλος","ανιχοστρόβιλος","τυούνας","hurricane","tornado"
"τυχερα παιχνιδια","πόκερ","όγκερ","τυχερα παιγόιδια","gambling","poker"
"τώρα","ξέρω","χόρω","θίρα","now","know"
"υγεία","εκπαίδευση","εκπαάτευση","εχεία","health","education"
"υγιής","κανονικός","καγωνικός","άφιής","healthy","normal"
"υγρό","υγρό","loρό","shρό","liquid","fluid"
"ύλη","σωματίδιο","σωμακώδιο","σθη","matter","particle"
"ϋνα","δακτυλικό αποτύπωμα","δακτυλικνζαποτύπωμα","ʼσα","dna","fingerprint"
"υπεράνθρωπος","μπάτμαν","μπέλμαν","υπερολθρωπος","superman","batman"
"υπερηφάνεια","αξιοπρέπεια","αξιοδοέπεια","υπερίαάνεια","pride","dignity"
"υπερήφανος","ενθουσιασμένος","ενθονειασμένος","υπερόπανος","proud","excited"
"υπερφυσικός","παραφυσικός","παραθέσικός","υπασφυσικός","supernatural","paranormal"
"υπηρεσία","συντήρηση","συντσαηση","υπηρεσβε","service","maintenance"
"υπνάκο","βόλτα","βόθρα","υπασκο","nap","stroll"
"υποβρύχιο","σκάφος","σκινος","υποβρύρνο","submarine","boat"
"υπόλοιπο","ύπνος","οχνος","υπόλσαπο","rest","sleep"
"υπομονετικος","πελάτης","πεματης","υπομάβετικος","patient","client"
"υπομονή","συμπόνια","συμπαίια","υπομική","patience","compassion"
"υποστήριξη","βοήθεια","βοχνεια","υποστήριάλ","support","assistance"
"υποτιμώ","υπερβάλλω","υπερείλλω","υποτηχώ","underestimate","exaggerate"
"υπουργικό συμβούλιο","ντουλαπα ρουχων","ντουλαπα ριεχων","υπουργικντσυμβούλιο","cabinet","closet"
"υποφέρω","καλούπι","καλοκύι","υπόγέρω","suffer","die"
"υποψήφιος","ψηφοφόρος","ρυφοφόρος","υποψιάιος","candidate","voter"
"φαγητό","γεύμα","γειθα","ξηγητό","food","meal"
"φαινόμενο","εκδήλωση","εκθαλωση","επινόμενο","phenomenon","event"
"φάκελος","πακέτο","πασάτο","φάσολος","envelope","package"
"φαντασία","δημιουργικότητα","κιμιουργικότητα","φανταστέ","imagination","creativity"
"φάση","περίοδος","περίλαος","ουση","phase","period"
"φεγγάρι","ήλιος","όριος","φεοράρι","moon","sun"
"φέρετρο","κηδεία","κηρσία","φέκίτρο","coffin","funeral"
"φθάνω","έλα","ύρα","ανάνω","arrive","come"
"φιλανθρωπία","δωρεά","δωββά","φιλανθρωχτα","charity","donation"
"φίλε","φλοιός","ύτοιός","ξυλε","dude","bro"
"φιλί","αγκαλιάζω","αγκαιβάζω","φιpe","kiss","hug"
"φιλοξενία","ευγνωμοσύνη","ευγνντοσύνη","φιλοξειδα","hospitality","gratitude"
"φιλοσοφία","θρησκεία","θρησλοία","φιλούιφία","philosophy","religion"
"φιλοφρόνηση","δώρο","τορο","φιλοταόνηση","compliment","gift"
"φλαμουριά","σκόνη","σκάβη","φλοτουριά","ash","dust"
"φλέβα","αρτηρία","αρκτρία","φλρρα","vein","artery"
"φλιτζάνι","καφές","καμψς","θυιτζάνι","cup","coffee"
"φόβος","τρομάζω","τρομοιω","ρυβος","scare","frighten"
"φονιάς","δολοφόνος","δολοφότες","φονιβα","killer","murderer"
"φορτώνω","φορτίο","φορτια","φολιώνω","load","cargo"
"φούρνος","κουζίνα","κομψίνα","φοβίνος","oven","stove"
"φούστα","φόρεμα","φόρεαλ","φοπέτα","skirt","dress"
"φρέσκο","φρεσκάρω","φρχικάρω","επέσκο","fresh","refresh"
"φρίκη","φόβος","φόρνς","φρωπη","horror","fear"
"φρουρά","περιπολία","περιουλία","έσουρά","guard","patrol"
"φτιαχνω, κανω","κάνω","ιώνω","φτιαχνω,ιωανω","make","do"
"φτώχεια","μιζέρια","μιράρια","φτΐσεια","poverty","misery"
"φτωχός","πλούσιος","πλούπτος","φτεvός","poor","rich"
"φυλή","οικογένεια","λέκογένεια","ελλή","clan","family"
"φυσικά","γενικά","νονικά","λισικά","naturally","generally"
"φυσικός","τεχνητός","τεηθητός","φυσιεύς","natural","artificial"
"φυτό","λουλούδι","λουλροδι","φυΐε","plant","flower"
"φωλιά","αυγό","αυέν","μπλιά","nest","egg"
"φωνή","προφορά","προφαλά","φωψω","voice","accent"
"φωτιά","φλόγα","φλααα","φωωμά","fire","flame"
"φωτογραφικη μηχανη","μικρόφωνο","μικροοωνο","φωτογραφικρημηχανη","camera","microphone"
"χαίρετε","αντίο","ανίλο","χαζοετε","hello","bye"
"χαμηλός","υψηλός","υψδρός","χαλάλός","low","high"
"χαμόγελο","γέλιο","ψελιο","χαρηγελο","smile","laugh"
"χάος","σύγχυση","σύμευση","κνος","chaos","confusion"
"χαρακτήρας","προσωπικότητα","προσοδικότητα","χαρακτημας","character","personality"
"χαρτί","στυλό","στίαό","χαϊύί","paper","pen"
"χαρτοφύλακας","βαλίτσα","βαθοτσα","χαρτρούλακας","briefcase","suitcase"
"χείλος","μάγουλο","μάγοάτο","χετιος","lip","cheek"
"χειρονομία","υποκρίνομαι","υπειρίνομαι","χερμονομία","gesture","act"
"χειρουργός","γιατρός","γιατξες","χειρουερός","surgeon","doctor"
"χέρι","μπράτσο","μπράλλο","αίρι","hand","arm"
"χημεία","βιολογία","νεολογία","ρόμεία","chemistry","biology"
"χημική ουσία","βιολογικός","μβολογικός","kiμική ουσία","chemical","biological"
"χήνα","πάπια","πάάλα","οινα","goose","duck"
"χήρα","γυναίκα","γυναολα","orρα","widow","woman"
"χίλια","εκατό","εκενό","ελλια","thousand","hundred"
"χιλιόμετρο","μετρητής","μετριμής","χιλιόμετημ","kilometer","meter"
"χοιρινό","κρέας","κροζς","χοτεινό","pork","meat"
"χόμπι","άθλημα","waλημα","χόρει","hobby","sport"
"χορεύτρια","χορός","ψαρός","χορεύτικα","dancer","dance"
"χρηματοδότηση","επενδύω","επενπιω","χρηματήρότηση","finance","invest"
"χρήσιμος","αποτελεσματικός","αποτελδήματικός","χρστιμος","useful","effective"
"χριστούγεννα","αργία","αρνέα","χριστούγενάμ","christmas","holiday"
"χρυσαφένιος","ασήμι","ασβλι","χρυσαφμαιος","golden","silver"
"χρώμα","σχεδιάζω","σχεδιάρι","χρωρα","paint","draw"
"χώρα","έθνος","ωινος","χώθη","country","nation"
"χωρητικότητα","ικανότητα","ικανεςητα","χωούτικότητα","capacity","ability"
"ψέμα","ψεύτης","ινύτης","aνμα","lie","liar"
"ψευδαίσθηση","παραίσθηση","παρασφθηση","ψευδουσθηση","illusion","hallucination"
"ψυχή","πνεύμα","πνδήμα","ψυκτ","soul","spirit"
"ψωμί","τυρί","τυλι","ψωβς","bread","cheese"
"ώμος","γόνατο","χυνατο","κιος","shoulder","knee"
"ωρες ωρες","συχνά","συπιά","ημες ωρες","sometimes","often"
