ar_target,ar_cue,ar_fake_cue,ar_fake_target,en_cue,en_target
آلة,إنسان آلي,إنساكتآلي,تحة,robot,machine
أحجية,سر,ـي,سأجية,secret,mystery
أخ,يا صديق,ياطفديق,ـذ,dude,bro
أداء,يعرض,يعفت,لغاء,show,performance
أداة,أداة,اساة,أدمي,tool,instrument
أذن,عين,جدن,يهن,eye,ear
أربعة,اثنين,طينين,أريئة,two,four
أرعب,فزع,ظƒع,أرأي,scare,frighten
أرنب,فوكس,اركس,أردف,fox,rabbit
أزرق,بني,تدي,زارق,brown,blue
أساسي,بيشوب,بيتلب,أسعتي,bishop,cardinal
أسبوع,شهر,تلر,أسئلع,month,week
أسبوعي,اليومي,الخيمي,أسئلعي,daily,weekly
أسد,التنين,الاكين,نهد,dragon,lion
أسطورة,خرافة,خروجة,أسيارة,myth,legend
أسلحة,ارسنال,ارطلال,أسعبة,arsenal,armory
أسود,أبيض,قايض,راود,white,black
أسير,رهينة,لاينة,قرير,hostage,prisoner
أطلق النار,اطلاق النار,رجلاق النار,أطلقربلنار,shot,shoot
أعرف,حاليا,ثوليا,أعمك,now,know
أعلى,أدنى,أدام,أعجا,lower,upper
أعلى,أسفل,أستج,أعجا,down,up
أغنية,ألبوم,ألونم,تينية,album,song
أقصى,الحد الأدنى,الحد الأعزى,أقظا,minimum,maximum
ألفا,أحسنت,أحخلت,ألوى,bravo,alpha
ألفت,رسم,عوم,ألحا,paint,draw
أمانة,وفاء,نحاء,يدانة,loyalty,honesty
أمريكا,أفريقيا,لاريقيا,أمريرس,africa,america
أمير,أميرة,لنيرة,لنير,princess,prince
أنانية,عنيد,زايد,نتانية,stubborn,selfish
أنثى,الذكر,النجر,أنخد,male,female
أنفق,يضيع,نظيع,أنطر,waste,spend
أنيق,الموضة,الموعا,أنوا,fashionable,elegant
أهمية,المعنى,المعزو,تامية,meaning,importance
أوتوبيس,قطار,يمار,سنتوبيس,train,bus
أي وقت مضى,أبدا,سعدا,أينفقت مضى,never,ever
أيتها الملازم,شاويش,إدويش,أيتهوثالملازم,sergeant,lieutenant
إبداع,خيال,رفال,إبنتع,imagination,creativity
إبهام,اصبع اليد,اصبعضلليد,إبقدم,finger,thumb
إجراء,معالجة,معاليز,ببراء,process,procedure
إخلاص,الاخلاص,السجلاص,حالاص,fidelity,devotion
إداري,إدارة,صوارة,فجاري,management,administrative
إرجاع,الى الخلف,السةالخلف,غاجاع,back,return
إرسال,احضر,احسع,ستسال,bring,send
إزالة,استبعد,اسباعد,طحالة,eliminate,remove
إزعاج,قاطع,قااث,إزانج,interrupt,disturb
إستراتيجية,خطة,لثة,إستركهيجية,plan,strategy
إشارة,شكل,إفل,قطارة,form,sign
إشعاع,تلوث اشعاعى,تلائ اشعاعى,قطعاع,contamination,radiation
إصابة,جرح,قيح,سجابة,wound,injury
إضافي,إضافي,تثافي,اثافي,extra,additional
إضراب,يضرب,ببرب,وفراب,hit,strike
إعداد,جاهز,جاte,ميداد,ready,prepare
إعدام,شنقا,رتقا,إعخدم,hanging,execution
إعصار,اعصار,اعجبر,لرصار,hurricane,tornado
إقالة,استقالة,إعتقالة,جدالة,resignation,dismissal
إلهي,الله,الخش,إلرع,god,divine
إمبراطورية,سلالة حاكمة,سلالممحاكمة,رأبراطورية,dynasty,empire
إمبراطورية,الإمبراطوري,العببراطوري,رأبراطورية,imperial,emperor
إمكانية,فرصة,فرات,ببكانية,chance,possibility
إنتاج,مصنع,مصزم,إنطلج,factory,production
إنذار,إنذار,إنوير,إنوير,alert,alarm
إنطباع,رأي,سبي,إنجياع,view,perspective
إنهاء,افتتاح,افتتزو,فعهاء,opening,closure
إيمان,آمل أن,آمل تج,لكمان,hope,faith
ابتزاز,رشوة,هموة,ألتزاز,bribe,blackmail
ابن,بنت,يكت,مجن,daughter,son
ابن شقيق,حفيد,كبيد,مجن شقيق,grandson,nephew
اتحاد,مستعمرة,مستعلفة,اتورد,colony,federation
اتفاق,عقد,اغد,كوفاق,contract,agreement
اتهام,شكوى,شكفا,علهام,complaint,accusation
احتفظ,معلق,معات,احاحظ,hold,keep
اختبار,تجربة - قام بتجارب,تجربة  قام بتحمرب,بيتبار,experiment,test
اختطف,خطف,يوف,بيتطف,kidnap,abduct
اختفاء,الموت,الزات,بيتفاء,death,disappearance
اختيار,خيار,وهار,بيتيار,choice,option
اخر النهار,ليل,سنل,اخر الصلار,night,evening
اذهب,أدخل,أدطف,نلهب,enter,go
ارتباك,فوضى,فواك,اردراك,chaos,confusion
ارتفاع,وزن,آنن,اريساع,weight,height
اركب,قائد,قاجى,ارـك,drive,ride
استبدل,يستبدل,وكتبدل,اسبادل,replace,substitute
استثمار,المالية,الؤولية,استثدير,finance,invest
استدارة,منعطف _ دور,منعطف بأدور,اسوبارة,turn,rotate
استراحة,تحطيم,تحنجم,استركية,smash,break
استعمال,تطبيق,شعبيق,استعيشل,apply,use
استمر,تقدم,تقوك,اسوفر,proceed,continue
اشخاص,عدد السكان,عداطالسكان,نفخاص,population,people
اطرش,أعمى,أعجو,خررش,blind,deaf
اعترف,يعترف,مخترف,اعطيف,admit,confess
اعجاب,أكثر تسطحا,بطثر تسطحا,نفجاب,flatter,impress
اعمال,صناعة,تطاعة,يكمال,industry,business
اعمال صيانة,الخدمات,الذهمات,اعماؤهصيانة,service,maintenance
افتراض,خاتمة,خاذبة,افترـل,conclusion,assumption
اكتب,اقرأ,اقظف,اكاش,read,write
اكتمال,المجموع,الللموع,عدتمال,total,complete
اكتوبر,سبتمبر,سبتمزج,يوتوبر,september,october
الآب,أم,ld,الخه,mother,father
الأبوين,الكبار,الظهار,السووين,adult,parent
الأحد,يوم السبت,يوحيالسبت,الشدد,Saturday,Sunday
الأدرينالين,هرمون,ضحمون,الأدرينافذن,hormone,adrenaline
الأسرة,عشيرة - قبيلة,عشيركل قبيلة,العورة,clan,family
الأسفل,أعلى,أعدن,الأساع,top,bottom
الأسلاك,كابل,كارم,الأسيدك,cable,wire
الأصفر,أحمر,كامر,التأفر,red,yellow
الأقمار الصناعية,رادار,احدار,الأقمار الشباعية,radar,satellite
الأكسجين,هواء,هودي,الأكأمين,air,oxygen
الأمة,بلد,غاد,الداة,country,nation
الأمور المالية,الخدمات المصرفية,الخدمادزالمصرفية,الأمور المالتك,banking,financial
الأنف,فم,rt,الاصف,mouth,nose
الأهمية,ذو قيمة,رخ قيمة,الجذمية,valuable,important
الإتصال,اتصل,اتكم,الحسصال,contact,connection
الإجمالية,نشر,يطر,البأمالية,private,privacy
الإخبارية,قناة,تثاة,التدبارية,channel,news
الإساءة,إهانة,حجانة,البلاءة,insult,offend
الإشارة,تكرر,تكيط,الرسارة,frequency,signal
الإيرادات,ربح,اضح,الإيراحلت,profit,income
الاتصالات,التنقل,التنسي,الكوصالات,navigation,communication
الاخير,أول,اطل,الأبير,first,last
الارسال,المستشعر,المستشلع,الارطول,sensor,transmitter
الانسان,رجل,اضل,الانوين,man,human
الانسجة,جلد,لود,الانرثة,skin,tissue
البديهة,غريزه,غرئده,البدفحة,instinct,intuition
البرتقالي,لون أخضر,لوحظأخضر,البركاالي,green,orange
البرد,الحار,القرر,الــد,hot,cold
البشع,مقزز,مقـس,الزيع,digusting,ugly
البضائع,حمل,لسل,الإئائع,load,cargo
البطني,العمود الفقري,العمود الفضتي,الكرني,spinal,abdominal
البول,دم,عك,المزل,blood,urine
البيسبول,ملعب,تجعب,البينقول,stadium,baseball
التجربة,سمع,اصع,التجيئة,hearing,trial
التحقيق,يختبر,يخوفر,التحانق,examine,investigate
التحليلات,تشريح الجثة,تشريتـالجثة,التحضرلات,autopsy,analysis
التعليم,الصحة,الأصة,التعسلم,health,education
التقليديين,عصري,تهري,العمليديين,modern,traditional
التلفاز,مذياع,اكياع,التلكهز,radio,television
التمويل,تبرع,تبلو,التمجال,budget,funding
التوقيع,ختم,roم,التوفزع,stamp,signature
الثقة,احترام,ينترام,الغرة,respect,confidence
الجحيم,جنة,ئقة,الخجيم,paradise,hell
الجراحة,العمل,المؤل,الرواحة,operate,surgery
الجيش,مدني,أفني,المضش,civil,military
الحاسوب,البرمجيات,البرأكيات,الحاديب,software,computer
الحب,يكره,باره,التغ,hate,love
الحشرات,العنكبوت,الاركبوت,الأضرات,spider,insect
الحضارة,حضاره,آناره,النكارة,culture,civilization
الحفاظ,الحفاظ على,الحفاظجيلى,الحفخد,preserve,maintain
الخريف,الخريف,الزييف,المثيف,spring,autumn
الخصم,العدو,النزو,الشبم,enemy,opponent
الدفاع,يحمي,هامي,الزااع,protect,defend
الذي - التي,ماذا او ما,ماذا ابضما,الحز  التي,what,that
الرأسمالية,فوضى سياسية,فوضىكاياسية,الرأيرالية,anarchy,capitalism
الراكون,سنجاب,سنونب,الراهمن,squirrel,raccoon
الرجل الوطواط,سوبرمان,ختبرمان,الرجإحالوطواط,superman,batman
الرد,إجابه,ببابه,الوط,answer,reply
الرسمية,بشكل رسمي,بشكلعبسمي,الحومية,officially,official
الرياضيات,الفيزياء,الفيعباء,العداضيات,physics,mathematics
الساموراي,النينجا,الجزنجا,السامولسي,ninja,samurai
السباحة,يغرق,يغنو,الفضاحة,drown,swim
السترة,قميص,قمثه,الستغض,shirt,jacket
السجن,ضربة جزاء,ضرتك جزاء,الشقن,penalty,imprisonment
السجن,خلية - زنزانة,رفية  زنزانة,الشقن,cell,prison
السعر,القيمة,العلمة,الاطر,value,price
السلطة,الاختصاص القضائي,الاخخلاص القضائي,السلمت,jurisdiction,authority
السماوية,سماء,خفاء,السميكية,sky,heavenly
السمو,جلالة,يزالة,الاجو,majesty,highness
السيارات,مركبة,مرغية,التحارات,vehicle,car
الشخصية,حرف,تشف,الغوصية,character,personality
الشريان,الوريد,الرييد,الشركتن,vein,artery
الشغل,وظيفة,هـيفة,اليزل,job,work
الشمس,القمر,اللكر,الميس,moon,sun
الشيوعي,عنصري,عندقي,الشيلسي,racist,communist
الصعب,قاس,ؤوس,التذب,tough,hard
الصمت,صامتة,صازجة,الظرت,silent,silence
الضغط,نبض,بفض,السدط,pulse,pressure
الطريق السريع,طريق,طرتم,الطريقطرلسريع,road,highway
الطول,بحجم,بحاد,الإقل,size,length
العالمية,دولي,وقلي,العالمحت,international,world
العبارة,قاموس,قالكس,العبيدة,dictionary,phrase
العنصر,الماراثون,المارائـن,الخرصر,marathon,race
الغربي,الجنوبي,الجنأتي,الإعبي,southern,western
الغلاف الجوي,بيئة,بيدل,الفطاف الجوي,environment,atmosphere
الفائز,الخاسر,الخاـي,الفاعش,loser,winner
الفتيات,أولاد,أوصلد,الأشيات,boys,girls
الفجوة,الكراك,الفواك,الكذوة,crack,hole
الفراولة,موز,رتز,الفرجيلة,banana,strawberry
الفرنسية,إنجليزي,إنجلاطي,الفرضحية,english,french
القسوة,شرير,جزير,القسائ,evil,cruelty
القطن,الحرير,الحركا,اليشن,silk,cotton
القفز,تسلق,تستغ,الجهز,climb,jump
القوات البحرية,البحرية,الدفرية,البنات البحرية,marine,navy
الكبد,الكلى,الإرى,التند,kidney,liver
الكلاسيكية,عادي,عاون,الكلاسحمية,typical,classic
اللحظة,ثانيا,ضعنيا,اللحنا,second,minute
الم,معاناة,معانفر,يكم,suffering,pain
المؤلفات,فن,غل,المؤامات,art,literature
المالك,مستأجر,مساءجر,الأسلك,tenant,landlord
المحترفين,الهواة,المثاة,المحترعون,amateur,professional
المحتمل,يمكن,تاكن,الأهتمل,maybe,probably
المحتمل أن,احتمالا,احاتالا,المحتمل سف,probability,likely
المحتوى,يحتوي,يحبعي,المحنتى,contain,content
المحقق,وكيل,قريل,المحأت,agent,detective
المحيط الأطلسي,المحيط الهادئ,المحيطيحلهادئ,المحيط الأننسي,pacific,atlantic
المخدرات,الكحول,البخول,الأندرات,alcohol,drug
المدعي العام,محامي,أخامي,المدعيلنلعام,lawyer,prosecutor
المستثمر,مصرفي,مصتدي,المسبقمر,banker,investor
المعرفه,خبرة,غلرة,المعسيه,experience,knowledge
المفترس,ضحية,جبية,اليسترس,prey,predator
الممثل,مؤلف,مؤتل,المملج,author,actor
المنتوج,ماركة,ماجية,الثبتوج,brand,product
المنقذ,بطل,ضـل,المنغو,hero,savior
الموقت,مفجر,لأجر,المونن,detonator,timer
الناخب,مرشح,مرلغ,الناrd,candidate,voter
النصب والاحتيال,مؤامرة,أقامرة,النصإكوالاحتيال,conspiracy,fraud
النظام,شبكة الاتصال,شبكةجدلاتصال,التنام,network,system
النمل,نحلة,مولة,اليجل,bee,ant
النموذج المبدئي,نموذج,إدوذج,النموذروالمبدئي,model,prototype
الهيروين,الكوكايين,التلكايين,الهيعيين,cocaine,heroin
الوادي,صحراء,ركراء,الواقب,desert,valley
الوزارة,السفارة,النمارة,الكبارة,embassy,ministry
الوقود,غاز,نحز,الصرود,gas,fuel
اليونانية,رومان,وجمان,اليوتمنية,roman,greek
امرأة,أرملة,أرعبة,امصية,widow,woman
انتخاب,الحملة الانتخابية,الحملة الانتلربية,اندياب,campaign,election
انتصاب,النشوة النشوة,النشوة النأتة,تعتصاب,orgasm,erection
انسجام,الرصيد,الدليد,انفتام,balance,harmony
انفجار,هزة أرضية,كـة أرضية,تعفجار,earthquake,explosion
انهيار,يقع,بـع,تبهيار,fall,collapse
بؤس,فقر,لشر,غـس,poverty,misery
باب,نافذة او شباك,نافذة اوراباك,اسب,window,door
بابا,اخو الام,اخنشالام,مصبا,uncle,dad
بارد,دافئ,دارغ,بالآ,warm,cool
باستمرار,دائما,داءنا,باستيطار,always,constantly
باع,يشترى,سأترى,انع,buy,sell
بالفشل,نجاح,بفاح,بالفظف,success,failure
بالكامل,إطلاقا,إطانقا,بابرامل,absolutely,completely
بحار,القرصان,القرحون,مقار,pirate,sailor
بحيرة,نهر,كتر,أثيرة,river,lake
برنامج,التقويم,الأنويم,برناسب,calendar,schedule
برنامج,المشروع,المشتفع,برناسب,project,program
برهنة,وقفة احتجاجية,وقفة اثلجاجية,بررحة,protest,demonstration
بروتوكول,القاعدة,القاونة,بروتسعول,rule,protocol
بسرعة,ببطء,ببـئ,بسماة,slowly,quickly
بسرعة,بطيء,اجيء,بسماة,slow,fast
بسيط,ببساطة,ترساطة,بسثر,simply,simple
بشدة,ثقيل,كشيل,لودة,heavy,heavily
بشكل غير متوقع,فجأة,تبأة,بشكلضرير متوقع,suddenly,unexpectedly
بصلة,ثوم,ـهم,فولة,garlic,onion
بصمة,الحمض النووي,الحمننالنووي,بصفق,dna,fingerprint
بطة,بجعة,بجلس,شية,goose,duck
بطولة,منافسة,منافدى,أكولة,competition,championship
بعقب,الحمار,الحميل,بعشا,ass,butt
بعيد,قرب,اتب,فليد,near,far
بقوة,قطعا,شجعا,ابوة,firmly,strongly
بلاستيك,يبني,سلني,بلاسحبك,cement,plastic
بناء,برج,لوج,تفاء,tower,building
بندقية,بندقية,بنيحية,بنتهية,rifle,gun
بوابة,منفذ,منتع,بوبية,portal,gate
بوسطن,واشنطن,واشنئم,بووكن,washington,boston
بوضوح,بوضوح,بوزنح,بومهح,clearly,obviously
بيان,تعليق,تعاحق,اخان,comment,statement
بيرة,يشرب,لأرب,بيجا,drink,beer
بيضة,عش,هض,اخضة,nest,egg
بيولوجي,المواد الكيميائية,المواد الكثديائية,بيولبلي,chemical,biological
تأتي,يصل,تغل,يستي,arrive,come
تأثير,تأثير,تأتور,تأتور,influence,effect
تأجير,توظيف,توكلف,تأضور,hire,rent
تأكل,يطعم,يطرا,تأرح,feed,eat
تؤكد,التأكيد,التأيـد,سعكد,confirmation,confirm
تاجر,تجاري,ملاري,تابو,commercial,merchant
تجد,بحث,وجث,ملد,search,find
تجلس,يقف,قحف,مللس,stand,sit
تجميد,إنصهار,إنبعار,تجاود,melt,freeze
تجهيز,معدات,إحدات,تجكرز,equipment,equip
تحد,عقبة,فعبة,بدد,obstacle,challenge
تحدث,حديث,حددن,تحبق,talk,speak
تحديث,طازج,طاقا,تحولث,fresh,refresh
تحديد,يختار,كستار,تحولد,choose,select
تحسين,يتغيرون,يتخذرون,تحيهن,change,improvement
تحقق,التحقق من,التحققضأن,تحسع,check,verify
تحية,تهنئة,تهطنة,تحقك,congratulate,greet
تخريب,تجسس,تجمق,ثوريب,espionage,sabotage
تخطيط,تجهيز,ملهيز,تخلوط,preparation,planning
تخفيض السعر,مزاد علني,عباد علني,تخفيـهالسعر,auction,sale
تخلى,غادر,نحدر,تختب,leave,abandon
تخييم,النزهة,الابهة,انييم,picnic,camping
تدليك,اليوغا,اليوءك,عقليك,yoga,massage
تدمير,خلق,تنق,تدفكر,creation,destruction
تذكر,ننسى,ننمس,تذصل,forget,remember
تراب,رماد,أزاد,عصاب,ash,dust
ترتيب,أمر,ضطر,ترثقب,command,order
تركيز,التركيز,الالكيز,ترتجز,focus,concentrate
تزود,يمكن,تاكن,طبود,enable,provide
تسجيل,سجل,رقل,تسرسل,record,recording
تسربت,كبير,طوير,سأربت,big,huge
تسويق,إعلان,إعجين,تسألق,advertising,marketing
تصويت,غالبية,إرلبية,تصذات,majority,vote
تطابق,المسابقة,اليقابقة,قرابق,tournament,match
تطوير,تقدم,تقوك,تطذار,progress,development
تظل,البقاء,الثلاء,ـزل,stay,remain
تعاطف,الصبر,الونر,تعفيف,patience,compassion
تعذيب,عذاب,أساب,تعساب,torment,torture
تعريف,مفهوم,مفجيم,بشريف,concept,definition
تفعيل,اثار,عجار,بتعيل,trigger,activate
تفهم,تدرك,بنرك,يعهم,realize,understand
تقتيش,فحص,نضص,تقلدش,examination,inspection
تقرير,شجاعة,فحاعة,تقظار,courage,determination
تقنية,طريقة,يهيقة,مينية,method,technique
تقييم,الملاحظة,الملاحقا,تقلقم,observation,evaluation
تمثال,نصب,اوب,تمننل,monument,statue
تمويل,ماليا,مافها,تمرحل,financially,financing
تنزه تجول,قيلولة,صالولة,نجزه تجول,nap,stroll
تنس,جولف,جوائ,سدس,golf,tennis
تنظم,يرتب,يرمو,تنبز,arrange,organize
تنفس,صمام,حوام,تنجت,valve,ventilation
تواصل اجتماعي,المجتمع,المجلاع,تواصكواجتماعي,society,community
توقع,انتظر,انرور,توزم,wait,expect
ثروة,كنز,يغز,رهوة,treasure,wealth
ثري,مسكين,مسامن,إزي,poor,rich
ثعبان,الفيروس المتنقل,الفيروييالمتنقل,ذهبان,worm,snake
ثلاثة,واحد,لتحد,خساثة,one,three
ثلاثي,مزدوج,مزلنج,طعاثي,double,triple
ثلج,مطر,يزر,سـج,rain,snow
جائزة,نوبل,نورد,جاؤية,nobel,prize
جائزة,علاوة,علمىة,جاؤية,bonus,reward
جاري الكتابة,قراءة,قردرة,جارياملكتابة,reading,writing
جالاكسي,كون,اتن,جالالاي,universe,galaxy
جامعة,كلية,يكية,جااطة,college,university
جاي,مثليه,تصليه,ثتي,lesbian,gay
جبل,تل,زة,حزل,hill,mountain
جبنه,رغيف الخبز,رغيفرضلخبز,طونه,bread,cheese
جثة,الجسم,الحشم,ذوة,body,corpse
جدا,الى ابعد حد,البضابعد حد,ثها,extremely,very
جدة,جد,طل,إقة,grandfather,grandmother
جذاب,مريح,مرحل,إغاب,comfortable,pleasant
جذاب,حلو,طبو,إغاب,sweet,cute
جذب,اهتمام,إجتمام,إغب,attention,attract
جريدة,شرط,تكط,جرقية,article,newspaper
جريمة,سين,ائن,جرولة,sin,crime
جزء,عامل,ألمل,ديء,factor,element
جسدي - بدني,الجنس,الحسس,جسدي جادني,sexual,physical
جسيم,شيء,نوء,ثقيم,matter,particle
جمال,سحر,اعر,افال,charm,beauty
جمجمة,عظم,دبم,جمقصة,bone,skull
جملة,كلمة,كلاك,غولة,word,sentence
جمهور,يحشد,يححم,وإهور,crowd,audience
جميل,جميلة,جمدية,وإيل,pretty,beautiful
جميل,رائع,راقظ,وإيل,wonderful,fantastic
جهاز,رقاقة,تلاقة,حضاز,chip,device
جواز سفر,تذكرة,تذضية,كراز سفر,ticket,passport
جودة,كمية,مزية,جونه,quantity,quality
جوعان,متعبه,متفره,جوبين,tired,hungry
جولي,روميو,روكرو,تسلي,romeo,juliet
جوهرة,الماس,النيس,كرهرة,diamond,jewel
جيش,الفيلق,التحلق,تبش,legion,army
حادثة,حادثة,حارحة,حاـرة,incident,accident
حافظة مسافة,أوركسترا,أوافسترا,حافظسامسافة,orchestra,band
حالة,الفيدرالية,الفيدرالطا,حاته,federal,state
حالة طوارئ,عاجل,عاية,حالة طواعن,urgent,emergency
حبل,سلسلة,سلصية,عول,chain,rope
حبوب منع الحمل,لوح,ماح,حبوب منعاقلحمل,tablet,pill
حدث,ظاهرة,ظارعة,طلث,phenomenon,event
حذاء,حذاء طويل,حذاءفرويل,عضاء,boot,shoe
حساب,عدد,مثد,سواب,count,calculate
حساس,دقيق او حساس,يظيق او حساس,سواس,delicate,sensitive
حصاة,صخر,ـار,أجاة,rock,stone
حصان,حمار,شرار,زيان,donkey,horse
حصيلة,نتيجة,نتقاة,هايلة,result,outcome
حضن,قبلة,اصلة,رلن,kiss,hug
حفظ,إنقاذ,إنفصذ,ذكظ,rescue,save
حفل,استقبال,اسأطبال,أثل,reception,party
حفلة موسيقية,جولة,زالة,حفلة موسقضية,tour,concert
حقا,فعلا,جولا,قدا,actually,really
حقنة,إبرة,تمرة,دانة,needle,syringe
حقنة,جرعة,طنعة,دانة,dose,injection
حقيبة سفر,حقيبة,حقحية,حقيبة اتر,briefcase,suitcase
حقيقة,صحيح,ركيح,تييقة,TRUE,real
حقيقي,متفائل,متفاـن,حقفري,optimistic,realistic
حكومة,الادارة,الوسارة,حكبلة,administration,government
حلف,أقسم,أقفك,تيف,swear,oath
حلقة,مسلسل,مساضل,حلنه,series,episode
حلم,كابوس,اقبوس,طبم,nightmare,dream
حمة,سعال,قضال,مـة,cough,fever
حمل,ولادة,تقادة,صال,birth,pregnancy
حميم,شخصي,اثصي,صايم,personal,intimate
حول,خارج,خاكس,دفل,out,about
حول,مستدير,مسكرير,دفل,round,around
حيوان,وحش,هيش,صلوان,beast,animal
خائن,الجاسوس,الجاينس,خاقش,spy,traitor
خادم,شريحة,شرردة,خاهر,slave,servant
خادمة,مربية,مرادة,خازية,nanny,maid
خارجي,داخلي,دارمي,خالسي,internal,external
خاطئة,مزورة,شهورة,خاهشة,fake,FALSE
خبرات,ثانوي,ثااغي,أخرات,secondary,primary
خد,شفة,تظة,سق,lip,cheek
خرطوم,مضخة,مضين,خرضخم,pump,hose
خريطة,بوصلة,بودمة,خرصية,compass,map
خزانة,خزانة,يثانة,فمانة,cabinet,closet
خطأ,خطأ,جرأ,علأ,error,mistake
خطبة,خطاب,علاب,تهبة,speech,sermon
خطر,مخاطرة,مخخيرة,كتر,risk,danger
خطير,محفوف بالمخاطر,محفوعصبالمخاطر,علير,risky,dangerous
خفض,زيادة,حصادة,جـض,increase,reduce
خفيفة,الظلام,الدعام,لآيفة,darkness,light
خلاف,نزاع,كساع,محاف,conflict,dispute
خليط,مزيج,مزصه,خلوق,combination,mixture
خوارق,خارق للعادة,خارقنخلعادة,نطارق,supernatural,paranormal
خيالي,واقع,واسب,وهالي,reality,fantasy
خيبة الامل,مفاجئة,مفاجبك,خيبةبجلامل,surprise,disappointment
داكن,ظل,طم,داثي,shadow,dark
دراسة,ابحاث,مجحاث,درعدة,research,study
درجة الحرارة,الحرارة,التمارة,درجة الحراين,heat,temperature
درع,درع,تجع,زوع,shield,armor
دستور,قانون,كونون,دسبير,law,constitution
دفن,حفر,خار,ورن,dig,bury
دكتور جامعى,عميد,غريد,دكتوادجامعى,dean,professor
دليل,دليل,اصيل,اصيل,evidence,proof
دماغي,مخ,ـذ,دمكبي,brain,cerebral
دهان,فنان,بزان,نقان,artist,painter
دوره المياه,دش,هؤ,دورهمقلمياه,shower,bathroom
دورية,حارس,حاكا,تظرية,guard,patrol
دولار,جنيه,عتيه,دوقبر,pound,dollar
دير,دار الأيتام,داإذالأيتام,وار,orphanage,convent
ديرصومعة,معبد,معنر,ديرصتكعة,temple,monastery
ديسمبر,شهر نوفمبر,شهر نوتربر,ديلتبر,november,december
ديك رومى,دجاج,كضاج,دينورومى,chicken,turkey
ديمقراطية,الحريه,اليقيه,ديإيراطية,freedom,democracy
دين,فلسفة,فلللة,بقن,philosophy,religion
ديناميت,البارود,الباكسد,كرناميت,gunpowder,dynamite
دينغ,بينج,فلنج,ديهم,ping,ding
ذئب,يتحمل,يتتصل,ولب,bear,wolf
ذراع,يسلم,يستغ,أأاع,hand,arm
ذروة,أخير,أختب,وآوة,final,ultimate
ذريعة,الدافع,التجفع,وزيعة,motive,alibi
ذكي,ذكي,ئلي,غذي,smart,intelligent
ذو قيمة,استحق,اسغلق,ذوتريمة,deserve,worthy
رؤية,وحي,سبي,واية,revelation,vision
رئيس,إدارة,صوارة,كـيس,manager,boss
رئيس,المستشار,الاكتشار,كـيس,chancellor,president
رائحة,المذاق,الشماق,راحطة,taste,smell
رائعة,ممتاز,ممميز,راظمة,excellent,great
رائعة حقا,بديع,اقيع,رائعة لتا,impressive,amazing
رابعا,الثالث,الثاdn,راأنا,third,fourth
راتب,راتب تقاعد,راتبلدقاعد,رااش,pension,salary
راقب,نظرة,تصرة,راهد,look,watch
ربطة عنق,ربط,طوط,ربطة عهه,bind,tie
ربع,نصف,فوف,شعع,half,quarter
رحلة طيران,هبوط,غطوط,رحلة طفنان,landing,flight
رحمة,مغفرة,مغرطة,لخمة,forgiveness,mercy
رخيص,غالي الثمن,غالي اسومن,doيص,expensive,cheap
رسالة,برقية,بروهة,عبالة,telegram,letter
رسالة,تحذير,تححفر,عبالة,warning,message
رشفة,يسقط,يسنع,همفة,drop,sip
رصاصة,عيار,أبار,thاصة,caliber,bullet
رعاة البقر,روديو,روسةو,رعاة البيه,rodeo,cowboy
رعد,برق,ـاق,شرد,lightning,thunder
رغبة,رغبة,قوبة,رغري,desire,wish
رقبة,حلق,تزق,عوبة,throat,neck
رقص,راقصة,رايكة,سجص,dancer,dance
ركبة,كتف,نوف,اقبة,shoulder,knee
رمز,علم,خطم,دلز,flag,symbol
رمل,طين,إضن,لفل,mud,sand
رهيب,كريه,دييه,ثريب,terrible,horrible
روب,سرقة,ادقة,انب,steal,rob
روح,روح,وجح,وجح,soul,spirit
روما,قيصر,قيمد,وجما,caesar,rome
رومانسي,دراماتيكي,طااماتيكي,روماسمي,dramatic,romantic
ريادي,مليونير,لحيونير,رينـي,millionaire,entrepreneur
رياضة,هواية,رياية,ريشدة,hobby,sport
ريشة,مذيع الأخبار,مذيعتزلأخبار,ريمت,anchor,sail
زبدة,عسل,اءل,دهدة,honey,butter
زبون,صبور,لأور,فطون,patient,client
زجاجة,زجاج,ذباج,reاجة,glass,bottle
زعيم,عضو,اجو,ذنيم,member,leader
زفاف,الارتباط,السلتباط,stاف,engagement,wedding
زقاق,ركن,ــن,دزاق,corner,alley
زهرة,مصنع,مصزم,تصرة,plant,flower
زواج,طلاق,إقاق,تذاج,divorce,marriage
زوجة,الزوج,العشج,تاجة,husband,wife
زى موحد,شارة,أصرة,sc موحد,badge,uniform
سائق,راكب,رالص,سامض,passenger,driver
ساحة المعركة,الساحة,السانج,ساحة المضحكة,arena,battlefield
ساحر,سحر,اعر,ساخة,magic,wizard
ساحر,ملفت للانتباه,ملفت للانتشره,ساخة,attractive,charming
ساحرة,لعنة,ارنة,ساتنة,curse,witch
ساحل,شاطئ بحر,شاغر بحر,ساها,beach,coast
ساخر,سخرية,يسرية,ساهل,irony,ironic
ساخرة,ساذج,ساوغ,ساعاة,naive,cynical
سجاد,أرضية,أراضة,بعاد,floor,carpet
سحلية,ضفدع,ــدع,تظلية,frog,lizard
سخيف,سخيف,عذيف,جذيف,ridiculous,absurd
سرطان,ورم,طدم,سرحون,tumor,cancer
سرطان البحر,تونة,اهنة,سرطايمالبحر,tuna,lobster
سرعة,مسافه: بعد,مسافقط بعد,سرون,distance,speed
سرقة,سرقة,ادقة,سرنه,theft,robbery
سرير,كنبة,كنـه,فوير,sofa,bed
سريع,البحرية,الدفرية,فويع,naval,fleet
سريع التبخر,لاجئ,لاat,سريعنجلتبخر,refugee,fugitive
سطح - المظهر الخارجي,طبقة,طباء,سطح  المظهر اقدارجي,layer,surface
سعيدة,راضي,راجه,بذيدة,satisfied,happy
سفينة,طاقم,درقم,كرينة,crew,ship
سكران,رصين,تجين,لقران,sober,drunk
سكين,سيف,فوف,رتين,sword,knife
سلاح,مسدس,مسغر,سلسل,pistol,weapon
سلاح المدفعية,سلاح الفرسان,سلاحيخلفرسان,سلاح المقصعية,cavalry,artillery
سلامة,الأمان,الفاان,يدامة,security,safety
سلحفاة,حلزون,حلاتن,سلمراة,snail,turtle
سلطة,حساء,لياء,سلني,soup,salad
سمعة,حياة مهنية,حياة مشوية,زوعة,career,reputation
سمك,سمك القرش,سمك الشاش,لقك,shark,fish
سميك,نحيف,نحها,سمرت,thin,thick
سن,مسمار,وأمار,وض,nail,tooth
سنتيمتر,ميل,لإل,سنتيفار,mile,centimeter
سهل,غير ممكن,غيبةممكن,رتل,impossible,easy
سور,حائط,حاnt,يبر,wall,fence
سيئة,جيد,قعد,سيصع,good,bad
سيارة نقل,عرض مختصر لفيلم,عرض مختصبرلفيلم,سياركزنقل,trailer,van
سياسة,الصحافة,الهوافة,سيعدة,journalism,politics
سياسي,حرج,ائج,سيعتي,critical,political
سياسي,سياسات,سيكرات,سيعتي,policy,politician
سيجار,دخان,ضحان,سيينر,smoke,cigar
سيجارة,التبغ,الحدغ,سيينرة,tobacco,cigarette
سيدة,رب,شع,سيتز,lord,lady
سير,يركض,يريغ,افر,run,walk
سيرك,حديقة حيوان,حديقرمحيوان,عارك,zoo,circus
سيناتور,محافظ حاكم,محافتخحاكم,سينانظر,governor,senator
شاحنة,جيب,تكب,شافظة,jeep,truck
شارع,السبيل,الهييل,شايز,avenue,street
شاكوش,عصا,ءها,شايسش,stick,hammer
شامبانيا,خمر,كتر,شامبكريا,wine,champagne
شتاء,الصيف,الولف,خجاء,summer,winter
شجاع,النبيل,المثيل,نضاع,noble,brave
شجرة,دفع,عشع,جورة,bush,tree
شخص شره,بقرة,بقـا,شخكبشره,cow,pig
شرف,شرف,ظيف,ظيف,privilege,honor
شرق,غرب,اوب,تكق,west,east
شريط,النادي,الاعدي,شرظر,club,bar
شعور,انطباع,انقضاع,اضور,impression,feeling
شغف,حماس,لساس,ـوف,enthusiasm,passion
شفاء - يشفى,استعادة,استعرضة,شفاء بمشفى,recover,heal
شقة,بيت,ررت,تظة,house,apartment
شقيق,أخت,كلت,آنيق,sister,brother
شكر,شاكر,شافي,إفر,grateful,thank
شمال,جنوب,جنائ,ثوال,south,north
شمسي,القمري,اللحري,عـسي,lunar,solar
شمعة,مصباح,باباح,ريعة,lamp,candle
شهادة,الشاهد,الشاقب,برادة,witness,testimony
شوكة,ملعقة,ملرثة,شواط,spoon,fork
شوكولاتة,السكر,العقر,شوكولاحل,sugar,chocolate
شيئا ما,لا شيئ,لالنيئ,شيرة ما,nothing,something
شيطان,ملاك,تجاك,شيذين,angel,devil
صاحب,خاصية,خايطة,حمحب,property,owner
صادق,مقبول,مقدال,صالع,decent,honest
صاروخ,صاروخ,ستروخ,هيروخ,rocket,missile
صافرة,بوق,اعق,قوفرة,horn,whistle
صباح,غدا,دحا,وظاح,tomorrow,morning
صبي,فتاة,فتحا,رصي,girl,boy
صحافة,زر,عظ,لهافة,button,press
صحافي,مراسل,مرصيل,صحندي,reporter,journalist
صداقة,علاقة,خطاقة,صدكية,relationship,friendship
صدر,معدة,رودة,اطر,stomach,chest
صديق,كلية,يكية,حقيق,colleague,friend
صغير,قليل,جنيل,قنير,little,small
صغيرة,عمر او قديم,عمر اوحدديم,عجيرة,old,young
صفقة,مغلف,مغشي,بـقة,envelope,package
صلب,الخرسانة,الحتسانة,وكب,concrete,steel
صلصة,كريم,جويم,صلحا,cream,sauce
صورة فوتوغرافية,صورة,اغرة,صورة فوتنسرافية,picture,photo
صيح,خاطئ - ظلم - يظلم,خاطئ  ظلم  يشام,حاح,wrong,correct
صيد السمك,الصيد,التهد,صيإحالسمك,hunting,fishing
ضباب,غيم,قرم,غضاب,cloud,fog
ضعيف,قوي,فذي,ازيف,strong,weak
طاقة,قوة,خية,طانا,power,energy
طاه,يطبخ,يطقظ,لده,cook,chef
طبيب,دكتور جراح,دكتوتسجراح,طبفي,surgeon,doctor
طحين,قمح,آيح,ممين,grain,flour
طريق,طريق,طرتم,لشيق,route,path
طعم,فخ,رؤ,حتم,trap,bait
طفره,تطور,ضرور,اوره,evolution,mutation
طفل,طفل,إهل,زيل,baby,child
طلب,الطلب,الدبب,إقب,demand,request
طماطم,البطاطس,البطآيس,طموشم,potato,tomato
طوعا، بمحض ارادتك,تطوع,شيوع,طوعاهدبمحض ارادتك,volunteer,voluntarily
طويل,قصيرة,ربيرة,ذكيل,short,long
طيار,رائد فضاء,رائدعوضاء,إضار,astronaut,pilot
ظهر السفينة,الطائرة,المضئرة,ظهسهالسفينة,cabin,deck
عاجزة,عاجز,عاصي,عادئة,helpless,powerless
عادي,صحيح,ركيح,لصدي,healthy,normal
عارية,ناقص,ناذة,بيرية,nude,naked
عاشق,عشيقة,دفيقة,عاصا,mistress,lover
عاصفه,ريح,هوح,عازبه,wind,storm
عاطفي,عقلي,جالي,عالوي,mental,emotional
عالم,العبقري,الإمقري,عاعه,genius,scientist
عالمي,وطني,لصني,عاركي,national,global
عامل,مزارع,مزرجع,عاسي,farmer,worker
عدالة,انتقام,تعتقام,لمالة,revenge,justice
عدل,البارون,الباحثن,مـل,baron,countess
عدوى,فايروس,فالأوس,مثوى,virus,infection
عديم القيمة,عديم الفائدة,عدتن الفائدة,عديم اتريمة,useless,worthless
عذر,اغفر,مقفر,اعر,forgive,excuse
عرش,تاج,يمج,قاش,crown,throne
عرف,تعرف,تعمك,تغف,recognize,knew
عروس,زوج,تذج,يصوس,groom,bride
عروسه لعبه,لعبة,لعظا,عروسه جابه,doll,toy
عصفور,فراشة,فرللة,عصكير,butterfly,bird
عصير,حليب,حلام,خدير,milk,juice
عضلة,عصب,تخب,اتلة,nerve,muscle
عطر,أحمر الشفاه,أحمر الشتقه,ونر,lipstick,perfume
عطش,جوع,كرع,قاش,hunger,thirst
عقد، عشر سنوات,مئة عام,شطة عام,عقد، عشر سوجات,century,decade
عكس ذلك,عكس,دسس,عكولذلك,opposite,contrary
علاج,علاج نفسي,علاجبتفسي,تراج,therapy,treatment
علم,تقنية,مينية,خطم,technology,science
علم النفس,تشريح,سيريح,علكنالنفس,anatomy,psychology
عمدا,بطريق الخطأ,بطريارالخطأ,أشدا,accidentally,intentionally
عمدة,شريف,صحيف,اردة,sheriff,mayor
عمليا,حرفيا,حراذا,بوليا,literally,practically
عموما,بطبيعة الحال,بطبينك الحال,عمكها,naturally,generally
عنوان,رقم,إصم,جموان,number,address
عيادة,مستشفى,مستشبث,عينهة,hospital,clinic
عيد الميلاد,ذكرى سنوية,ذكرى سداية,عيآنالميلاد,anniversary,birthday
غابة,غابة,غائه,توبة,jungle,forest
غادر,الصحيح,الخريح,نحدر,right,left
غاضب,غيور,للور,غاظه,jealous,angry
غالبا,بعض الأحيان,بعقفالأحيان,غادثا,sometimes,often
غباء,جنون,كمون,إساء,madness,stupidity
غبي,ساذج,ساوغ,زمي,naïve,stupid
غبي,مجنون,مجيئن,زمي,fool,idiot
غثيان,إسهال,ذتهال,avيان,diarrhea,nausea
غداء,وجبة خفيفة,بيبة خفيفة,زناء,snack,lunch
غرام,كيلو,كيهي,اوام,kilo,gram
غرفة نوم,مجال,ابال,غرفةنـوم,room,bedroom
غريب,غير عادي,غير تهدي,غرفي,unusual,strange
غسل,ينظف,ينرأ,شعل,clean,wash
غضب,غضب,ضبب,فدب,anger,rage
غطرسة,جهل,شفل,غطقبة,ignorance,arrogance
غوريلا,قرد,لند,غوريبه,monkey,gorilla
غياب,حضور,آنور,تشاب,presence,absence
غيتار,بيانو,اخانو,غيلير,piano,guitar
غير سارة,غير مريح,غيوبمريح,غيجرسارة,uncomfortable,unpleasant
غير قادر,عجز,ورز,غيعنقادر,inability,unable
غير مسؤول,غير منطقى,غيقومنطقى,غيظامسؤول,unreasonable,irresponsible
غير منصف,ظلم,beم,غيأقمنصف,injustice,unfair
فأر,الفأر,الؤثر,يغر,mouse,rat
فاكس,بريد,برره,فارح,mail,fax
فاكهة,تفاحة,تفيتة,فاصـة,apple,fruit
فانيلا,قرفة,قرمي,فاإغلا,cinnamon,vanilla
فترة,مرحلة,مرهمة,إقرة,phase,period
فجر,غروب الشمس,غروبنهلشمس,ذار,sunset,dawn
فدية,خطف,يوف,رشية,kidnapper,ransom
فرح,فخور,يذور,قيح,proud,excited
فرد,شخص,ليص,طاد,person,individual
فرض,الخضوع ل,الخضوعرب,موض,strength,force
فريدة من نوعها,خاص,مبص,فريدة منلكوعها,special,unique
فريق,الدوري,العمري,فرتم,league,team
فستان,تنورة,غرورة,تمتان,skirt,dress
فضة,ذهبي,وزبي,لخة,golden,silver
فضيحة,نميمة,لجيمة,عويحة,gossip,scandal
فعال,مفيد,مفتا,عقال,useful,effective
فعل,إيماءة,إيمابع,إدل,gesture,act
فعل,صنع,حفع,إدل,make,do
فقرة,الجزء,الفيء,تشرة,section,paragraph
فكر في,انصح,انكو,فكلهفي,consider,think
فلز,حديد,طليد,لمز,iron,metal
فندق صغير,الفندق,الأطدق,فندقوأغير,hotel,motel
فودكا,ويسكي,وياوي,بلدكا,whiskey,vodka
في احسن الاحوال,المثالي,الصيالي,فيستحسن الاحوال,ideal,perfect
في الامس,اليوم,الأفم,فيمذلامس,today,yesterday
في النهاية,أخيرا,أخطاا,فيحفلنهاية,finally,eventually
في داخل,الخارج,الخاكن,فيبزاخل,outside,inside
فيتامين,بروتين,برهمين,فيمحمين,protein,vitamin
فيديو,دي في دي,ديتيي دي,ولديو,dvd,video
فيروس العوز المناعي البشري,مساعدات,مساعترت,فيروس العوز المناعفمالبشري,aids,hiv
فيلم,إباحية,إبعاية,فيزي,porn,movie
قائد المنتخب,القائد,القارأ,قائد المنتأم,commander,captain
قاتل,القاتل,القاشي,قالف,killer,murderer
قاتل,المرتزقة,المرحدقة,قالف,mercenary,assassin
قاتلة - مهلك,مميت,حريت,قاتلئه مهلك,deadly,fatal
قارب,غواصة,غوطرة,قائه,submarine,boat
قاسية,قاسي,قامك,لوسية,brutal,cruel
قاضي,ملعب تنس,ملزم تنس,قالف,court,judge
قانوني,غير شرعي,خدر شرعي,قاتعني,illegal,legal
قبض على,إختطاف,إخمواف,قبباعلى,grab,catch
قبعة,خوذة,خوشى,ادعة,helmet,hat
قبعة,نظارات,اهارات,ادعة,glasses,cap
قبول,رفض,يطض,مضول,refuse,accept
قتل,الانتحار,الانتحقي,وخل,suicide,murder
قتل,سم,اص,وخل,poison,kill
قدر,قدر,تظر,رور,fate,destiny
قدرة,الاهلية,القسلية,شيرة,capacity,ability
قذرة,مقرف,مقسي,تقرة,nasty,filthy
قريب,افتح,افثل,وكيب,open,close
قرية,معسكر,معغفر,داية,camp,village
قصيدة,نص,ثف,اضيدة,text,poem
قضيب,المهبل,المهدد,تؤيب,vagina,penis
قطاع,وحدة,هيدة,بهاع,unit,division
قطة,كلب,حيب,تعة,dog,cat
قطعة,شظية,يئية,وخعة,fragment,piece
قف,يحول دون,يحولنتون,إط,prevent,stop
قفل,مفتاح,مفروح,لذل,key,lock
قلادة,جرس,ادس,جنادة,ring,necklace
قلعة,قصر,كـر,جنعة,palace,castle
قلق,هم,يذ,كمق,concern,worry
قلم جاف,ورق,ثوق,قلوزجاف,paper,pen
قمامة,قمامة، يدمر، يهدم,قمامة، يدمر، يضتم,مهامة,trash,garbage
قناص,الرامي,الرافق,طياص,shooter,sniper
قهوة,فنجان,موجان,meوة,cup,coffee
كآبة,ضغط عصبى,shط عصبى,eaبة,stress,depression
كائن فضائي,جسم غامض,جسناغامض,كائنللضائي,ufo,alien
كاتب,شاعر,شاـد,كامو,poet,writer
كارتل,المافيا,الماادا,كاقيل,mafia,cartel
كاف,كافية,تشفية,ـوف,enough,sufficient
كاهن,راهب,راطي,كالد,monk,priest
كتاب,الكتاب المقدس,الكتابطألمقدس,مقاب,bible,book
كتيبة,فوج,وذج,كتبهة,regiment,battalion
كدمة,خدش,غيش,ذومة,scratch,bruise
كذاب,راحه,راضك,نياب,lie,liar
كراج,ورشة عمل,ورشةويمل,كرتا,workshop,garage
كرامة,فخر,همر,بقامة,pride,dignity
كرة القدم,كرة سلة,كرغاسلة,كروذالقدم,basketball,football
كرسي,جدول,جدبي,كراه,table,chair
كريم,الرحمة,السعمة,جويم,compassionate,generous
كلمه السر,الشفرة,الخورة,كلمه اـعر,code,password
كنيسة صغيرة,كنيسة,دميسة,كنيسوأصغيرة,church,chapel
كهرباء,حاضر,حاقق,رغرباء,current,electricity
كهربائي,مغناطيسي,حيناطيسي,ذرربائي,magnetic,electric
كوكب الزهرة,كوكب المريخ,كوكباولمريخ,كوكب اأمهرة,mars,venus
كولونيل,جنرال لواء,جنرال زلاء,كوفينيل,general,colonel
كوميديا,دراما,تحاما,كوميائا,drama,comedy
كونياك,رم,كأ,كوشباك,rum,cognac
كيس,صندوق,طودوق,اطس,box,bag
كيك,حلوى,حلين,ظرك,dessert,cake
لاعب,مدرب رياضي,مدربطاياضي,لاكة,coach,player
لافت للنظر,استثنائية,استثنااسة,لافت للنتف,exceptional,remarkable
لجنة,لجنة,رونة,رونة,commission,committee
لحم,لحم خنزير,لحم خنيبر,يـم,pork,meat
لحم مقدد,خبز محمص,خبونمحمص,لحم مقفع,toast,bacon
لحية,شعر,ربر,كزية,hair,beard
لذيذ,طيب المذاق,طيب الحلاق,لذاغ,tasty,delicious
لطيف,لين,سنن,كتيف,soft,gentle
لعبة البوكر,القمار,الزاار,لعبة البنتر,gambling,poker
لعبه,لعب,ائب,لعدي,play,game
لقاء,مؤتمر,مؤوفر,اصاء,conference,meeting
لقب,اسم الشهرة,اسطنالشهرة,نيب,nickname,surname
لقب,اسم,زام,نيب,name,title
لهب,إطلاق النار,إطلاعوالنار,حوب,fire,flame
لهجة,صوت بشري,صوبتبشري,هرجة,voice,accent
لوحة,صحن,كرن,صلحة,bowl,plate
ليبرالية,محافظ,خلافظ,ليبرالمض,conservative,liberal
ليموزين,سيارة اجره,سياراواجره,ليلمزين,taxi,limousine
لينغ,مينغ,ميمن,ليدو,ming,ling
مأتم,نعش,شاش,تمتم,coffin,funeral
مأساوي,حزين,رقين,أجساوي,sad,tragic
مأوى,لجأ,ـدأ,لذوى,refuge,shelter
مؤخرا,فقط,طيط,مؤـدا,just,recently
مؤخرة,أمامي,علامي,مؤاثة,front,rear
مؤسسة,شركة,شرعب,مؤظية,company,corporation
ما يزال,سابقا,سارسا,ماسنزال,already,still
مائة,ألف,يـف,مافع,thousand,hundred
مائع,السائل,السالس,ماخن,liquid,fluid
مادة الاحياء,كيمياء,أشمياء,مادةلئلاحياء,chemistry,biology
مادة متفجرة,قنبلة,عجبلة,مادة متفوقة,bomb,explosive
ماضي,مستقبل,مستقطة,مازة,future,past
مال,السيولة النقدية,السيمسة النقدية,لتل,cash,money
ماما,أبي,ئدي,لرما,daddy,mum
مايونيز,كاتشب,كامكب,مايورنز,ketchup,mayonnaise
مباشرة,مباشرة,مبرارة,مبكررة,direct,directly
مبالغة,يقلل من شأن,يقللدلن شأن,كمالغة,underestimate,exaggerate
مبتل,جاف,تيف,مبشي,dry,wet
مبكرا,متأخر,متبار,مبطوا,late,early
متجر,متجر,متلا,متلا,shop,store
متحف,مكتبة,مكوعة,متئى,library,museum
متخرج,شهادة دبلوم,شهادئكدبلوم,متدفج,diploma,graduate
متخصص,خبير,فجير,متفرص,expert,specialist
متر,كيلومتر,كيلوحير,ابر,kilometer,meter
متزوجة,غير مرتبطة,غييثمرتبطة,متزوج \ليمتزوجة,single,married
متلازمة,علامة مرض,علامبإمرض,متلاختة,symptom,syndrome
متوتر,قلق,جنق,متيقر,worried,nervous
متوسط,قليل,جنيل,متاكط,low,high
متوفى,على قيد الحياة,على قيد الاواة,متسكى,alive,dead
مثلث,دائرة,داظمة,مثطخ,circle,triangle
مثير للانتباه,مثير,عدير,مثيرقتلانتباه,exciting,interesting
مثير للشفقة,بائس,باok,مثيرتولشفقة,miserable,pathetic
مجانا,بحرية,بحماة,نتانا,freely,free
مجد,المجيد,البأيد,لند,glorious,glory
مجرم,لص,طف,مجيو,thief,criminal
مجلة,بلاي بوي,بلاييفوي,صيلة,playboy,magazine
مجلس الشيوخ,البرلمان,البرابان,مجلس اتايوخ,parliament,senate
مجموعة,عصابة,ضرابة,مجراعة,gang,group
مجنون,المذعور,المذنير,ابنون,paranoid,crazy
مجهر,تلسكوب,تليسوب,مجرو,telescope,microscope
مجهول,مجهول,مجسجل,مجصيل,anonymous,unknown
محارب,جندي,تأدي,قرارب,soldier,warrior
محاضرة,ندوة,بـوة,محاضعا,seminar,lecture
محاولة,يحاول,مجاول,محاوقف,try,attempt
محبوب,لطيف,كتيف,محشرب,nice,lovely
محتشم,متواضع,متوابق,محهضم,humble,modest
محرك,خزان,فمان,محاف,tank,engine
محطة,برنامج,لمنامج,ياطة,platform,station
محفظة نقود,جيب,تكب,محفظوتنقود,pocket,wallet
محقق,المحلل,المحدو,محطى,analyst,investigator
محلي,إقليمي,اسليمي,ئولي,regional,local
محيط,نصف القطر,نصف التزر,محظر,radius,perimeter
محيط,لحر,نطر,محظر,sea,ocean
مخبر,مصدر,لتدر,مخال,source,informant
مختلف,مماثل,ممهيل,مخارف,similar,different
مخلص,مخلص,مخاث,مخذب,loyal,faithful
مخلوق,مسخ,روخ,مخشاق,monster,creature
مدخل,خروج,هدوج,مدكب,exit,entrance
مدرسة,صف دراسي,صفسحراسي,مدقبة,class,school
مدى الحياة,أبدي,أبقا,مدى الحيتا,eternal,forever
مدير,منتج,مندس,أفير,producer,director
مدينة,رأس المال,رألكالمال,أفينة,capital,city
مذنب,بريىء,برضهء,سجنب,innocent,guilty
مذهل,مثيرة,عديرة,مذحت,sensational,spectacular
مرآة,انعكاس,انتىاس,مرys,reflection,mirror
مراسم,شعيرة,أديرة,مريام,ritual,ceremony
مرافقة,مرافقة,مرافنه,مرافعا,escort,accompany
مراقب,شاشة,شاـر,مربوب,screen,monitor
مراهقة,سن المراهقة,سنذهلمراهقة,مرمشقة,teenage,teenager
مرح,بكل سرور,بكسبسرور,الح,pleasure,joy
مرحلة الطفولة,شباب,فناب,مرحلمنالطفولة,youth,childhood
مرض,أنفلونزا,أنفلوناض,هاض,flu,disease
مرض,سوف,ياف,هاض,ill,sick
مرفأ,شراء,شرون,مرجو,bay,harbor
مريب,مخيف,يريف,مرفي,scary,creepy
مسؤول,معرض,معفت,مسجمل,fair,reasonable
مساعد,سكرتير,سكرتاح,مسديد,secretary,assistant
مساعدة,الدعم,البتم,مساعما,support,assistance
مساعدة,مساعدة,مساعما,مساعما,help,assist
مسبار,كبسولة,حفسولة,مساؤر,capsule,probe
مستخدم,بشكل طبيعي,بشكل طبينج,مستخهر,normally,usually
مسرح,سينما,سييتا,مسكس,cinema,theater
مسيحي,كاثوليكي,كاتدليكي,مسثري,catholic,christian
مشتبه فيه,شك,ئق,مشتبدءفيه,doubt,suspect
مشتر,تاجر,تائج,مشجي,seller,buyer
مشرق,يلمع,يلتح,مشاج,shine,bright
مشروب غازي,عصير الليمون,عصير اللأطون,مشرويةغازي,lemonade,soda
مشكلة,مشكلة,مشاوة,مشصية,trouble,problem
مشهور,جمع,وإع,مشجعر,popular,famous
مصاص دماء,الاموات الاحياء,الاموات الاحتمء,مصاصروماء,zombie,vampire
مصطنع,طبيعي,تزيعي,مصبضع,natural,artificial
مصل,مضاد سمي,مضادمامي,غفل,antidote,vaccine
مصور فوتوغرافي,توقيعه,توجرعه,مصورجلوتوغرافي,autograph,photographer
مصيبة,لسوء الحظ,لسعة الحظ,بجيبة,unfortunate,misfortune
مصيبة,قارة,فجرة,بجيبة,situation,crisis
مضحك,بارع,باته,مضكه,witty,funny
مضغ,السنونو,اللعونو,قبغ,swallow,chew
مطار,طرفية,لشفية,عرار,terminal,airport
مطاردة,إتبع,إتيز,تغاردة,follow,chase
مطعم,حانة,حايا,عرعم,pub,restaurant
معالجة,مراقبة,مراقين,معالـت,control,manipulate
معتاد,عادي,عاون,أستاد,ordinary,usual
معرض,صالة عرض,صالةتفرض,معفت,gallery,exhibition
معركة,حرب,قوب,معزوة,war,battle
معقول,تفسير,تفتشر,معاهل,explanation,plausible
معكرونة,لازانيا,لاعلنيا,نشكرونة,lasagna,spaghetti
معلم,طالب علم,طالبككلم,مععه,student,teacher
معلومة,بيانات,اخانات,معلواز,data,information
مغبر,صدئ,نبئ,دوبر,rusty,dusty
مغلق,مقفل,مقان,حيلق,locked,closed
مفاعل,مولد كهرباء,مولد كلوباء,مفسول,generator,reactor
مفوض,مفتش,عمتش,مفسن,inspector,commissioner
مقاتل,بطل,ضـل,دماتل,champion,fighter
مقال,وصول,لكول,تفال,arrival,departure
مقبرة,خطير,ستير,اجبرة,grave,cemetery
مقدار,مجموع,مجيـع,مقتور,sum,amount
مقر,يتمركز,يتآمكز,اظر,base,headquarters
مقزز,قذر,رخر,مقke,dirty,disgusting
مكان ما,في مكان آخر,فيهيكان آخر,مكانعرا,elsewhere,somewhere
مكتب المدير,الحمام,المعام,مكتبئةلمدير,toilet,sink
مكتب. مقر. مركز,طاولة مكتب,طاولة مكاث,مكتب. مقر.ظوركز,desk,office
ملك,ملكة,ملقك,تجك,queen,king
مليار,مليون,ملامن,لقيار,million,billion
ممارسه الرياضه,ممارسة,مماربت,ممارسه الريادو,practice,exercise
ممتلىء,فارغة,فانبة,ممتلكب,empty,full
مملكة,رويال,لفيال,ممتية,royal,kingdom
منديل,قماش,قمخل,منهال,cloth,handkerchief
منشفة,بطانية,ترانية,منصحة,blanket,towel
منطقة,مساحة,مسدسة,منكدة,area,zone
منطقة,مقاطعة,مقزرعة,منكدة,county,district
مهاجم,ضحية,جبية,مهتحم,victim,attacker
مهرجان,الكرنفال,تذكرنفال,مهتهان,carnival,festival
مهمة,مهمة,مهتر,رامة,task,mission
مهندس معماري,مهندس,مهؤوس,مهندعكمعماري,engineer,architect
موافقة,الإذن,الدخن,موافعا,permission,approval
موت,يعاني,نساني,زات,suffer,die
موجه,السبب,الصفب,مومن,reason,cause
مورفين,أسبرين,أساقين,موتاين,aspirin,morphine
موسيقى,موسيقى الجاز,موسينز الجاز,موسيغي,jazz,music
موسيقي او عازف,مغني,حيني,موسيتح او عازف,singer,musician
موضوعات,هدف,فوف,موتفعات,object,subject
موقد,فرن,ـأن,مورل,oven,stove
موقعك,مكان,وران,مواشك,place,location
موقف سلوك,رأي,سبي,موقفاتلوك,opinion,attitude
موهبة,القدره,الإلره,مورصة,potential,talent
ميدالية,غنيمة,خميمة,مينيلية,trophy,medal
ميداليون,الأداة,الالاة,ميابليون,artifact,medallion
ميكانيكي,تقني,رتني,ميكانياك,technical,mechanical
ميكروفون,الة تصوير,الوئتصوير,ميكرقبون,camera,microphone
نادرا,من حين اخر,من حينحسخر,ناهيا,occasionally,rarely
نادلة,النادل,النافع,ناتوة,waiter,waitress
ناقص,زائد,أزئد,ناكك,plus,minus
نجارة,أول,اطل,موارة,senior,junior
نجمة,نجاح كبير,نجاحسسبير,دحمة,celebrity,star
ندب,وشم,ضتم,ؤوب,tattoo,scar
نشاط,نشيط,نشظر,نشكة,active,activity
نظرية,فكرة,ذارة,اهرية,idea,theory
نعم,حسنا,يفنا,زيم,okay,yeah
نفسي,طبي,تزي,نفمك,medical,psychological
نفط,فحم,شجم,ساط,coal,oil
نفق,كوبري,كورسي,قاق,bridge,tunnel
نفي,إيجابي,تبجابي,قعي,positive,negative
نقاش,محادثة,محاداذ,للاش,conversation,discussion
نقل,نقل,صال,صال,move,transfer
نكتة,الخدعة,العضعة,غلتة,trick,joke
نمط,على نفس المنوال,على نفوذالمنوال,ƒطط,rhythm,style
نووي,الذري,السهي,شيوي,atomic,nuclear
نية,هدف,فوف,بكة,purpose,intention
هاتف,يتصل,يتمن,هاne,call,telephone
هبة,الاعمال الخيرية,الاعدةل الخيرية,لطة,charity,donation
هجوم,غزو,لبو,طيوم,invasion,attack
هدوء,هادئ,هاهز,هدلص,quiet,calm
هدية مجانية,إطراء,لصراء,فضية مجانية,compliment,gift
هرب,فرار,نطار,جبب,flee,escape
هلوسة,وهم,ائم,هلكتة,illusion,hallucination
هليكوبتر,سياره اسعاف,سيارحكاسعاف,هلبنوبتر,ambulance,helicopter
همبرغر,ساندويتش,ساندمرتش,همبربط,sandwich,hamburger
هناك,هنا,صرا,نزاك,here,there
هيدروجين,كربون,أنبون,هيدريلين,carbon,hydrogen
هيكل,هرم,ذتم,هيرح,pyramid,structure
واتسون,شيرلوك,شيئيوك,واراون,sherlock,watson
واجب,المسئولية,المستسلية,واصر,responsibility,duty
واسع,ضيق,تزق,واقق,narrow,wide
وباء,طاعون,طافين,وبسي,plague,epidemic
وثيقة,ملف,فوف,لزيقة,file,document
وجبة,غذاء,عكاء,وجاه,food,meal
وجبة افطار,وجبة عشاء,خطبة عشاء,وجبة اتفار,dinner,breakfast
وحي - الهام,يلهم,ركهم,وحتى الهام,inspire,inspiration
وحيدا,وحده,وحقي,هييدا,alone,lonely
وداعا,أهلا,بحلا,بضاعا,hello,bye
ودود,مؤدب,مؤمج,ننود,polite,friendly
وزيرة,سفير,مذير,فكيرة,ambassador,minister
وصف,الملف الشخصي,الملف الأهصي,لكف,profile,description
وضع,إدراج,صوراج,نرع,insert,put
وضع,الحالة,السولة,نرع,status,position
وظيفي,التشغيل,التشمبل,وظزلي,operational,functional
وقت الظهيرة,منتصف الليل,منتصتطالليل,وقنىالظهيرة,midnight,noon
وكالة,مؤسسة,مؤمغة,تلالة,firm,agency
ولد عم,نسبيا,نسألا,ولآنعم,relative,cousin
ويب,إنترنت,إنلمنت,طحب,internet,web
يؤمن,آمنة,شبنة,خصمن,safe,secure
يبدو,الضوضاء,الكشضاء,يبنغ,noise,sound
يبني,اعمال بناء,اعماقنبناء,سيني,construction,build
يترك,السماح,اللساح,خبرك,allow,let
يجتمع,يجمع,يججة,يجورع,collect,gather
يجتمع,يرى,بتى,يجورع,see,meet
يحتاج,من الضروري,من الضتذري,فاتاج,necessary,need
يحدث,يحدث,يحبق,يحبق,occur,happen
يحذب,يدفع,إخفع,يحـك,push,pull
يحظر,محرم,محكت,يحبب,forbidden,prohibit
يخاف,رعب,نأب,تداف,horror,fear
يخبار,قل,ئك,إمبار,say,tell
يخبر,نقل,صال,يخاة,report,inform
يخفي,التغطية,البحطية,لسفي,cover,hide
يدور في مدار,كوكب,كوخل,يدوربعي مدار,planet,orbit
يرث,إرث,شبث,حـث,heritage,inherit
يسمع,استمع,اسلاع,يسجة,listen,hear
يشكر,حسن الضيافة,حسإعالضيافة,وتكر,hospitality,gratitude
يشير,نقطة,نقتر,يشان,point,indicate
يصدق,يثق,طيق,يصلع,trust,believe
يصلح,يصلح,يصىء,يصبن,fix,repair
يضحك,ابتسامة,مجتسامة,يضكه,smile,laugh
يطلب,سؤال,ظرال,رفلب,question,ask
يطير,الأرض,الهاض,نزير,land,fly
يعبر,يصف,قحف,كابر,describe,express
يعد,ضمان,آخان,آبد,guarantee,promise
يعطى,عرض,يصض,يعاش,offer,give
يعلم,يتعلم,يتزوم,يععه,learn,teach
يفوز,مكسب,مكوث,يفند,gain,win
يقاتل,قتال,إشال,يقرحل,combat,fight
يقاوم,مقاومة,مقاوله,يقتقم,resistance,resist
يقبض على,يعاقب,يعبوب,يقبضأخلى,punish,arrest
يقترح,اقترح,اقصلح,مخترح,propose,suggest
يقدر,معجب,معمد,يقوت,admire,appreciate
يقرض,الإئتمان,التتتمان,يقيـ,credit,loan
يقطع,دمعة,تفعة,يقلح,tear,cut
يلعق,مص,ئج,يلغم,suck,lick
ينام,راحة,راوس,عوام,rest,sleep
ينتج,يزيد,شريد,ينحث,create,produce
ينجح,تدبير,كأبير,ينضل,manage,succeed
ينجو,يعيش,يعذه,يندأ,live,survive
ينسخ,أصلي,شالي,ينغل,original,copy
ينصح,النصيحة,اللحيحة,ينطو,advice,advise
ينفجر,انفجار,تعفجار,ينوير,burst,explode
ينهي,نهاية,طواية,ينرع,end,finish
يهزم,فوز,سرز,طرزم,victory,defeat
يوليو,يونيه,وننيه,يوترو,june,july
يوم الاجازة,عيد الميلاد,عيطلالميلاد,يوفطالاجازة,christmas,holiday
يوم الثلاثاء,الإثنين,الفونين,يوفنالثلاثاء,monday,tuesday
