"hy_cue","hy_target","hy_fake_target","hy_fake_cue","en_cue","en_target"
"dvd","տեսանյութ","տեսաողութ","գթd","dvd","video"
"ninja","սամուրայ","սամոենայ","nigma","ninja","samurai"
"playboy","ամսագիր","ամակգիր","playiny","playboy","magazine"
"ufo","օտար","օտլը","վգo","ufo","alien"
"zombie","վամպիր","վացնիր","есmbie","zombie","vampire"
"ադամանդ","ոսկեգույն","ոսւնգույն","օգամանդ","diamond","jewel"
"ազատորեն","անվճար","անեքար","ազատամեն","freely","free"
"ազատություն","ժողովրդավարություն","ժողովրծովարություն","սպատություն","freedom","democracy"
"ազգական","զարմիկ","զաբնիկ","ազգանոն","relative","cousin"
"ազգային","համաշխարհային","համարէարհային","ազգաղթն","national","global"
"ազդեցություն","ազդեցություն","ազդերըւթյուն","ազդերըւթյուն","influence","effect"
"ազնվական","մրցանակ","շոցանակ","ազռնական","nobel","prize"
"ալբոմ","երգ","անգ","ալզիմ","album","song"
"ալկոհոլ","դեղ","ստղ","ղակոհոլ","alcohol","drug"
"ախտանիշ","սինդրոմ","սիզմրոմ","paտանիշ","symptom","syndrome"
"ածխածին","ջրածին","գվածին","saխածին","carbon","hydrogen"
"ածուխ","յուղ","յոնթ","քլուխ","coal","oil"
"ակնոց","գլխարկ","գլխաch","լանոց","glasses","cap"
"ակտիվ","գործունեություն","գործունեանթյուն","ակելվ","active","activity"
"ահ","տագնապ","տագնur","ոլ","alert","alarm"
"աղբ","աղբ","մկբ","հեբ","trash","garbage"
"աղբյուր","տեղեկատու","տեղեկաղաւ","բնբյուր","source","informant"
"աղմուկ","ձայն","քնյն","աղմոդո","noise","sound"
"աղջիկ","տղա","ոզա","աղձակ","girl","boy"
"աղվես","ճագար","ճահիր","աղհոս","fox","rabbit"
"աղտոտում","ճառագայթում","ճառագաքնում","տիտոտում","contamination","radiation"
"աղքատ","հարուստ","հասաւստ","աղզոտ","poor","rich"
"աղքատություն","աղքատություն","տաքատություն","աղքասթւթյուն","poverty","misery"
"աճ","նվազեցնել","քոազեցնել","ию","increase","reduce"
"աճուրդ","վաճառք","վաճախա","նմուրդ","auction","sale"
"ամառ","ձմեռ","fuեռ","գրառ","summer","winter"
"ամբոխ","լսարան","wiարան","ամարխ","crowd","audience"
"ամիս","շաբաթ","շակոթ","ամբի","month","week"
"ամուսին","կին","ծան","ամուղեն","husband","wife"
"ամուսնալուծություն","ամուսնություն","ամուհիություն","ամուսնալուրգւթյուն","divorce","marriage"
"ամուր","գործակալություն","գործակրտություն","ամտեր","firm","agency"
"ամուր","խիստ","էթստ","ամտեր","firmly","strongly"
"ամպ","մառախուղ","մառախոոջ","ւսպ","cloud","fog"
"այժմ","իմանալ","կիանալ","այֆթ","now","know"
"այլուր","ինչ-որ տեղ","ինչորիեեղ","այժմւր","elsewhere","somewhere"
"այստեղ","այնտեղ","այնտկո","գեստեղ","here","there"
"այսօր","երեկ","երոգ","այփար","today","yesterday"
"այրին","կին","ծան","լիրին","widow","woman"
"անախորժություն","խնդիր","խնքեր","անախորմէւթյուն","trouble","problem"
"անակնկալ","հիասթափություն","հիբեթափություն","անակցիալ","surprise","disappointment"
"անանուն","անհայտ","անհաла","ւսանուն","anonymous","unknown"
"անապահով","ապահով","ապահայ","անապահայ","safe","secure"
"անապատ","հովիտ","հոայտ","անգոատ","desert","valley"
"անատոմիա","հոգեբանություն","հոռմբանություն","անատւցիա","anatomy","psychology"
"անարդարություն","անարդար","անարգեր","անարդամբւթյուն","injustice","unfair"
"անարխիա","կապիտալիզմ","կապիտալիաղ","անջախիա","anarchy","capitalism"
"անգլերեն","ֆրանսիական","ֆրանոշական","անգլխոեն","english","french"
"անդամ","ղեկավար","ղեկակեր","անիզմ","member","leader"
"անիծել","կախարդ","կախաիր","անոլել","curse","witch"
"անխոհեմ","անպատասխանատու","անգնտասխանատու","անրահեմ","unreasonable","irresponsible"
"անկարողություն","անկարող","անբերող","անկարուցւթյուն","inability","unable"
"անկյուն","ծառուղի","ծառոսիի","անյնուն","corner","alley"
"անկում","գդալ","վթալ","տակում","drop","sip"
"անհանգստությամբ","նյարդային","ելարդային","անհանգւնությամբ","worried","nervous"
"անհաջող","դժբախտություն","աքբախտություն","անհանձղ","unfortunate","misfortune"
"անհաջողակ","հաղթող","հաջոող","անհաղթղակ","loser","winner"
"անհարմար","տհաճ","տհir","անհարմլը","uncomfortable","unpleasant"
"անհնարին","պարզ","պաif","անցմարին","impossible","easy"
"անհրաժեշտ","կարիք","կանեք","անդըաժեշտ","necessary","need"
"անձնակազմ","նավ","բով","անձնակհիմ","crew","ship"
"անձնական","մտերիմ","հիերիմ","անւրական","personal","intimate"
"անձրեւ","ձյուն","օզուն","անցմեւ","rain","snow"
"անմեղ","մեղավոր","մեղամար","սամեղ","innocent","guilty"
"անուն","կոչում","կոլեւմ","կոուն","name","title"
"անսովոր","օտար","օտլը","անիիվոր","unusual","strange"
"անվտանգություն","անվտանգություն","անառանգություն","անվտանգոյայուն","security","safety"
"անտեղյակություն","գոռոզություն","գուպզություն","անտենչակություն","ignorance","arrogance"
"անօգնական","անզոր","անտվր","անկմնական","helpless","powerless"
"անօգուտ","անարժեք","անարուք","անմփուտ","useless","worthless"
"անօրինական","օրինական","սպինական","անչեինական","illegal","legal"
"աշխատանք","աշխատանք","բնխատանք","բնխատանք","job","work"
"աշտարակ","շինություն","մտնություն","բնտարակ","tower","building"
"աչք","ականջ","ակռաջ","ղեք","eye","ear"
"ապագա","անցյալ","անգիալ","ծկագա","future","past"
"ապակի","շիշ","դեշ","ապոնի","glass","bottle"
"ապաստան","ապաստարան","պեաստարան","պեաստան","refuge","shelter"
"ապուր","աղցան","մոցան","տմուր","soup","salad"
"ապրանքանիշը","ապրանքի","պերանքի","ապրանքանեղը","brand","product"
"ապրել","գոյատեւել","գոյարկւել","պերել","live","survive"
"աջակցություն","օգնություն","ադնություն","լսակցություն","support","assistance"
"առաջադիմություն","զարգացում","ուրգացում","առաջադեսություն","progress","development"
"առաջարկել","առաջարկել","առնգարկել","առրտարկել","propose","suggest"
"առաջարկել","տալ","ծել","առրտարկել","offer","give"
"առաջին","տեւել","տեմպլ","առսթին","first","last"
"առասպել","լեգենդ","լեզանդ","առնոպել","myth","legend"
"առեվանգել","առեվանգել","առզեանգել","առժյանգել","kidnap","abduct"
"առլան","փրկանք","փրկագն","առիչն","kidnapper","ransom"
"առլտրական","վաճառական","վաճաովկան","առլտիքկան","commercial","merchant"
"առկայություն","բացակայություն","բացակառաւթյուն","դեկայություն","presence","absence"
"առողջ","նորմալ","նոզգալ","առջիջ","healthy","normal"
"առողջապահություն","կրթություն","լեթություն","առնաջապահություն","health","education"
"առջեվի","թիկունք","նեկունք","առգիվի","front","rear"
"ասեղ","ներարկիչ","ներարկրի","ասկո","needle","syringe"
"ասենք","պատմել","պաընել","ասոցք","say","tell"
"ասպարեզ","մարտադաշտ","մաաջադաշտ","ասդերեզ","arena","battlefield"
"ասպիրին","մորֆին","մոլվին","պապիրին","aspirin","morphine"
"աստված","աստվածային","աստվլլային","սիտված","god","divine"
"աստվածաշունչ","գիրք","բրրք","աստվածաշոււխ","bible","book"
"ավագ","կրտսեր","կրջբեր","ավիշ","senior","junior"
"ավելի ցածր","վերին","շարին","ավելի ցաdm","lower","upper"
"ատելություն","սեր","ւոր","որելություն","hate","love"
"ատոմային","ատոմային","ատխիային","ատգրային","atomic","nuclear"
"ատրճանակ","զենք","թվնք","ատտեանակ","pistol","weapon"
"արական","իգական","woական","արձաան","male","female"
"արգելափակված","փակ","եղկ","արգելայեկված","locked","closed"
"արգելված","արգելել","արկոլել","արցոլված","forbidden","prohibit"
"արդար","խելամիտ","խելախոտ","արգեր","fair","reasonable"
"արդեն","դեռահաս","դեռանիս","արհան","already","still"
"արդյունաբերություն","գործ","գոов","արյաունաբերություն","industry","business"
"արդյունք","արդյունք","արդյուրա","արդյուրա","result","outcome"
"արեւմուտք","արեւելք","արեւորք","արեւմոերք","west","east"
"արժանանալ","արժանի","արգենի","արժաչինալ","deserve","worthy"
"արժեք","գինը","ճանը","արուք","value","price"
"արժեքավոր","կարեւոր","կատաւոր","արժեքարդր","valuable","important"
"արիություն","որոշում","որապում","արբաւթյուն","courage","determination"
"արյան","մեզի","իոզի","արդյն","blood","urine"
"արշավ","ընտրություն","ընիտություն","արսգվ","campaign","election"
"արջ","գայլ","գաой","րիջ","bear","wolf"
"արվեստ","գրականություն","նյականություն","արփաստ","art","literature"
"արտադրող","ռեժիսոր","ռեժիցեր","արտացնող","producer","director"
"արտացոլում","հայելի","հահոլի","արտաղալում","reflection","mirror"
"արտեֆակտ","մեդալ","մեբոլ","արտեֆաւշ","artifact","medallion"
"արտիստ","նկարիչ","նկարկա","արբաստ","artist","painter"
"արտոնություն","պատիվ","պանով","արտուհւթյուն","privilege","honor"
"արցունք","կտրել","ցերել","նոցունք","tear","cut"
"արքայադուստր","իշխան","իշյոն","արքայադոփետր","princess","prince"
"արքայական","թագավորություն","գրգավորություն","արահյական","royal","kingdom"
"աֆրիկա","ամերիկա","ամյաիկա","fiրիկա","africa","america"
"բազմոց","անկողն","անկոve","բազմմա","sofa","bed"
"բաժին","պարբերություն","պայթերություն","բաղեն","section","paragraph"
"բամբասանք","խայտառակություն","խայտորակություն","բանզասանք","gossip","scandal"
"բանալի","կողպել","կոջոել","բանարկ","key","lock"
"բանաձեվ","նախադասություն","նախաղըսություն","բանասյվ","word","sentence"
"բանան","ելակ","ովակ","բասին","banana","strawberry"
"բանաստեղծ","գրող","գրագ","բանաստզած","poet","writer"
"բանդա","խումբ","ընւմբ","բաղնա","gang","group"
"բանկ","ֆինանսական","ֆինաոշական","բագո","banking","financial"
"բանկիր","ներդրող","ներդավղ","բասդիր","banker","investor"
"բառարան","արտահայտություն","արտահաիրություն","բաէկրան","dictionary","phrase"
"բառացիորեն","գործնականում","գոեևնականում","բառացինցեն","literally","practically"
"բասկետբոլ","ֆուտբոլ","ֆուտթալ","բասկետւյլ","basketball","football"
"բավական","բավարար","ացվարար","ացվական","enough","sufficient"
"բարեգործություն","նվիրատվություն","քոիրատվություն","բարեղբրծություն","charity","donation"
"բարեւ","բայ","ծոյ","բաչու","hello","bye"
"բարձրանալ","ցատկել","ցագվել","բարձմենալ","climb","jump"
"բարոն","կոմսուհի","կոտյուհի","բամին","baron","countess"
"բաց անել","փակել","փանիլ","բաաոանել","open","close"
"բացառիկ","հատկանշական","հատկանշարքն","բատոռիկ","exceptional","remarkable"
"բացատրություն","հավանական","հավածքկան","բաենտրություն","explanation","plausible"
"բացարձակապես","ամբողջովին","ամբողջւսին","բաբերձակապես","absolutely","completely"
"բացում","փակող","փայլղ","բառեւմ","opening","closure"
"բաք","շարժիչ","շարժար","յեք","tank","engine"
"բեկոր","կտոր","поոր","բեսիր","fragment","piece"
"բեյս","նավահանգիստ","նավահանգվատ","բելկ","bay","harbor"
"բեռ","բեռ","շառ","ֆսռ","load","cargo"
"բետոն","պողպատ","պոնաատ","բեբին","concrete","steel"
"բերան","քիթ","աղթ","վիրան","mouth","nose"
"բերել","ուղարկել","ուղաացել","նորել","bring","send"
"բժշկական","հոգեբանական","հոգեղենական","բժրեական","medical","psychological"
"բլուր","լեռ","կառ","նտուր","hill","mountain"
"բյուջե","ֆինանսավորում","ֆինարքավորում","բյումկ","budget","funding"
"բնազդ","ինտուիցիա","ինգեւիցիա","բնվադ","instinct","intuition"
"բնական","արհեստական","պահեստական","աշական","natural","artificial"
"բնականաբար","ընդհանուր առմամբ","ընդհանուր լոմամբ","բնակհրաբար","naturally","generally"
"բնակչություն","ժողովուրդ","ժոմավուրդ","աղակչություն","population","people"
"բնորոշ","դասական","դասահմն","աղորոշ","typical","classic"
"բնութագիր","անձնավորություն","անտրավորություն","աշութագիր","character","personality"
"բնօրինակ","պատճեն","պաալեն","աղօրինակ","original","copy"
"բողոք","ցույց","ցոյաց","բոեռք","protest","demonstration"
"բոնուս","պարգեւատրում","պարգեւատկաւմ","ջենուս","bonus","reward"
"բույն","ձու","աքւ","բորոն","nest","egg"
"բուրգ","կառուցվածք","կառուցվաջը","քաւրգ","pyramid","structure"
"բջիջ","բանտ","բաия","բջբե","cell","prison"
"բրենդ","ալֆա","ալեզ","նդենդ","bravo","alpha"
"գագաթ","հատակից","հաջոկից","գահոթ","top","bottom"
"գազ","վառելանյութ","վագիլանյութ","րեզ","gas","fuel"
"գազան","կենդանի","ունդանի","գաիին","beast","animal"
"գաղափար","տեսություն","տեղեւթյուն","գաղաթըր","idea","theory"
"գաղութ","ֆեդերացիա","ֆեդերաինա","գաղոցն","colony","federation"
"գաղտնի","առեղծված","առոգծված","գաբենի","secret","mystery"
"գանգատ","մեղադրանք","մերձդրանք","գատկատ","complaint","accusation"
"գանձ","հարստություն","հանոտություն","գաhy","treasure","wealth"
"գավաթ","սուրճ","սովոճ","գակոթ","cup","coffee"
"գավաթ","մեդալ","մեբոլ","գակոթ","trophy","medal"
"գարուն","աշուն","ծնուն","թորուն","spring","autumn"
"գդալ","պատառաքաղ","պատառածնղ","ռսալ","spoon","fork"
"գեղեցիկ","գեղեցիկ","գեմացիկ","գեմացիկ","pretty","beautiful"
"գեներատոր","ռեակտոր","ոնակտոր","իրներատոր","generator","reactor"
"գետ","լիճ","ւրճ","ենտ","river","lake"
"գերազանց","հիանալի","վնանալի","գերազարք","excellent","great"
"գերբնական","պարանորմալություն","պարանոռյալություն","գեեևնական","supernatural","paranormal"
"գերեզման","գերեզմանատուն","գերեերանատուն","գերեերան","grave","cemetery"
"գերմարդ","բատմեն","բալյեն","գերմուդ","superman","batman"
"գինի","շամպայն","շազդայն","ւանի","wine","champagne"
"գիշերօթիկ","երեկո","երւսո","գիշեդնթիկ","night","evening"
"գիտակցել","հասկանալ","հադյանալ","բրտակցել","realize","understand"
"գնացք","ավտոբուս","ավտոմսւս","գնսեք","train","bus"
"գնդեր","գումարտակ","գումարուկ","գնշար","regiment","battalion"
"գնել","վաճառել","վաճանչլ","ալել","buy","sell"
"գոլֆ","թենիս","թեհաս","գոյե","golf","tennis"
"գոհ","երջանիկ","երպենիկ","դեհ","satisfied","happy"
"գող","հանցագործ","հանցագռած","րեղ","thief","criminal"
"գողանալ","թալանել","թաեմնել","գոլինալ","steal","rob"
"գողություն","կողոպուտ","կողոցիւտ","գոհաւթյուն","theft","robbery"
"գովազդ","մարկետինգ","մանֆետինգ","գովաni","advertising","marketing"
"գործակալ","խուզարկու","խոլմարկու","գործակտը","agent","detective"
"գործառնական","ֆունկցիոնալ","ֆոսակցիոնալ","գործառողկան","operational","functional"
"գործարան","արտադրություն","արանդրություն","գոաջարան","factory","production"
"գործարան","ծաղիկ","ծաբեկ","գոաջարան","plant","flower"
"գործել","վիրաբուժություն","վիրագիւժություն","գունել","operate","surgery"
"գործիք","գործիք","գործծի","գործռի","tool","instrument"
"գործոն","տարր","տաup","գոարոն","factor","element"
"գորտ","մողես","մուծս","գովե","frog","lizard"
"գումար","գումար","գումլը","գումլը","sum","amount"
"գումարած","մինուս","ֆենուս","գումարող","plus","minus"
"գունդ","ափսե","ափas","գոերդ","bowl","plate"
"գրադարան","թանգարան","թամաարան","թաադարան","library","museum"
"գրառում","ձայնագրությունը","քնյնագրությունը","ամառում","record","recording"
"գրասեղան","գրասենյակ","գրգռենյակ","գրասբրան","desk","office"
"գրավիչ","հմայիչ","եթայիչ","գրավվո","attractive","charming"
"գրավում","բռնել","եանել","թաավում","grab","catch"
"գրեկ քարտուղար","օգնական","ողնական","գրած քարտուղար","secretary","assistant"
"գրիպ","հիվանդություն","հիվալյություն","գրum","flu","disease"
"գրպան","դրամապանակ","դրամյգանակ","գրալն","pocket","wallet"
"դագաղ","հուղարկավորություն","հովնարկավորություն","դացեղ","coffin","funeral"
"դաժան","դաժան","դարմն","դաեյն","brutal","cruel"
"դայակ","աղախին","աղախթա","դահլկ","nanny","maid"
"դանդաղ","արագ","արկէ","դանդms","slowly","quickly"
"դանդաղկոտ","արագ","արկէ","դանդզմկոտ","slow","fast"
"դաշնամուր","կիթառ","կիգիռ","դաասամուր","piano","guitar"
"դաշնային","պետություն","ապտություն","դաչկային","federal","state"
"դաջվածք","սպի","զդի","դաջվւնք","tattoo","scar"
"դասավորել","դպրոց","էքրոց","դարկվորել","class","school"
"դավադրություն","խարդախություն","խարդենություն","ծովադրություն","conspiracy","fraud"
"դատարկ","լի","սպ","դատալո","empty","full"
"դար","տասնամյակ","տասնամերկ","զեր","century","decade"
"դարձնել","անելանելի","անրհանելի","դաբանել","make","do"
"դարչին","վանիլ","վաեյլ","դաևնին","cinnamon","vanilla"
"դեկան","պրոֆեսոր","պրոֆրգոր","շիկան","dean","professor"
"դեղահատ","հաբ","գիբ","դեղատետ","tablet","pill"
"դեռահաս","դեռահաս","դեռանիս","դեռաենս","teenage","teenager"
"դեսանոց","մատնահետք","մաադահետք","դենդնոց","dna","fingerprint"
"դեսերտ","տորթ","տոքո","վոսերտ","dessert","cake"
"դեսպան","նախարար","նախադրր","դերյան","ambassador","minister"
"դեսպանություն","ծառայել","ծառարալ","դերյանություն","embassy","ministry"
"դետոնատոր","ժմչփ","ջէչփ","դեդինատոր","detonator","timer"
"դիահավիգ","վերլուծում","վեոնուծում","դիահավla","autopsy","analysis"
"դիմադրություն","դիմադրել","դիմատվել","թամադրություն","resistance","resist"
"դինաստիա","կայսրություն","կախորություն","դիլիստիա","dynasty","empire"
"դիպլոմ","ավարտել","ավարելլ","դիպլia","diploma","graduate"
"դիտողություն","գնահատում","ձեահատում","դիտոմեւթյուն","observation","evaluation"
"դոզան","ներարկում","ներալաում","դորրն","dose","injection"
"դուստր","որդի","ակդի","դուսւշ","daughter","son"
"դուրս","մասին","մաքրն","դոլոս","out","about"
"դրախտ","դժոխք","դժչոք","դրիատ","paradise","hell"
"դրական","բացասական","բացառեկան","րբական","positive","negative"
"դրամ","կատակերգություն","կատակեցիություն","չաամ","drama","comedy"
"դրամախաղ","պոկեր","պոնար","դրամախլե","gambling","poker"
"դրամատիկական","ռոմանտիկ","ռոմագլիկ","դրամատվեական","dramatic","romantic"
"դրոշ","խորհրդանիշ","խորհրդանփը","դրւզ","flag","symbol"
"դրսի","ներսի","նեիրի","թոսի","outside","inside"
"եզրափակիչ","առավելագույն","սլավելագույն","էմրափակիչ","final","ultimate"
"եզրափակում","ենթադրություն","բիթադրություն","էսրափակում","conclusion","assumption"
"ելք","մուտք","մոնցք","սիք","exit","entrance"
"եկեղեցի","մատուռ","մատոեթ","լրեղեցի","church","chapel"
"եղունգ","ատամ","ռիամ","եղույր","nail","tooth"
"եղջյուր","սուլոց","սուլիմ","եղբոուր","horn","whistle"
"եպիսկոպոս","կարդինալ","կարդռեալ","եպիսկոզիս","bishop","cardinal"
"ետեվ","վերադարձ","վերադաет","ետрф","back","return"
"երախտապարտ","շնորհակալություն","թվորհակալություն","րգախտապարտ","grateful","thank"
"երակ","զարկերակ","զաեզերակ","երլը","vein","artery"
"երաշխիք","խոստում","խունում","երաշջեք","guarantee","promise"
"երբեմն","հաճախ","հաասխ","երբեյք","sometimes","often"
"երբեք","միշտ","միհա","երետք","never","ever"
"երգիչ","երաժիշտ","երաժողտ","երազչ","singer","musician"
"երդվել","երդում","ւնդում","երապել","swear","oath"
"երեխա","երեխա","երլոա","երբմա","baby","child"
"երեւակայություն","ստեղծագործություն","շաեղծագործություն","երղյակայություն","imagination","creativity"
"երթուղի","ուղի","ումն","երթոիդի","route","path"
"երիկամ","լյարդ","ախարդ","երերամ","kidney","liver"
"երիտասարդություն","մանկություն","մացնություն","երրդասարդություն","youth","childhood"
"երկաթ","մետաղ","մեքող","երմեթ","iron","metal"
"երկինք","երկնային","երւգային","երմանք","sky","heavenly"
"երկիր","ազգ","ենգ","երսար","country","nation"
"երկիր","թռչել","թռմիլ","երսար","land","fly"
"երկու","չորս","չոլն","անկու","two","four"
"երկուշաբթի","երեքշաբթի","երեքշաոհի","երկուշաբստ","monday","tuesday"
"երկչոտ","սողացող","սոսիցող","երկչձև","scary","creepy"
"երկրաշարժ","պայթյուն","պանեյուն","երկրորարժ","earthquake","explosion"
"երկրորդ","րոպե","րոap","երկրաշդ","second","minute"
"երրորդ","չորրորդ","չոբյորդ","փորորդ","third","fourth"
"եփել","խոհարար","որհարար","յզել","cook","chef"
"զայրույթ","զայրույթ","զավաույթ","զայրուռը","anger","rage"
"զանգահարել","հեռախոս","հեռաւյս","զանգահարտե","call","telephone"
"զարգացում","մուտացիա","մորկացիա","ուրգացում","evolution","mutation"
"զարկերակ","ճնշում","թմշում","զաեզերակ","pulse","pressure"
"զարկերակ","պահել","արհել","զաեզերակ","hold","keep"
"զբաղմունք","հարսանիք","հանտանիք","զբաղմոածք","engagement","wedding"
"զինանոց","զինանոց","ջանանոց","զիմինոց","arsenal","armory"
"զինվոր","ռազմական","ռաստական","ջանվոր","soldier","warrior"
"զոհ","հարձակվող","հատկակվող","սեհ","victim","attacker"
"զուգարան","սուզել","սոփչել","զուգուան","toilet","sink"
"զրույց","քննարկում","քննալիում","աճույց","conversation","discussion"
"զրպարտող","դինամիկ","դինավեկ","զրպագնող","gunpowder","dynamite"
"էկրան","մոնիտոր","մոնիքըր","raրան","screen","monitor"
"էշ","ճոճանակ","ճուտնակ","ях","ass","butt"
"էշ","ձիավոր","փլավոր","ях","donkey","horse"
"ընդհանուր","գնդապետ","գնդայոտ","ընատանուր","general","colonel"
"ընդհանուր","լրիվ","օսիվ","ընատանուր","total","complete"
"ընդհատել","խանգարել","խարտարել","ընդհորել","interrupt","disturb"
"ընդունում","երեկույթ","երրիույթ","ընդոառում","reception","party"
"ընթացք","ընթացք","ընթազն","ընթաթե","process","procedure"
"ընթացք","էլեկտրականություն","ջեեկտրականություն","ընթաթե","current","electricity"
"ընթերցում","գրել","թաել","ընթերցնեմ","reading","writing"
"ընթրիք","նախաճաշ","նախածիշ","ընթրռի","dinner","breakfast"
"ընկերություն","կորպորացիա","կոնդորացիա","փոկերություն","company","corporation"
"ընկնել","փլուզում","իոուզում","ընաբել","fall","collapse"
"ընտրել","ընտրել","ընտրոս","ընտրոս","choose","select"
"ընտրություն","տարբերակ","տասներակ","ընիտություն","choice","option"
"թագուհի","թագավոր","գրգավոր","թամաւհի","queen","king"
"թանկ","էժան","киան","թաղե","expensive","cheap"
"թարմ","թարմացնել","թամնացնել","թաue","fresh","refresh"
"թեկնածու","ընտրող","ընրկող","թեկնելու","candidate","voter"
"թերագնահատում","չափազանցել","չափառինցել","թերազիահատում","underestimate","exaggerate"
"թերապիա","բուժում","բոլոում","թերալվա","therapy","treatment"
"թիթեռ","թռչուն","ձոչուն","իմթեռ","butterfly","bird"
"թիվ","ուղերձ","ուղեет","իմվ","number","address"
"թղթապանակ","ճամպրուկ","ճաիտրուկ","թղթացենակ","briefcase","suitcase"
"թշնամի","հակառակորդ","հակառակուտ","օժնամի","enemy","opponent"
"թշվառ","պաթետիկ","պաքատիկ","ցովառ","miserable","pathetic"
"թոռնիկ","եղբորորդի","թմբորորդի","թոռնադ","grandson","nephew"
"թուղթ","գրիչ","գրկա","թոնեթ","paper","pen"
"թույլ տալ","թույլ տալ","թույյշտալ","թույյշտալ","allow","let"
"թույլտվություն","հաստատում","հաստուում","թոդելտվություն","permission","approval"
"թույն","սպանել","սպանյա","թորոն","poison","kill"
"թունա","օմար","իբար","թոթյա","tuna","lobster"
"թուր","դանակ","դաշիկ","թոլա","sword","knife"
"թփուտ","ծառ","գիռ","фиուտ","bush","tree"
"ժամանակ առ ժամանակ","հազվադեպ","հաղիադեպ","ժամանակ առդյամանակ","occasionally","rarely"
"ժամանակակից","ավանդական","րյանդական","ժամանալիկից","modern","traditional"
"ժամանել","գալ","ւյլ","իրմանել","arrive","come"
"ժամանում","անջատում","անջանքւմ","ժամայիւմ","arrival","departure"
"ժայռ","քար","ւյր","ժակբ","rock","stone"
"ժանգոտած","թավուտ","թավոսե","թենգոտած","rusty","dusty"
"ժանտախտ","համաճարակ","համալորակ","ժանտպևտ","plague","epidemic"
"ժառանգություն","ժառանգել","ժառարձել","իրռանգություն","heritage","inherit"
"ժեստ","գործողություն","գործնյություն","չհստ","gesture","act"
"ժպտալ","ծիծաղել","ծիծաշոլ","օթտալ","smile","laugh"
"իդեալական","կատարյալ","կատանդալ","իդեայոկան","ideal","perfect"
"իմաստ","կարեւորություն","կատաւորություն","թիաստ","meaning","importance"
"ինժեներ","ճարտարապետ","ճանգարապետ","ինաչներ","engineer","architect"
"ինչ","որ","զո","նաչ","what","that"
"ինքնագիր","լուսանկարիչ","լուսանկավաչ","ինքնագետ","autograph","photographer"
"ինքնասպանություն","սպանություն","րյանություն","ինւկասպանություն","suicide","murder"
"իրականություն","ֆանտազիա","ֆանտազցի","ժաականություն","reality","fantasy"
"իրականում","իրապես","իրերես","ժաականում","actually","really"
"իրավաբան","դատախազություն","դատախազոիդյուն","իրտմաբան","lawyer","prosecutor"
"իրավասություն","իշխանություն","suխանություն","իրավրվություն","jurisdiction","authority"
"լազանա","սպագետտի","սպիլետտի","լանտնա","lasagna","spaghetti"
"լամպ","մոմ","ֆիմ","լաhs","lamp","candle"
"լավ","այո","եդո","խով","okay","yeah"
"լավ","վատ","միտ","խով","good","bad"
"լավատես","իրատեսական","իրատդիական","լաակտես","optimistic","realistic"
"լեգեոն","բանակ","բատիկ","լեեդոն","legion","army"
"լեսբուհի","գեյ","ույ","լեգաուհի","lesbian","gay"
"լողափ","ափ","սխ","լոթոփ","beach","coast"
"լորդ","տիկին","փակին","լոլի","lord","lady"
"լուս","արեւ","արds","լոly","moon","sun"
"լուսնի","արեգակնային","արցոակնային","լուստե","lunar","solar"
"լռակյաց","լռություն","спություն","տչակյաց","silent","silence"
"լսել","լսել","ոնել","քվել","listen","hear"
"լսում","փորձ","փոет","unում","hearing","trial"
"լրագրող","լրագրող","օդագրող","եկագրող","reporter","journalist"
"լրագրություն","քաղաքականություն","քաղադրկանություն","եկագրություն","journalism","politics"
"լրացուցիչ","լրացուցիչ","եկացուցիչ","եկացուցիչ","extra","additional"
"լրտես","դավաճան","դավախին","լրլաս","spy","traitor"
"լրտեսություն","սաբոտաժ","սաեզտաժ","եկտեսություն","espionage","sabotage"
"խաղադաշտ","դատավոր","դատալիր","խաղադափի","court","judge"
"խաղալ","խաղ","ջող","խազիլ","play","game"
"խաղաղ","ատլանտյան","ատլարդյան","խաբող","pacific","atlantic"
"խանդավառություն","կիրք","վորք","խաձնավառություն","enthusiasm","passion"
"խանդոտ","կատաղած","կահողած","խանդխի","jealous","angry"
"խանութ","խանութ","խանորէ","խանոեյ","shop","store"
"խավար","լապտեր","լաւշեր","խակեր","darkness","light"
"խարիսխ","առագաստանավ","առագաստաբով","խարիdx","anchor","sail"
"խելագարություն","բթամտություն","ogամտություն","միլագարություն","madness","stupidity"
"խելացի","խելացի","խելաիա","խեցեցի","smart","intelligent"
"խեղդել","լողալ","լոյէլ","խեղդատ","drown","swim"
"խմել","գարեջուր","գարեացւր","ոշել","drink","beer"
"խնդիր","առաքելություն","առնցելություն","խնքեր","task","mission"
"խնձոր","պտուղ","տվուղ","խնլար","apple","fruit"
"խնջույք","ճամբար","ախմբար","քաջույք","picnic","camping"
"խոզի միս","միս","նէս","էլզի միս","pork","meat"
"խոնարհ","համեստ","հաոաստ","խոնաւչ","humble","modest"
"խոչընդոտ","մարտահրավեր","մաանահրավեր","խոշոնդոտ","obstacle","challenge"
"խոսել","խոսել","խոուլ","խորշլ","talk","speak"
"խոստովանել","խոստովանել","խոստմիանել","խոստմիանել","admit","confess"
"խոսք","քարոզ","ղերոզ","խոիֆ","speech","sermon"
"խորհրդատվություն","խորհուրդ տալ","խորհուրդիդալ","խորհավատվություն","advice","advise"
"խորհրդարան","սենատ","սեբոտ","խորհասարան","parliament","senate"
"խորտիկ","լանչ","լացվ","սիրտիկ","snack","lunch"
"խումբ","բարերար","բաահրար","ընւմբ","club","bar"
"ծածկագիր","գաղտնաբառ","գասոնաբառ","ծաձնագիր","code","password"
"ծածկոց","թաքցնել","թաթենել","ծածկքն","cover","hide"
"ծանր","մեծապես","մեծածիս","ծաик","heavy","heavily"
"ծառա","ծառա","ծաապ","ծաpe","slave","servant"
"ծառայություն","պահպանում","պատոանում","ծառագաւթյուն","service","maintenance"
"ծիծաղելի","անհեթեթ","անհեմիթ","ծիծառիլի","ridiculous","absurd"
"ծիսական","արարողություն","արարնյություն","daսական","ritual","ceremony"
"ծխախոտ","սիգարետ","սիտըրետ","հզախոտ","tobacco","cigarette"
"ծծել","լիզել","լիիալ","mwել","suck","lick"
"ծղոտ","սարք","սանց","գցոտ","chip","device"
"ծնունդ","հղիություն","իպիություն","ոյունդ","birth","pregnancy"
"ծով","օվկիանոս","օվիմանոս","բռվ","sea","ocean"
"ծովահեն","նավաստի","նավարչի","դավահեն","pirate","sailor"
"ծովային","նավաստի","նավարչի","դավային","marine","navy"
"ծովային","նավատորմ","նավատուղ","դավային","naval","fleet"
"ծուխ","սիգար","ւյգար","ծոցե","smoke","cigar"
"ծուղակ","խայծ","խաко","ծոկնակ","trap","bait"
"ծրագիր","համակարգիչ","համակարգկա","ծրագետ","software","computer"
"ծրար","փաթեթ","փաինթ","ծրլը","envelope","package"
"կաբել","մետաղալար","մետաղախոր","լեբել","cable","wire"
"կաբինետ","առանձնասենյակ","առանծկասենյակ","կաբիկոտ","cabinet","closet"
"կազմակերպել","կազմակերպել","կազմակերթըլ","կազմակերվոլ","arrange","organize"
"կաթ","հյութ","ռիութ","այթ","milk","juice"
"կաթոլիկ","քրիստոնյա","քրիսսանյա","կաոգլիկ","catholic","christian"
"կախում","կատարելը","կատաուլը","կատիւմ","hanging","execution"
"կամավոր","կամավոր","կաղովոր","կաղովոր","volunteer","voluntarily"
"կամուրջ","թունել","թործել","կաստւրջ","bridge","tunnel"
"կայծակ","որոտ","որիչ","կածրակ","lightning","thunder"
"կայսերական","կայսր","կաիբր","կակտերական","imperial","emperor"
"կայսր","գոմ","դիմ","կասևր","caesar","rome"
"կանաչ","նարնջի","նարնայ","կաշիչ","green","orange"
"կանգնել","նստել","viտել","կամանել","stand","sit"
"կանխել","կանգ առնել","կանգիիռնել","կաազել","prevent","stop"
"կանխիկ","փող","ընղ","կաւպիկ","cash","money"
"կանոն","արձանագրություն","արձանալոություն","կագան","rule","protocol"
"կանցլեր","նախագահ","նախաորհ","կանցվար","chancellor","president"
"կաշառք տալ","շանտաժ","շանտրց","կաշառքէնալ","bribe","blackmail"
"կապ","կապ","երպ","երպ","contact","connection"
"կապել","փողկապ","փողկam","կամոլ","bind","tie"
"կապիկ","գորիլա","գորիցի","կարնկ","monkey","gorilla"
"կապիտալ","քաղաք","քաասք","կարնտալ","capital","city"
"կառավարել","հաջողության հասնել","հաջողությահահասնել","կառավառալ","manage","succeed"
"կառավարում","կառավարություն","կառաբերություն","կառաբերում","administration","government"
"կառավարում","վարչական","վամիական","կառաբերում","management","administrative"
"կառնավալ","փառատոն","փառածին","կաձիավալ","carnival","festival"
"կասկածել","կասկածել","կաթնածել","կասկծվել","doubt","suspect"
"կավագործ","փամփուշտ","փամփուցչ","կավագոևը","caliber","bullet"
"կարգավիճակը","դիրք","դիյր","կարգավաշակը","status","position"
"կարդալ","գրել","թաել","կաիպալ","read","write"
"կարեկցող","մեծահոգի","մեծացեգի","կարեզնող","compassionate","generous"
"կարիերա","համբավ","հակլավ","կարիկյա","career","reputation"
"կարծիք","վերաբերմունք","վերաբելիունք","կարծte","opinion","attitude"
"կարճ","երկար","երլեր","կաца","short","long"
"կարմիր","դեղնուց","դեմոուց","կագրիր","red","yellow"
"կարողություն","ունակություն","ունահաւթյուն","կարուցւթյուն","capacity","ability"
"կարտոֆիլ","լոլիկ","պալիկ","կարտնչիլ","potato","tomato"
"կեղծել","կեղծ","կեեև","կեիթել","fake","FALSE"
"կեղտոտ","զզվելի","ժնվելի","կեղտրի","dirty","disgusting"
"կենդանաբանական այգի","կրկես","կրրդս","կենդանաբանականթեյգի","zoo","circus"
"կենդանի","մեռել","մեհյլ","ունդանի","alive","dead"
"կենսաթոշակ","աշխատավարձ","աշխատակորձ","կենսաթափակ","pension","salary"
"կես","եռամսյակ","եռամեծակ","ղոս","half","quarter"
"կեսգիշեր","կեսօր","կեղևր","կեդաիշեր","midnight","noon"
"կետ","նշել","լրել","րատ","point","indicate"
"կետչուպ","մայոնեզ","մաճինեզ","կեչբուպ","ketchup","mayonnaise"
"կերակրել","ուտել","ույալ","կերալվել","feed","eat"
"կիլոգրամ","գրամ","րիամ","կիլոխոամ","kilo","gram"
"կիլոմետր","մետր","մեկտ","կիլոմեти","kilometer","meter"
"կինոթատրոն","թատրոն","գրտրոն","կինոթարկոն","cinema","theater"
"կիսաշրջազգեստ","զգեստ","զգարտ","կիսաքաջազգեստ","skirt","dress"
"կիտեմադ","սոդա","սոէր","կիեռմադ","lemonade","soda"
"կիրառել","օգտագործել","ադտագործել","շարառել","apply","use"
"կլան","ընտանիք","եստանիք","ւհան","clan","family"
"կլոր","շուրջը","շուրիմ","վգոր","round","around"
"կնիք","ստորագրություն","ստբնագրություն","կնքե","stamp","signature"
"կոլեգա","ընկեր","ըննար","կոլեյլ","colleague","friend"
"կոկաին","հերոսուհի","հերոսորդի","կոոթին","cocaine","heroin"
"կոկորդ","պարանոց","պարասից","հակորդ","throat","neck"
"կողմնացույց","քարտեզ","քարտee","կողմնացոյաց","compass","map"
"կոճղ","մամուլ","մակրւլ","կոeu","button","press"
"կոմսություն","շրջան","շրսեն","կոտյություն","county","district"
"կոնֆլիկտ","վեճ","հիճ","կոնֆլիբա","conflict","dispute"
"կոշիկ","կոշիկ","կոեակ","կոդոկ","boot","shoe"
"կոշտ","ծանր","ծաчь","կոմն","tough","hard"
"կով","խոզ","դիզ","տիվ","cow","pig"
"կուլ տալը","ծամել","խոմել","կուլէաալը","swallow","chew"
"կույր","խուլ","խոin","կոքար","blind","deaf"
"կռվել","պայքարել","պատժարել","ոշվել","combat","fight"
"կտոր","թաշկինակ","թապաինակ","поոր","cloth","handkerchief"
"կրակոց","կրակել","րտակել","առակոց","shot","shoot"
"կրեմ","սոուս","դվուս","կրne","cream","sauce"
"կրկնակի","եռապատիկ","եռերատիկ","կրօդակի","double","triple"
"կցանք","վագոն","վաայն","պնանք","trailer","van"
"հազ","ջերմություն","գլրմություն","նիզ","cough","fever"
"հազար","հարյուր","հազրուր","համիր","thousand","hundred"
"հալվել","սառեցնել","սառենդել","հասեել","melt","freeze"
"հակադիր","հակադարձ","հակադաus","հակաթգր","opposite","contrary"
"հակաթույն","պատվաստանյութ","պատվաստաողութ","հակաթորոն","antidote","vaccine"
"հաղթանակ","պարտք","պածիք","հաիվանակ","victory","defeat"
"հաղորդել","տեղեկացնել","տեղեկայծել","հաղոռնել","report","inform"
"հաճախություն","ազդանշան","ազդայաան","հաճարպւթյուն","frequency","signal"
"հաճելի","սիրելի","ներելի","հաֆալի","nice","lovely"
"հաճոյախոսություն","նվեր","նվան","հարիյախոսություն","compliment","gift"
"հաճույք","տպավորվել","ագավորվել","հաճոերք","flatter","impress"
"հաճույք","ուրախություն","ույթխություն","հաճոերք","pleasure","joy"
"համաժողով","հանդիպում","հանդրհում","համատյղով","conference","meeting"
"համակցություն","խառնուրդ","խայրուրդ","համադաություն","combination","mixture"
"համառ","եսասեր","րզասեր","հահեռ","stubborn","selfish"
"համացանց","ոստայն","ոստանշ","համանննց","internet","web"
"համբերություն","կարեկցում","կարեսոում","հաւաերություն","patience","compassion"
"համբուրել","հյուծվել","հյուածել","հաաճուրել","kiss","hug"
"համեղ","համեղ","հաբաղ","հաիւղ","tasty","delicious"
"համտեսել","հոտ","իրտ","համտայել","taste","smell"
"հայեցակարգ","սահմանում","սակաանում","հայեցակախի","concept","definition"
"հայտնություն","տեսողություն","տեուղություն","հալանություն","revelation","vision"
"հայրիկ","մայրիկ","մայրկյ","հարմիկ","daddy","mum"
"հանգիստ","հանգիստ","հանգվատ","հանգվատ","quiet","calm"
"հանգստանալ","քնել","ղղել","հանգստանտը","rest","sleep"
"հանելուկ","գիտնական","բրտնական","հանելոre","genius","scientist"
"հանկարծակի","անսպասելիորեն","անսպխվելիորեն","հանկարժսկի","suddenly","unexpectedly"
"հանձնաժողով","կոմիտե","կոմիֆը","հաղթնաժողով","commission","committee"
"հանրաճանաչ","հայտնի","հաղանի","հանրաճանեպ","popular","famous"
"հաշվել","հաշվել","հաաթել","հաաթել","count","calculate"
"հաջողություն","ձախողում","քնխողում","հաղթղություն","success","failure"
"հասարակություն","համայնք","համատեք","հայրրակություն","society","community"
"հաստատում","հաստատել","հաստորել","հաստուում","confirmation","confirm"
"հավ","հնդկահավ","հնղղահավ","շիվ","chicken","turkey"
"հավանականություն","հավանաբար","հավանագիր","հավածքկանություն","probability","likely"
"հավասարակշռություն","համընկնում","հաունկնում","հավայրրակշռություն","balance","harmony"
"հավատարիմ","հավատարիմ","հանստարիմ","հավահորիմ","loyal","faithful"
"հավատարմություն","ազնվություն","ազնվաճթյուն","հավատափաություն","loyalty","honesty"
"հավատարմություն","նվիրվածություն","նվթխվածություն","հավատափաություն","fidelity","devotion"
"հավաքել","հավաքվել","հավարյել","համտքել","collect","gather"
"հավերժական","ընդմիշտ","ընդմճատ","հավեօրական","eternal","forever"
"հատակ","գորգ","գոձև","հաուկ","floor","carpet"
"հատուկ","եզակի","եզոնի","հատոre","special","unique"
"հարաբերություն","բարեկամություն","բարեկաստւթյուն","հարավարություն","relationship","friendship"
"հարավ","հյուսիս","հյուհաս","հանիվ","south","north"
"հարավային","արեւմտյան","արեւրայան","հարաբեյին","southern","western"
"հարգանք","վստահություն","կվտահություն","հադհանք","respect","confidence"
"հարմարավետ","դուրեկան","դուրաձան","հարմարչոետ","comfortable","pleasant"
"հարվածել","գործադուլ անել","գործադուիվանել","հարվրսել","hit","strike"
"հարց","հարցնել","հաբանել","հայծ","question","ask"
"հաց","պանիր","լենիր","ւնց","bread","cheese"
"հացահատիկ","ալյուր","ստյուր","հանեհատիկ","grain","flour"
"հեգնանք","հեգնական","հեսսական","հեթոանք","irony","ironic"
"հեծելազոր","հրետանի","աղետանի","րածելազոր","cavalry","artillery"
"հեղինակ","դերասան","դերավեն","հետենակ","author","actor"
"հեղուկ","անհոգ","անոնգ","հեղոre","liquid","fluid"
"հեշտոց","պենիս","ցինիս","հեշտմա","vagina","penis"
"հեռագիր","նամակ","նագրկ","հեռաբար","telegram","letter"
"հեռադիտակ","մանրադիտակ","մամտադիտակ","հեռադիուկ","telescope","microscope"
"հեռանալ","լքել","նաել","հեովնալ","leave","abandon"
"հեռավորություն","արագություն","արնեություն","հելիվորություն","distance","speed"
"հետազոտություն","ուսուցում","ուսոմյում","հետալիտություն","research","study"
"հետեւել","հալածում","հալալեւմ","հետեմպլ","follow","chase"
"հերթ","պտտել","պտոնլ","հեկո","turn","rotate"
"հերոս","փրկիչ","մեկիչ","բարոս","hero","savior"
"հիանալ","բարձր գնահատել","բարձափգնահատել","հիրոալ","admire","appreciate"
"հիմար","ապուշ","տմուշ","եցմար","fool","idiot"
"հիմք","շտաբ","շտնչ","հիսո","base","headquarters"
"հին","երիտասարդ","երեսասարդ","ւան","old","young"
"հիվանդ","հաճախորդ","հաճախոիր","հիվաաս","patient","client"
"հիվանդ","հիվանդ","բավանդ","հիվաաս","ill","sick"
"հիվանդանոց","կից","ծաց","հիվանդանյա","hospital","clinic"
"հմայք","գեղեցկուհի","գեղեափուհի","սկայք","charm","beauty"
"հյուրանոց","մոթել","մոդրլ","հյույթնոց","hotel","motel"
"հյուրընկալություն","երախտագիտություն","ատախտագիտություն","հյուրըցիալություն","hospitality","gratitude"
"հնարագիտություն","տգեղ","cyեղ","հնարնեիտություն","digusting","ugly"
"հնարավորություն","հավանականություն","հավածքկանություն","հնրտավորություն","chance","possibility"
"հնարք","կատակ","կաուկ","աքարք","trick","joke"
"հոբբի","սպորտ","սպկոտ","հոջկի","hobby","sport"
"հոգի","ոխակալ","սբակալ","անգի","soul","spirit"
"հոգնած","սոված","ողված","հուժած","tired","hungry"
"հոդված","թերթ","թեկո","հովհած","article","newspaper"
"հորմոն","ադրենալեն","ադրենապին","հոսպոն","hormone","adrenaline"
"հուզիչ","հետաքրքիր","հետաքրւեր","հոնխիչ","exciting","interesting"
"հունիս","հուլիս","հուլտֆ","հունավ","june","july"
"հուշարձան","արձան","արասն","հուշարեռն","monument","statue"
"հուսով եմ","հավատ","համետ","հոհրով եմ","hope","faith"
"հպարտ","հուզված","հողքված","երարտ","proud","excited"
"հպարտանալ","արժանապատվություն","արշինապատվություն","սփարտանալ","pride","dignity"
"հռոմեական","հունական","հոնդական","հռոմասկան","roman","greek"
"հսկողություն","շահարկել","շահաացել","стկողություն","control","manipulate"
"հրաժարական","հեռացում","հեռակտւմ","հրրձարական","resignation","dismissal"
"հրաժարվել","ընդունել","ընդործել","հրնտարվել","refuse","accept"
"հրաձիգ","դիպուկահար","դիպոսպահար","հրաձna","shooter","sniper"
"հրաման","պատվեր","պանտեր","հրամու","command","order"
"հրամանատար","կապիտան","կարնտան","հրամանատլը","commander","captain"
"հրաշալի","ֆանտաստիկ","ֆաահաստիկ","հրիբալի","wonderful","fantastic"
"հրատապ","արտակարգ","արտակախի","հրատչե","urgent","emergency"
"հրացան","հրացան","րջացան","րջացան","rifle","gun"
"հրդեհ","բոց","եից","հրտահ","fire","flame"
"հրեշ","արարած","արարող","հրպե","monster","creature"
"հրեշտակ","սատանա","նոտանա","հրխստակ","angel","devil"
"հրթիռ","հրթիռ","հրսառ","հրգոռ","rocket","missile"
"հրում","քաշել","քաբալ","բեում","push","pull"
"ձայն","շեշտ","շեde","քնյն","voice","accent"
"ձգան","ակտիվացնել","ակտիստցնել","լչան","trigger","activate"
"ձեռագիր","բազուկ","բարրւկ","ձերբգիր","hand","arm"
"ձեվավորել","նշան","խման","ձենցվորել","form","sign"
"ձիահ","միավ","միստ","օմահ","aids","hiv"
"ճակատագիր","ճակատագիր","ճակատանկր","ճակատանկր","fate","destiny"
"ճամբար","գյուղ","прուղ","ճամբլը","camp","village"
"ճանաչել","գիտեր","գիայր","ճանալդլ","recognize","knew"
"ճանապարհ","մայրուղի","մառնուղի","ճանապաри","road","highway"
"ճաք","խոռոչ","խոպեչ","չոք","crack","hole"
"ճիճուն","օձ","րզ","hiճուն","worm","snake"
"ճիշտ","իսկական","ծնկական","hiշտ","TRUE","real"
"ճիշտ","ձախ","ւղխ","hiշտ","right","left"
"ճիշտ","վերջերս","վեղձերս","hiշտ","just","recently"
"մագնիսական","էլեկտրական","ջեեկտրական","մագնպրական","magnetic","electric"
"մազ","մորուք","մորողը","ւյզ","hair","beard"
"մականուն","ազգանուն","ազգակաւն","մականորդ","nickname","surname"
"մահ","անհայտացում","անհապլացում","որհ","death","disappearance"
"մահացու","ճակատագրական","ճակատամիական","մահանսւ","deadly","fatal"
"մայրամուտ","արշալույս","ուշալույս","մատոամուտ","sunset","dawn"
"մայրիկ","հայր","հաքս","մառնիկ","mother","father"
"մանկատուն","վանք","վարա","մաարատուն","orphanage","convent"
"մաշկ","հյուսվածք","հյուսվւնք","մաub","skin","tissue"
"մասնավոր","գաղտնիություն","գաթանիություն","մարզավոր","private","privacy"
"մատուցող","մատուցողուհի","մատուցնյուհի","մատորժող","waiter","waitress"
"մարաթոն","մրցավազք","մրցավաcn","բերաթոն","marathon","race"
"մարդ","անհատ","անգոտ","մաթը","person","individual"
"մարդ","մարդ","մաիր","մաթը","man","human"
"մարդասպան","մարդասպան","մաիտասպան","մարդասկոն","killer","murderer"
"մարզիչ","խաղացող","խաղազաղ","մարզկա","coach","player"
"մարմին","դիակ","թվակ","մաակին","body","corpse"
"մարս","վեներա","զմներա","մաen","mars","venus"
"մաքրել","լվանալ","օֆանալ","մասոել","clean","wash"
"մաֆիա","խաբեբա","խաբեom","մաւյա","mafia","cartel"
"մեթոդ","տեխնիկա","տեխնամա","մենադ","method","technique"
"մեծ","հսկայական","վկկայական","ջած","big","huge"
"մեծամասնություն","քվեարկել","raեարկել","մերծմասնություն","majority","vote"
"մեկ","երեք","երրո","ճակ","one","three"
"մեկնաբանություն","հայտարարություն","հաաշարարություն","նակնաբանություն","comment","statement"
"մեղու","մրջյուն","մրգեուն","մեոսւ","bee","ant"
"մեղր","կարագ","կալոգ","մեէյ","honey","butter"
"մեղք","հանցանք","հագնանք","մեик","sin","crime"
"մենեջեր","շեֆ","յոֆ","մենեբոր","manager","boss"
"մետաքսե","բամբակ","բաահակ","մետաւռե","silk","cotton"
"մերկ","մերկ","մելո","մելո","nude","naked"
"միամիտ","հիմար","հիպոր","բրամիտ","naïve","stupid"
"միամիտ","ցինիկ","խրնիկ","բրամիտ","naive","cynical"
"միայնակ","ամուսնացած","ամունկացած","յքայնակ","single","married"
"միայնակ","միայնակ","միշանակ","յքայնակ","alone","lonely"
"միացնել","տրամադրել","տրամներել","միիչնել","enable","provide"
"միգուցե","հավանաբար","հավանագիր","հօգուցե","maybe","probably"
"միլիոն","միլիարդ","միլիմադ","միլինի","million","billion"
"միլիոնատեր","ձեռնարկատեր","ձեռնարկաթնր","միլինիատեր","millionaire","entrepreneur"
"միշտ","անընդհատ","անչեդհատ","միլյ","always","constantly"
"միություն","թիմ","իեմ","քրություն","league","team"
"միջադեպ","վթար","օփար","միջատնպ","incident","accident"
"միջազգային","աշխարհ","աշխաir","միջայիային","international","world"
"միջավայր","մթնոլորտ","waնոլորտ","միդժվայր","environment","atmosphere"
"միջնակարգ","առաջնային","առլանային","միրսակարգ","secondary","primary"
"մլատ","լինգ","լիts","օթատ","ming","ling"
"մղձավանջ","երազել","երմտել","մղձավաре","nightmare","dream"
"մղոն","սանտիմետր","սանտիմտիր","լճոն","mile","centimeter"
"մնալ","մնալ","коալ","րյալ","stay","remain"
"մշակում","քաղաքակրթություն","քաղաքապեթություն","էսակում","culture","civilization"
"մոգություն","հրաշագործ","հրաշխիործ","մոկաւթյուն","magic","wizard"
"մոդել","նախատիպ","նարկտիպ","մուլլ","model","prototype"
"մոլորակ","ուղեծիր","ուղեճեր","մոլուիկ","planet","orbit"
"մոխիր","փոշի","փորլ","մովէր","ash","dust"
"մոռանալ","հիշել","հիիալ","մորոնալ","forget","remember"
"մոտիկ","հեռու","հեձեւ","մոնոկ","near","far"
"մուկ","առնետ","առւյտ","մոտո","mouse","rat"
"մուտք գործել","գնալ","սկալ","մուտհօգործել","enter","go"
"մտահոգություն","անհանգստանալ","անհանգստանտը","մտահնեություն","concern","worry"
"մտավոր","հուզիչ","հուզկա","ալավոր","mental","emotional"
"մտրակել","մուրճ","մովեճ","մտրապալ","stick","hammer"
"մրցում","առաջնություն","առտանություն","շոցում","competition","championship"
"մրցում","համընկնում","հաունկնում","շոցում","tournament","match"
"յոգա","մերսել","մեղեել","յոէս","yoga","massage"
"նախագծել","ծրագիր","loագիր","նախատկել","project","program"
"նախազգուշացում","հաղորդագրություն","հաղոգրագրություն","նախաչիուշացում","warning","message"
"նահանգապետ","սենատոր","չինատոր","նահաբնապետ","governor","senator"
"նայել","դիտել","դիյալ","նավիլ","look","watch"
"նավարկություն","հաղորդակցություն","հաղոզմակցություն","նավահաություն","navigation","communication"
"նեղ","լայն","լաես","բող","narrow","wide"
"ներել","արդարացում","արկիրացում","նետիլ","forgive","excuse"
"ներխուժում","հարձակվել","հատկակվել","ներխուլեւմ","invasion","attack"
"ներշնչել","ոգեշնչում","թշեշնչում","նեմինչել","inspire","inspiration"
"ներուժ","տաղանդ","տակոնդ","ներորհ","potential","talent"
"ներում","ողորմածություն","ողորմանսւթյուն","առրում","forgiveness","mercy"
"ներքեվ","վեր","ւոր","ներքвъ","down","up"
"ներքին","արտաքին","արգրքին","նեգրին","internal","external"
"նիհար","հաստ","հաավ","նիթիր","thin","thick"
"նիհար","խիզախ","փնզախ","նիթիր","noble","brave"
"նկատի առնել","մտածել","մտրսել","նկատտաառնել","consider","think"
"նկար","լուսանկար","լուսանլեր","նկլը","picture","photo"
"նկարագրել","արտահայտիչ","արտահաինիչ","նկարներել","describe","express"
"նկարել","քաշել","քաբալ","նկարտե","paint","draw"
"նման","տարբեր","տասներ","սլան","similar","different"
"նյարդայնություն","մկաններ","որաններ","նյարդանըություն","nerve","muscle"
"նյութ","մասնիկ","մաամիկ","ելութ","matter","particle"
"նշան","համազգեստ","համաքաեստ","վոան","badge","uniform"
"նոյեմբեր","դեկտեմբեր","կոկտեմբեր","նոլոմբեր","november","december"
"նորաձեվ","էլեգանտ","էլլցանտ","նորանշվ","fashionable","elegant"
"նուրբ","զգայուն","զգուուն","նոմիբ","delicate","sensitive"
"նվագախումբ","երիզ","երփը","նվագլիումբ","orchestra","band"
"նվազագույն","առավելագույն","սլավելագույն","նվպրագույն","minimum","maximum"
"շաբաթ","կիրակի","գերակի","շավիթ","Saturday","Sunday"
"շագանակագույն","կապույտ","կապոբատ","շատինակագույն","brown","blue"
"շահ","հաղթել","հանձել","որհ","gain","win"
"շահամոլ","մարդասպան","մաիտասպան","շահաբալ","mercenary","assassin"
"շահույթ","եկամուտ","օսամուտ","շաբաւյթ","profit","income"
"շառավիղ","պարագիծ","պարառոծ","շարեվիղ","radius","perimeter"
"շարժիչ","ալիբի","ալյփի","շարժկա","motive","alibi"
"շարժվել","տեղափոխել","տեղափոսիլ","շարժարլ","move","transfer"
"շարք","դրվագ","դրենգ","շանց","series","episode"
"շաքարել","շոկոլադ","կծկոլադ","շատերել","sugar","chocolate"
"շերիֆ","քաղաքագետ","քաղաքավատ","շեզէֆ","sheriff","mayor"
"շերլոկ","ուոթսոն","ուչոսոն","շեզդոկ","sherlock","watson"
"շերտ","մակերեւույթ","մակերեգրւյթ","շենդ","layer","surface"
"շիթ","բութ","բոցն","օրթ","finger","thumb"
"շինարարություն","կառուցել","կառորտել","շինարադաւթյուն","construction","build"
"շղթա","պարան","պալին","շղee","chain","rope"
"շնաձուկ","ձուկ","դժւկ","շնաձտակ","shark","fish"
"շնորհավորել","բարեւել","բարեքիլ","շնորեցվորել","congratulate","greet"
"շուն","կատու","կաղաւ","դիւն","dog","cat"
"շտապ օգնություն","ուղղաթիռ","ուղղաթla","շտապօգգնություն","ambulance","helicopter"
"շրթնաներկ","օծանելիք","հվանելիք","շրթնանզակ","lipstick","perfume"
"շրթունք","այտ","եշտ","շրջիւնք","lip","cheek"
"շրջագայություն","համերգ","համեխի","շրջագազաւթյուն","tour","concert"
"շրջան","եռանկյունի","բյանկյունի","շրրդն","circle","triangle"
"ոլորան","որովայնային","ահովայնային","չմորան","spinal","abdominal"
"ոչինչ","ինչ - որ բան","ինչ  որջաան","կքինչ","nothing","something"
"ոսկեգույն","արծաթ","արփոթ","ոսշոգույն","golden","silver"
"ոսկոր","գանգ","գաթն","ոսքիր","bone","skull"
"որոնել","գտնել","նմնել","որքվել","search","find"
"որս անել","գիշատիչ","բրշատիչ","որէնանել","prey","predator"
"որսորդություն","ձկնորսություն","ձկնուղություն","որսուհություն","hunting","fishing"
"ուժ","էներգիա","թրերգիա","տաժ","power","energy"
"ուժ","ստիպել","ստնգել","տաժ","strength","force"
"ուժեղ","թույլ","թոբոլ","ույնղ","strong","weak"
"ուղեկցորդ","ուղեկցել","ուսիկցել","ուղեբյորդ","escort","accompany"
"ուղեղ","ուղեղային","ուջողային","ուզող","brain","cerebral"
"ուղեւոր","վարորդ","վարոնա","ուղեսիր","passenger","driver"
"ուղիղ","ուղղակիորեն","ութրակիորեն","ուկեղ","direct","directly"
"ուղղել","վերանորոգում","վերանորոպեւմ","ուոտել","fix","repair"
"ունեցվածք","սեփականատեր","սելոկանատեր","ունեցվւնք","property","owner"
"ուշադրության կենտրոնում","կենտրոնանալ","կենտրոսենալ","ուշադրությանլեենտրոնում","focus","concentrate"
"ուշադրություն","ներգրավել","մարգրավել","ուշարվություն","attention","attract"
"ուշացած","վաղաժամ","վաղացրմ","արշացած","late","early"
"ուռուցք","քաղցկեղ","քաղցրաղ","ուռոժէք","tumor","cancer"
"ուս","ծունկ","ծոշիկ","վաս","shoulder","knee"
"ուսանող","ուսուցիչ","ուսուցկա","ուշինող","student","teacher"
"չարություն","դաժանություն","դաժայռւթյուն","դրրություն","evil","cruelty"
"չափ","երկարություն","երբերություն","դրփ","size","length"
"չափազանց","շատ","վետ","դրփազանց","extremely","very"
"չափահաս","ծնող","թվող","չափանիս","adult","parent"
"չեմպիոն","մարտիկ","մարտոր","կամպիոն","champion","fighter"
"չորացնել","թաց","ռեց","րգրացնել","dry","wet"
"պալատ","ամրոց","ամիից","պապէտ","palace","castle"
"պահածոն","պահպանել","պատոանել","պահակգն","preserve","maintain"
"պահակ","պարեկություն","պակակություն","պաւրկ","guard","patrol"
"պահանջել","խնդրել","խնտվել","պահաեւել","demand","request"
"պահպանողական","լիբերալ","լիկտրալ","պատոանողական","conservative","liberal"
"պայթել","պայթել","պաիմել","պաիմել","burst","explode"
"պայմանագիր","համաձայնություն","համաձակյություն","պայմանագթը","contract","agreement"
"պանդոկ","ռեստորան","ռեստորդը","պանդми","pub","restaurant"
"պաշտոնապես","պաշտոնատար անձ","պաշտոնատարջքնձ","պաշտոնիլես","officially","official"
"պաշտպանել","պաշտպանել","պաշտպայթլ","պաշտպայթլ","protect","defend"
"պապիկ","տատիկ","տանըկ","պալմկ","grandfather","grandmother"
"պատահաբար","դիտավորյալ","դիտաֆարյալ","պատահատմր","accidentally","intentionally"
"պատահել","պատահել","պատաալլ","պատարնլ","occur","happen"
"պատանդ","բանտարկյալ","բանտարձրալ","պաբենդ","hostage","prisoner"
"պատասխան","պատասխան","պատատյան","պատատյան","answer","reply"
"պատասխանատվություն","պարտք","պածիք","պատատյանատվություն","responsibility","duty"
"պատերազմ","ճակատամարտ","ճակատամանդ","պատերաла","war","battle"
"պատժել","ձերբակալել","ձերբակալվա","պանքել","punish","arrest"
"պատճառ","պատճառ","պատճսկ","պատճть","reason","cause"
"պատյան","պարեն","դերեն","պալիան","wall","fence"
"պատուհան","դուռ","դոեւ","պահպւհան","window","door"
"պատրանք","հալյուցինացիա","հալյուխենացիա","պաազանք","illusion","hallucination"
"պատրաստ","նախապատրաստվել","նախապատրասդրել","պատրպատ","ready","prepare"
"պատրաստում","պլանավորում","իկանավորում","պատրուտում","preparation","planning"
"պարանոիդ","խենթ","եռնթ","պարանողո","paranoid","crazy"
"պարզ","պարզ","պաif","պաժա","simply","simple"
"պարզ","ակնհայտորեն","ակետայտորեն","պաժա","clearly","obviously"
"պարկեշտ","անկեղծ","ուկեղծ","պաբրեշտ","decent","honest"
"պարկուճ","զոնդ","զութ","պարկւյճ","capsule","probe"
"պարուհի","պարել","դերել","պարոեսի","dancer","dance"
"պարունակել","բովանդակություն","ասվանդակություն","պարունակտի","contain","content"
"պարուրակ","կրիա","կրոտ","պարոզնակ","snail","turtle"
"պինգ","դինգ","դիցա","պիադ","ping","ding"
"պլան","ստրատեգիա","ստրատեիդա","իկան","plan","strategy"
"պլատֆորմ","կայան","կանին","պլատեարմ","platform","station"
"պողոտա","փողոց","փոփաց","պողոպի","avenue","street"
"պոմպ","գուլպաներ","գոզապաներ","պոքե","pump","hose"
"պոռնո","կինոնկար","կիսանկար","պոնցո","porn","movie"
"պորտալ","դարպաս","դակնաս","պորտկո","portal","gate"
"պսակ","գահ","որհ","թմակ","crown","throne"
"պրակտիկա","վարժություն","վաստություն","պրոդտիկա","practice","exercise"
"պրոֆիլ","նկարագրություն","նկարներություն","պրոֆտա","profile","description"
"ջազ","երաժշտություն","երաժրձություն","զիզ","jazz","music"
"ջարդել","ընդմիջում","ընդմփլում","ջաաբել","smash","break"
"ջիպ","բեռնատար մեքենա","բեռնատարդէեքենա","toպ","jeep","truck"
"ջունգլիներում","անտառ","անդոռ","ջունտրիներում","jungle","forest"
"ջրանցք","լուրեր","լոշքեր","ջրանем","channel","news"
"ռադար","արբանյակային","արբագրակային","ռագեր","radar","satellite"
"ռադիո","հեռուստատեսություն","հեռուսմոտեսություն","ռաելո","radio","television"
"ռասիստ","կոմունիստ","կոմունավտ","ռադաստ","racist","communist"
"ռիթմ","ոճ","տօ","ռիcn","rhythm","style"
"ռիսկ","վտանգ","foանգ","ռիառ","risk","danger"
"ռիսկոտ","վտանգավոր","վտերգավոր","մասկոտ","risky","dangerous"
"ռոբոտ","ապարատ","ապնկատ","ռուատ","robot","machine"
"ռոդեո","կովբո","կորյո","ռոռնո","rodeo","cowboy"
"ռոմ","կոնյակ","կոգրակ","ոլմ","rum","cognac"
"ռոմեո","շուլ","շոin","թիմեո","romeo","juliet"
"ռումբ","պայթուցիկ","պաքնուցիկ","ծաւմբ","bomb","explosive"
"սագ","բադ","րեդ","ղեգ","goose","duck"
"սաղավարտ","գլխարկ","գլխաch","սաստվարտ","helmet","hat"
"սարդ","միջատ","միախտ","սաիր","spider","insect"
"սարսափ","վախ","նեխ","սարսճի","horror","fear"
"սարսափելի","ահավոր","շվավոր","պերսափելի","terrible","horrible"
"սարքավորում","սարքավորել","սարքավատել","սանսավորում","equipment","equip"
"սեղան","աթոռ","աթca","սեձեն","table","chair"
"սեմինար","ավտոտնակ","ավտոպոակ","սեմիջնր","workshop","garage"
"սեմինար","դասախոսություն","դասակիսություն","սեմիջնր","seminar","lecture"
"սենդվիչ","համբուրգեր","հարյուրգեր","սենդեղչ","sandwich","hamburger"
"սենյակ","ննջարան","ըսջարան","սեգրակ","room","bedroom"
"սենսացիոն","տպավորիչ","տպավորաբ","սեհնացիոն","sensational","spectacular"
"սենսոր","հաղորդիչ","հաղորդկա","սեիմոր","sensor","transmitter"
"սեպտեմբեր","հոկտեմբեր","հոնկեմբեր","սեռաեմբեր","september","october"
"սեռական","ֆիզիկական","ֆիջոկական","սեպտկան","sexual","physical"
"սերժանտ","լեյտենանտ","լեինենանտ","սեւշանտ","sergeant","lieutenant"
"սթափ","խմած","տնած","սթки","sober","drunk"
"սթրես","ընկճվածություն","ընղզվածություն","քերես","stress","depression"
"սիրողական","պրոֆեսիոնալ","պրոֆեսրինալ","սիրոյիկան","amateur","professional"
"սիրուհի","սիրահար","սիրապեր","սիրոեսի","mistress","lover"
"սիրուն","բրո","տվո","ասրուն","dude","bro"
"սխալ","սխալվել","սխեցվել","աոալ","error","mistake"
"սխալ","ճիշտ","muշտ","աոալ","wrong","correct"
"սխտոր","սոխ","ծախ","մպտոր","garlic","onion"
"սկյուռ","ջրարջ","մմարջ","սկյոds","squirrel","raccoon"
"սնունդ","կերակուր","կերակոլա","սնկենդ","food","meal"
"սով","ծարավ","ծատով","գեվ","hunger","thirst"
"սովորաբար","սովորաբար","սովորացվր","սովորագիր","normally","usually"
"սովորական","սովորական","սոճարական","սոճարական","ordinary","usual"
"սովորել","սովորեցնել","սովոնացնել","սովութլ","learn","teach"
"սուզանավ","նավակ","նամիկ","սոնաանավ","submarine","boat"
"սուտ","ստախոս","ստրըոս","սորո","lie","liar"
"սուրբ ծնունդ","տոն","ծին","սուրջիծնունդ","christmas","holiday"
"սպասել","ենթադրել","բիթադրել","սպխվել","wait","expect"
"սպիտակուց","վիտամին","նոտամին","սպիտուուց","protein","vitamin"
"սպիտակուց","սեվ","եով","սպիտուուց","white","black"
"ստադիոն","բեյսբոլ","բեյսթալ","ստինիոն","stadium","baseball"
"ստամոքս","կրծքավանդակ","կրծքուանդակ","ստամկիս","stomach","chest"
"ստեղծել","արտադրել","արտատվել","ստեղկալ","create","produce"
"ստեղծում","ոչնչացում","acնչացում","ստուծում","creation","destruction"
"ստորաբաժանում","բաժին","բաղեն","ստւցաբաժանում","unit","division"
"ստուգում","հաստատել","հաստորել","ստուրժւմ","check","verify"
"ստվեր","մութ","մորէ","ստրկր","shadow","dark"
"սրահ","ցուցահանդես","ցոսրահանդես","սրգա","gallery","exhibition"
"սրամիտ","զվարճալի","զվարճառմ","սրվոիտ","witty","funny"
"վազք","զբոսանք","զբեֆանք","վաsp","run","walk"
"վախեցնել","վախենալ","վափանալ","վածացնել","scare","frighten"
"վահան","զենք ու զրահ","զենք ու զրյլ","վաարն","shield","armor"
"վաղը","առավոտ","առավրգ","վանև","tomorrow","morning"
"վաճառող","գնորդ","գնչոդ","վաճաննղ","seller","buyer"
"վայրէջք","թռիչք","թռեյք","վայրագք","landing","flight"
"վանական","քահանա","քանձնա","վածքկան","monk","priest"
"վաշինգտոն","բոստոն","բոգդոն","վանենգտոն","washington","boston"
"վառարան","վառարան","վանդրան","վարերան","oven","stove"
"վատնել","ծախսել","ծալրել","վահրել","waste","spend"
"վարել","շարունակել","շարունակտի","վառալ","proceed","continue"
"վարկ","վարկ","վահը","վահը","credit","loan"
"վարձակալ","տանտիրուհի","տանտկվուհի","վածոակալ","tenant","landlord"
"վարձել","վարձում","վածոում","վաղվել","hire","rent"
"վարմունք","պայուսակ","պարնւսակ","վատթունք","box","bag"
"վեհություն","բարձրություն","բածերություն","վեսեւթյուն","majesty","highness"
"վերականգնել","բուժել","բոնձել","վերակամանել","recover","heal"
"վերացնել","հեռացնել","հեռամաել","վերանըել","eliminate","remove"
"վերլուծող","քննիչ","պինիչ","վեոնուծող","analyst","investigator"
"վերմակ","սրբիչ","սրռեչ","վեժնակ","blanket","towel"
"վերնաշապիկ","կճեպ","մբեպ","վերնաշտիիկ","shirt","jacket"
"վերջ","վերջացնել","վեհրացնել","վեցք","end","finish"
"վերջապես","ի վերջո","ի վեմեո","վեմտապես","finally","eventually"
"վերք","վնասվածք","շվասվածք","ուրք","wound","injury"
"վիճակ","ճգնաժամ","թխնաժամ","վիռիկ","situation","crisis"
"վիշապ","առյուծ","առյոня","վիզեպ","dragon","lion"
"վիսկի","օղի","каի","ոդսկի","whiskey","vodka"
"վիրաբույժ","բժիշկ","բժյսկ","վիրայեւյժ","surgeon","doctor"
"վիրավորանք","վիրավորել","դարավորել","շարավորանք","insult","offend"
"վիրուս","վարակ","վաուկ","րդրուս","virus","infection"
"վկա","ցուցմունք","ցուցմոածք","стա","witness","testimony"
"վկայություն","ապացույց","ապացուий","faայություն","evidence","proof"
"վստահել","հավատալ","հավագել","կվտահել","trust","believe"
"վրեժ","արդարություն","արդամբւթյուն","վրст","revenge","justice"
"տաճար","վանք","վարա","տապիր","temple","monastery"
"տանջանք","խոշտանգում","խոեջանգում","տարբանք","torment","torture"
"տառապանք","ցավ","reվ","տառապայի","suffering","pain"
"տառապել","մեռնել","մերդել","տառաւոլ","suffer","die"
"տարածաշրջանային","տեղական","տեղափոն","տարանտշրջանային","regional","local"
"տարածություն","գոտի","եստի","տարանըւթյուն","area","zone"
"տարեդարձ","ծննդյան օր","ծննդյան հմ","տարեթիրձ","anniversary","birthday"
"տաք","զով","ակվ","մոք","warm","cool"
"տաք","ցուրտ","ցողըտ","մոք","hot","cold"
"տաքություն","ջերմաստիճան","ջերմաստիսէն","տարքւթյուն","heat","temperature"
"տաքսի","լիմուզին","լիոսւզին","տաւլի","taxi","limousine"
"տեխնիկական","մեխանիկական","մեխաընկական","տեխնգրական","technical","mechanical"
"տեխնոլոգիա","գիտություն","բրտություն","տեատոլոգիա","technology","science"
"տեղ","գտնվելու վայր","գտնվելուվմայր","խող","place","location"
"տեղադրել","դնել","ովել","տեղատվել","insert","put"
"տեղավորել","մտադրություն","նրադրություն","տեղավութլ","purpose","intention"
"տեղավորել","հեռանկար","հեռանկլը","տեղավութլ","view","perspective"
"տեսախցիկ","միկրոֆոն","միկրքոոն","տեսացոիկ","camera","microphone"
"տեսնել","հանդիպել","հանդկրել","տենիել","see","meet"
"տեսուչ","հանձնակատար","հաղթնակատար","տեսովր","inspector","commissioner"
"տերմինալ","օդանավակայան","լրանավակայան","տերմստալ","terminal","airport"
"տեքստ","բանաստեղծություն","բալիստեղծություն","տեռոտ","text","poem"
"տիեզերագնաց","օդաչու","օդրջու","տիեզերագայց","astronaut","pilot"
"տիեզերք","գալակտիկայում","գալադեիկայում","տիհներք","universe","galaxy"
"տիկնիկ","խաղալիք","խատոլիք","տիզմիկ","doll","toy"
"տխուր","ողորկ","ողլսկ","հբուր","sad","tragic"
"տհաճ","կեղտոտ","կեւնոտ","աժաճ","nasty","filthy"
"տղաներ","աղջիկները","բնջիկները","իզաներ","boys","girls"
"տնակ","տախտակամած","տախտակամպլ","stակ","cabin","deck"
"տոմս","անձնագիր","անձնյաիր","տոկե","ticket","passport"
"տոստ","բեկոն","բերվն","տուո","toast","bacon"
"տուգանք","բանտարկություն","բանտարգեւթյուն","տոբոանք","penalty","imprisonment"
"տուն","բնակարան","աշակարան","լաւն","house","apartment"
"տպավորիչ","զարմանալի","զայիանալի","տպավորաբ","impressive","amazing"
"տպում","զգացմունք","զգացմոածք","չոում","impression","feeling"
"տվյալներ","տեղեկություն","տեոսկություն","էյյալներ","data","information"
"ցածր","բարձր","բամբր","ցավե","low","high"
"ցանկություն","ցանկություն","reնկություն","reնկություն","desire","wish"
"ցանց","համակարգ","համակաձև","reնց","network","system"
"ցեխ","ավազ","ավld","րոխ","mud","sand"
"ցեմենտ","պլաստիկ","ւսաստիկ","սնմենտ","cement","plastic"
"ցնցուղ","լոգարան","լովիրան","ցնցորմ","shower","bathroom"
"ցուցադրում","կատարումը","կատայիւմը","սկւցադրում","show","performance"
"փախչել","փախուստ","փաբաւստ","փաեկել","flee","escape"
"փախստական","փախստական","փաեշտական","փամփտական","refugee","fugitive"
"փայլուն","պայծառ","պայծսկ","փաուուն","shine","bright"
"փառավոր","փառք","փաин","փալիվոր","glorious","glory"
"փառք","աստղ","ասկկ","փալտ","celebrity","star"
"փափուկ","մեղմ","մեաչ","փափոre","soft","gentle"
"փեսան","հարսնացու","հանքնացու","փեվեն","groom","bride"
"փիլիսոփայություն","կրոն","կրաս","փիլիսոյթյություն","philosophy","religion"
"փխրուն","օդափոխում","օդափլռում","գշրուն","valve","ventilation"
"փոթորիկ","տորնադո","տորննկո","փոմբրիկ","hurricane","tornado"
"փոխադրամիջոց","ավտոմեքենա","ավտոյիքենա","փոխադրամոնոց","vehicle","car"
"փոխարինել","փոխարինող","փոխարիուղ","փոխաոցնել","replace","substitute"
"փոխում","բարելավում","բարեարվում","ընխում","change","improvement"
"փոստ","ֆաքս","ֆայէ","ամստ","mail","fax"
"փորել","թաղել","թաքցլ","նկրել","dig","bury"
"փորլուծություն","սրտխառնոց","վոտխառնոց","փորլուրգւթյուն","diarrhea","nausea"
"փորձ","փորձարկում","փորձարգեւմ","փոет","experiment","test"
"փորձ","գիտելիք","բրտելիք","փոет","experience","knowledge"
"փորձագետ","մասնագետ","մասնագիր","փոձնագետ","expert","specialist"
"փորձել","փորձ","փոет","փորձվա","try","attempt"
"փուլ","ժամանակաշրջան","ժամանակալեջան","փոin","phase","period"
"փոքր քանակություն","փոքր","փոոպ","փոքրմտանակություն","little","small"
"փրկել","խնայել","խնայնե","մեկել","rescue","save"
"քաղաքականություն","քաղաքագետ","քաղաքավատ","քաղադրկանություն","policy","politician"
"քաղաքավարի","բարեկամական","բարեցիմական","քաղաիլվարի","polite","friendly"
"քաղաքացիական","ռազմական","ռաստական","քաղաքաջնական","civil","military"
"քաղցր","գեղեցիկ","գեմացիկ","քանիր","sweet","cute"
"քամի","փոթորիկ","փոխմրիկ","նոմի","wind","storm"
"քանակ","որակ","զոակ","ղինակ","quantity","quality"
"քաշ","բարձրություն","բածերություն","լիշ","weight","height"
"քաոս","խառնաշփոթություն","խառնփրփոթություն","դիոս","chaos","confusion"
"քեռի","հայրենիք","հայրենծի","քեստ","uncle","dad"
"քերել","կապտուկ","կամրուկ","ռիրել","scratch","bruise"
"քիմիա","կենսաբանություն","կեշտաբանություն","քիատա","chemistry","biology"
"քիմիական","կենսաբանական","կեւցաբանական","քիմիսիան","chemical","biological"
"քծնել","զբոսանք","զբեֆանք","mdնել","nap","stroll"
"քննադատական","քաղաքական","քաղադրկան","ձանադատական","critical","political"
"քննել","հետաքննել","հետաթմնել","իճնել","examine","investigate"
"քննություն","զննում","ռանում","ձանություն","examination","inspection"
"քշել","լողալ","լոյէլ","фиել","drive","ride"
"քոլեջ","համալսարան","համանյարան","մպլեջ","college","university"
"քույր","եղբայր","եղանյր","նվւյր","sister","brother"
"օբյեկտ","առարկա","առևտկա","anյեկտ","object","subject"
"օգնություն","աջակցել","լսակցել","ադնություն","help","assist"
"օգտակար","ուժեղ","ուսաղ","ադտակար","useful","effective"
"օդային","թթվածին","թթվարմն","ողային","air","oxygen"
"օղակ","մանյակ","մամլակ","woակ","ring","necklace"
"օր","սահմանադրություն","սահմիրադրություն","ая","law","constitution"
"օրական","շաբաթական","շաբաղկկան","ուական","daily","weekly"
"օրացույց","ժամանակաչափ","ժամանակահրփ","օրացուրծ","calendar","schedule"
"օրգազմ","մոնտաժ","մոնտкт","օրգաow","orgasm","erection"
"ֆայլ","փաստաթուղթ","փաստաթուժե","ֆագա","file","document"
"ֆենոմեն","միջոցառում","միջորջռում","մինոմեն","phenomenon","event"
"ֆերմեր","աշխատող","աշխառնղ","ֆեէներ","farmer","worker"
"ֆիզիկա","մաթեմատիկա","մաթեմատիիչ","ֆիզիիչ","physics","mathematics"
"ֆինանսապես","ֆինանսավորում","ֆինարքավորում","ֆինանստիես","financially","financing"
"ֆինանսներ","ներդնել","նեերնել","ֆինանսոլր","finance","invest"
"ֆունտ","դոլար","դույր","ֆոնոտ","pound","dollar"
