cs_cue,cs_target,cs_fake_target,cs_fake_cue,en_cue,en_target
absolutně,zcela,trpla,absochvalně,absolutely,completely
afrika,amerika,oslarika,uvolrika,africa,america
ahoj,na shledanou,amihem,ahcá,hello,bye
aids,hiv,kuv,aičo,aids,hiv
akt,nahý,navět,řít,nude,naked
aktivní,aktivita,aklantní,akcentní,active,activity
aktovka,kufr,kuja,akzpacka,briefcase,suitcase
album,píseň,pívol,aljah,album,song
alkohol,lék,erk,alkobých,alcohol,drug
amatér,profesionální,profesiorescenční,pustér,amateur,professional
ambasáda,ministerstvo,ministerfield,ministerovina,embassy,ministry
analytik,vyšetřovatel,analytář,vybuchovatel,analyst,investigator
anarchie,kapitalismus,kapitalistečnej,asischie,anarchy,capitalism
anatomie,psychologie,psyostřelogie,anatokrát,anatomy,psychology
anděl,ďábel,ďálan,anšit,angel,devil
angličtina,francouzština,anglatačtina,britcouzština,english,french
anonymní,neznámý,nechutmý,anopulsní,anonymous,unknown
aplikovat,použití,použijmout,křeskovat,apply,use
aréna,bojiště,botáchtě,štana,arena,battlefield
artefakt,medailon,medainaut,arteblém,artifact,medallion
arzenál,zbrojnice,struknice,arzevost,arsenal,armory
aspirin,morfium,graffium,aspichod,aspirin,morphine
astronaut,pilot,pikup,astrokojmí,astronaut,pilot
atomový,jaderný,jahnusný,zmlámový,atomic,nuclear
aukce,prodej,protat,játce,auction,sale
autogram,fotograf,fotolest,autokost,autograph,photographer
autor,herec,henus,auvit,author,actor
třída,ulice,třece,iroda,avenue,street
báječné,fantastický,fanšlechtický,fanechtický,wonderful,fantastic
banán,jahoda,předhoda,bazie,banana,strawberry
bankéř,investor,banřáb,inproktor,banker,investor
bankovní,finanční,fipoutní,stříkovní,banking,financial
baron,hraběnka,hrasmyčka,batáš,baron,countess
basketbal,fotbal,tašbal,světketbal,basketball,football
básník,spisovatel,vlastsovatel,vlastovatel,poet,writer
běh,procházka,prošpička,díh,run,walk
bestie,zvíře,linře,hintie,beast,animal
beton,ocel,hvel,bepad,concrete,steel
bezradný,bezmocný,bezchutný,bezzbytný,helpless,powerless
zabezpečení,bezpečnost,bezpečství,zatknoutpečení,security,safety
bezpečný,zajistit,zavražtit,bezstatný,safe,secure
bezpráví,nespravedlivý,nespravedlichestr,střípráví,injustice,unfair
bible,kniha,helha,voule,bible,book
bílý,černá,krylý,sejná,white,black
biskup,kardinál,kardirant,bishry,bishop,cardinal
blahopřát,pozdravit,rozzlovit,blahograf,congratulate,greet
bláto,písek,pímal,ronto,mud,sand
blázen,idiot,tučot,kvazen,fool,idiot
blesk,hrom,hráb,hruch,lightning,thunder
boj,prát se,prátníz,řej,combat,fight
bombardovat,explozivní,explostřední,vlastbardovat,bomb,explosive
sladký,roztomilý,funkčtomilý,kletký,sweet,cute
bonus,odměna,odbrenna,bohle,bonus,reward
holínka,bota,bojov,hopřátka,boot,shoe
krabice,taška,boška,střebice,box,bag
brambor,rajče,pruče,bramcíš,potato,tomato
bravo,alfa,alnáš,přívo,bravo,alpha
brutální,krutý,skátý,rtěntální,brutal,cruel
brýle,víčko,kniko,denle,glasses,cap
budoucnost,minulost,minuchod,buosobnost,future,past
bůh,božský,pěh,lěh,god,divine
buňka,vězení,věhlavní,čtyka,cell,prison
césar,řím,vom,agsar,caesar,rome
celkový,úplný,uboný,zpátkový,total,complete
cement,plast,pldát,cevost,cement,plastic
cenný,důležité,důlesprosté,směný,valuable,important
čerpadlo,hadice,bloudice,čerpažích,pump,hose
čerstvý,obnovit,obnocích,čerscoll,fresh,refresh
červ,had,ažd,žad,worm,snake
červen,červenec,červejdou,čersil,june,july
červené,žlutá,akatá,střevené,red,yellow
česnek,cibule,česuvý,cináhle,garlic,onion
cestující,řidič,řižes,strážtující,passenger,driver
chaos,zmatek,trátek,nejos,chaos,confusion
charakter,osobnost,umožnost,střerakter,character,personality
charita,dar,čer,střírita,charity,donation
chata,paluba,pasvatba,tepta,cabin,deck
chemie,biologie,bioloostro,formie,chemistry,biology
chemický,biologický,legračologický,vzrumický,chemical,biological
chirurg,doktor,zkutor,chinusi,surgeon,doctor
chlapci,dívky,ludky,chránci,boys,girls
chléb,sýr,tmr,zeléb,bread,cheese
chrám,klášter,klášnář,kurám,temple,monastery
chránit,bránit,možnit,ovlánit,protect,defend
chřipka,choroba,asteroba,chranka,flu,disease
chudoba,bída,uměda,skondoba,poverty,misery
chudý,bohatý,chusí,chsvý,poor,rich
chuť,čich,vlch,souť,taste,smell
chutný,lahodné,lamentné,spusný,tasty,delicious
chůva,služka,smarva,svrva,nanny,maid
omyl,chyba,ukába,úbyl,error,mistake
chytrý,inteligentní,intelistrukční,zkourý,smart,intelligent
agent,detektiv,detekbrat,urent,agent,detective
čip,přístroj,přístřeš,nup,chip,device
říšský,císař,cíbít,pluský,imperial,emperor
číslo,adresa,uvězresa,hmolo,number,address
číšník,servírka,sersmyčka,debník,waiter,waitress
číst,psát,rýst,imát,read,write
čistý,umýt,umhu,shatý,clean,wash
civilní,válečný,vákrásný,citrávní,civil,military
článek,noviny,novihled,watnek,article,newspaper
člen,vůdce,novce,fúen,member,leader
co,to,lý,zy,what,that
prasklina,díra,venra,rozzlona,crack,hole
čtení,psaní,kotní,údoní,reading,writing
cukr,čokoláda,cuhl,cuub,sugar,chocolate
dalekohled,mikroskop,mikroplach,dalekojmout,telescope,microscope
doplňkový,dodatečný,dodaskromný,doztroskový,extra,additional
data,informace,daběj,daněj,data,information
dav,publikum,publichvář,luv,crowd,audience
dávka,injekce,instrace,nanka,dose,injection
dcera,syn,ern,očira,daughter,son
dědeček,babička,bartěnka,dědestat,grandfather,grandmother
dědictví,zdědit,plidit,dědicnech,heritage,inherit
deka,ručník,oceník,depre,blanket,towel
děkan,profesor,profepřít,děvio,dean,professor
ožehavý,citlivý,anarlivý,uspohavý,delicate,sensitive
denně,týdně,ševně,kálně,daily,weekly
děsivý,strašidelný,rozkošidelný,děsilent,scary,creepy
déšť,sníh,uvíh,délf,rain,snow
dezert,dort,cart,desint,dessert,cake
diamant,šperk,mnerk,diastav,diamond,jewel
nechutný,škaredý,směšredý,nepravný,disgusting,ugly
dílna,garáž,gabař,knona,workshop,garage
diplom,absolvovat,abuzdravovat,ditrém,diploma,graduate
mimino,dítě,průtě,mitechno,baby,child
podívat se,sledovat,zpradovat,podíjmout se,look,watch
dívka,chlapec,chlalyn,hačka,girl,boy
dna,otisk prstu,recyk prstu,oša,dna,fingerprint
dnes,včera,kves,mukra,today,yesterday
dobře,jo,we,chaře,okay,yeah
dobrovolník,dobrovolně,dobroslechně,dobrostředník,volunteer,voluntarily
dobrý,špatný,kavrý,karrý,good,bad
dojem,pocit,potev,dovač,impression,feeling
dolní,horní,svaní,úvění,lower,upper
dolů,nahoru,nahoskop,dozet,down,up
eskortovat,doprovázet,doprovákojmí,eskortostroj,escort,accompany
doslova,prakticky,zklaticky,dojdemva,literally,practically
dospělý,rodič,ronér,doznatlý,adult,parent
náctiletý,dospívající,dospívajívit se,schoptiletý,teenage,teenager
dost,dostatečný,dostasprávný,vást,enough,sufficient
krásná,nádherná,zmraherná,odpuná,pretty,beautiful
dovolit,nechat,negram,dovogram,allow,let
drahý,levný,misný,svěhý,expensive,cheap
drak,lev,fův,osak,dragon,lion
drama,komedie,komeranč,stuma,drama,comedy
dramatický,romantický,sekunmantický,sekunmatický,dramatic,romantic
drby,skandál,kachdál,drzos,gossip,scandal
sekunda,minuta,minument,správda,second,minute
držet,zachovat,zavřítvat,drsor,hold,keep
důchod,plat,líat,důland,pension,salary
svědectví,důkaz,důpeš,svěboctví,evidence,proof
dům,byt,ont,lum,house,apartment
duše,duch,orch,manše,soul,spirit
duševní,emoční,únosní,dugantní,mental,emotional
důvěřovat,věřit,věchý,důvěřostroj,trust,believe
důvod,příčina,techčina,důlík,reason,cause
dva,čtyři,gesři,bua,two,four
dvd,video,vinaj,kdd,dvd,video
dvojnásobek,trojnásobný,ochutnásobný,ochutnásobek,double,triple
dynastie,říše,horše,dygustin,dynasty,empire
džíp,náklaďák,náklalent,džáť,jeep,truck
prales,les,dos,pranik,jungle,forest
experiment,test,experiatr,teně,experiment,test
expert,specialista,expluh,speciavitel,expert,specialist
faktor,prvek,prsař,tentor,factor,element
falešný,nepravdivé,nebeskýdivé,fahrozný,fake,false
fáze,doba,dočit,zvuze,phase,period
federální,stát,fedecetní,stap,federal,state
filozofie,náboženství,náboženpadla,filozostvím,philosophy,religion
konečný,ultimátní,ultifunkční,kozbytný,final,ultimate
finance,investovat,investostroj,fizrádce,finance,invest
finančně,financování,ušlechnancování,fitrémně,financially,financing
firma,agentura,vtiptura,vlhma,firm,agency
formulář,podepsat,podestvo,formubrat,form,sign
kamera,mikrofon,mikrostřel,kamenout,camera,microphone
fragment,kus,zes,vrstment,fragment,piece
frekvence,signál,otánál,sharvence,frequency,signal
operovat,operace,slavrace,trojrovat,operate,surgery
fyzika,matematika,mateleskoptika,fyotázka,physics,mathematics
galerie,výstava,výhružva,galetích,gallery,exhibition
gang,skupina,chlapina,gasu,gang,group
gauč,postel,pogles,gabl,sofa,bed
generátor,reaktor,reakcent,generáských,generator,reactor
génius,vědec,věmém,gévens,genius,scientist
gesto,čin,lůžto,kán,gesture,act
golf,tenis,tetěz,gofa,golf,tennis
guvernér,senátor,guvermym,senákých,governor,senator
hazard,poker,povaz,hanaut,gambling,poker
hedvábí,bavlna,basteina,bastejna,silk,cotton
helma,čepice,čejížďce,kajma,helmet,hat
hlad,žízeň,žírit,zmad,hunger,thirst
hlas,přízvuk,přínius,hlik,voice,accent
hlavní město,město,ustouní rekto,rekto,capital,city
hlemýžď,želva,úrova,hlemžik,snail,turtle
hlídat,hlídkovat,únoskovat,bosdat,guard,patrol
hluk,zvuk,teuk,zvet,noise,sound
hmota,částice,skvětice,žolta,matter,particle
hmotnost,výška,táčka,doutnost,weight,height
hnědý,modrý,plerý,řekdý,brown,blue
hněv,vztek,vzdák,hnig,anger,rage
hnízdo,vejce,olízdo,déízdo,nest,egg
koníček,sport,osort,konítost,hobby,sport
hodnota,cena,kouna,střínota,value,price
horký,studený,frandený,becký,hot,cold
hormon,adrenalin,oplznalin,horžít,hormone,adrenaline
horní,dolní,opení,dební,top,bottom
hospoda,restaurace,rechuděrace,střípoda,pub,restaurant
hotel,motel,movým,holín,hotel,motel
hotovost,peníze,pevzbuze,hotonách,cash,money
hrát,hra,pta,hrto,play,game
hrdina,zachránce,zastrůjce,středina,hero,savior
hrdlo,krk,rik,hrker,throat,neck
hrdost,důstojnost,důplatnost,hrchat,pride,dignity
hrdý,vzrušený,eneršený,hrtáš,proud,excited
hřích,zločin,zlosák,ivích,sin,crime
hrob,hřbitov,hřbiťan,hruč,grave,cemetery
děsný,hrozný,slovný,bruný,terrible,horrible
hrůza,strach,morach,stůza,horror,fear
hurikán,tornádo,zpátnádo,hurizvuk,hurricane,tornado
husa,kachna,uchána,cesa,goose,duck
přemístit,převést,přetkat,přepraštit,move,transfer
nápad,teorie,teoters,nátví,idea,theory
ideál,perfektní,pertravní,casál,ideal,perfect
ilegální,legální,lenostní,krátgální,illegal,legal
iluze,halucinace,asoze,haluzamčenace,illusion,hallucination
impozantní,úžasný,znamný,impovstupní,impressive,amazing
incident,nehoda,nesprada,inciklad,incident,accident
inspektor,komisař,komijekt,intimtor,inspector,commissioner
inspirovat,inspirace,správspirace,inspirostroj,inspire,inspiration
instinkt,intuice,struktuice,instrast,instinct,intuition
internet,web,hib,interskop,internet,web
invaze,útok,útíč,zprávaze,invasion,attack
inženýr,architekt,archienix,inževích,engineer,architect
ironie,ironický,vstanický,stýnie,irony,ironic
jablko,ovoce,hurce,jatrysko,apple,fruit
jaro,podzim,podpír,jacha,spring,autumn
zjevně,očividně,krátvidně,právně,clearly,obviously
jazz,hudba,rocba,jaoh,jazz,music
jed,zabít,zated,wid,poison,kill
jeden,tři,jeseš,jevíš,one,three
jednoduše,jednoduchý,vařenoduše,jednodustřel,simply,simple
jednotka,divize,divinách,jedchačka,unit,division
jehla,stříkačka,rychkačka,opola,needle,syringe
jev,událost,lív,majlost,phenomenon,event
jídlo,chod,cháž,gujlo,food,meal
již,stále,ješle,puž,already,still
jižní,západní,zánostní,kokní,southern,western
jih,sever,sestu,puh,south,north
jóga,masáž,mapon,mačga,yoga,massage
jurisdikce,autorita,autovzkvéta,juhispánce,jurisdiction,authority
kabel,drát,drbá,drub,cable,wire
kalendář,rozvrh,rozdež,kalenhlas,calendar,schedule
kampaň,volby,hluby,kamkrů,campaign,election
kanál,zprávy,znervy,kalií,channel,news
kancléř,prezident,kancpán,kancbye,chancellor,president
kandidát,volič,voské,zdradidát,candidate,voter
kapacita,schopnost,střelnost,katedrácita,capacity,ability
kapsa,peněženka,penězkouška,kajua,pocket,wallet
kapsle,sonda,arada,brisle,capsule,probe
kariéra,pověst,katedřéra,posteh,career,reputation
karneval,festival,troutival,karnedost,carnival,festival
kašel,horečka,honistka,kaříš,cough,fever
katolík,křesťan,křesšlu,katokrat,catholic,christian
kavalerie,dělostřelectvo,dělothbroklectvo,děloborolectvo,cavalry,artillery
kečup,majonéza,mavzkáza,kemrd,ketchup,mayonnaise
keř,strom,důrom,vyř,bush,tree
kilo,gram,gráz,izolo,kilo,gram
kilometr,metr,mecům,schvalometr,kilometer,meter
kino,divadlo,divachat,bubno,cinema,theater
klan,rodina,roměstna,přan,clan,family
klavír,kytara,směštara,manvír,piano,guitar
kletba,čarodějnice,čarosestřenice,kancba,curse,witch
klíč,zámek,zábat,klvu,key,lock
tichý,klidný,kancný,tišit,quiet,calm
klub,bar,fir,klor,club,bar
knihovna,muzeum,muzerval,antarkna,library,museum
tlačítko,stisknout,střelnout,vzručítko,button,press
kód,heslo,ilulo,šad,code,password
kokain,heroin,sajrain,sračkain,cocaine,heroin
kolega,přítel,příchu,kolesbič,colleague,friend
kolo,kolem,kosat,koneč,round,around
kolonie,federace,fedešlýchce,kolokaus,colony,federation
kombinace,směs,smhr,smup,combination,mixture
komentář,prohlášení,prostředšení,komenslat,comment,statement
reklama,obchodník,obprávník,reklavost,commercial,merchant
komfortní,příjemný,příkrásný,komplicní,comfortable,pleasant
komise,výbor,výlyn,kootřese,commission,committee
kompas,mapa,majem,komděl,compass,map
kompliment,dárek,dánát,komplichod,compliment,gift
konec,dokončit,doznatčit,kohol,end,finish
konečně,nakonec,nakohout,koprávně,finally,eventually
konference,setkání,sevladní,konfeskládce,conference,meeting
konflikt,spor,spri,konpoint,conflict,dispute
konstrukce,stavět,staken,konzkrouce,construction,build
kontakt,spojení,ukryjení,konlark,contact,connection
kontaminace,záření,záchvaní,ochlastaminace,contamination,radiation
konverzace,diskuse,stříkuse,konhypnózace,conversation,discussion
konzervativní,liberální,libefunkční,konzervalegrační,conservative,liberal
kopat,pohřbít,pohřeju,koger,dig,bury
kopec,hora,neura,kotou,hill,mountain
kořist,dravec,dradla,komrít,prey,predator
koruna,trůn,tryř,kosvalna,crown,throne
košile,bunda,smida,zlepšile,shirt,jacket
kost,lebka,ménka,koby,bone,skull
kostel,kaple,chele,znatel,church,chapel
kotva,plachta,truchta,emova,anchor,sail
koupit,prodat,pronál,silpit,buy,sell
kouř,doutník,šrouník,koúm,smoke,cigar
magie,kouzelník,pravzelník,macea,magic,wizard
kouzlo,krása,přisa,křiklo,charm,beauty
krádež,loupež,lougům,krávěd,theft,robbery
královna,král,krábrana,kráobrana,queen,king
královský,království,královnout,předlovský,royal,kingdom
krátký,dlouhý,zpraho,zprahý,short,long
kráva,prase,rozse,cheva,cow,pig
kredit,půjčka,pierka,skudit,credit,loan
krém,omáčka,drážka,svažka,cream,sauce
krev,moč,krní,krnì,blood,urine
kritický,politický,ontotický,gnostický,critical,political
krmit,jíst,lést,krbím,feed,eat
kruh,trojúhelník,kraš,krad,circle,triangle
kuchařka,šéfkuchař,šéfkuspím,kučástka,cook,chef
kultura,civilizace,pozdravilizace,chyttura,culture,civilization
kuře,krocan,krovis,kudlo,chicken,turkey
kůže,tkáň,bosže,tkus,skin,tissue
lasagně,špagety,laflynsa,aparyty,lasagna,spaghetti
stůl,kancelář,kancemoct,hrůl,desk,office
ledvina,játra,vlara,smutvina,kidney,liver
legie,armáda,arfielda,lepen,legion,army
lékařský,psychologický,psykoktejlogický,lécouzský,medical,psychological
tyč,kladivo,střídivo,mýč,stick,hammer
lesba,gay,pey,lestent,lesbian,gay
lesk,zářivý,záklavý,leán,shine,bright
léto,zima,boto,botto,summer,winter
lhát,lhář,lhír,ksát,lie,liar
libra,dolar,donit,úvara,pound,dollar
lichotit,zapůsobit,zapůsostroj,liopustit,flatter,impress
liga,tým,pám,limie,league,team
limonáda,soda,genda,liochutnáda,lemonade,soda
liška,králičí,rostličí,tráka,fox,rabbit
jízdenka,pas,mis,klášdenka,ticket,passport
listopad,prosinec,prositost,listohrál,november,december
loajální,věřící,věříment,loavnitřní,loyal,faithful
lov,rybolov,rybožant,váv,hunting,fishing
lžíce,vidlička,vidchranka,hmoce,spoon,fork
mafie,kartel,karním,mahon,mafia,cartel
magnetický,elektrický,elekblízký,strážnetický,magnetic,electric
veličenstvo,výsost,výtkat,veličestán,majesty,highness
malý,drobný,drotaný,přílý,little,small
malovat,kreslit,klidlit,malostře,paint,draw
manažer,šéf,waf,manazoun,manager,boss
manžel,manželka,manstávka,manříš,husband,wife
maratón,závod,zádia,marariel,marathon,race
mars,venuše,madé,maté,mars,venus
matka,otec,snec,uvěka,mother,father
meč,nůž,tlž,vič,sword,knife
medvěd,vlk,cek,medbým,bear,wolf
měkký,jemný,otoný,udáký,soft,gentle
měsíc,slunce,smrace,měvii,moon,sun
měsíc,týden,týzím,měvii,month,week
měsíční,sluneční,sluchrání,mětentní,lunar,solar
metoda,technika,opranika,metokrát,method,technique
mezinárodní,svět,svdr,svur,international,world
med,máslo,utolo,oud,honey,butter
míle,centimetr,gislatimetr,harle,mile,centimeter
milión,miliarda,milinávnada,milistat,million,billion
milionář,podnikatel,podnikanystr,miliostvím,millionaire,entrepreneur
vně,uvnitř,génitř,udě,outside,inside
ming,štika,žolka,misy,ming,ling
minimální,maximum,maxitkne,minivlastní,minimum,maximum
miska,talíř,tarez,hurka,bowl,plate
místo,umístění,srovtění,řekto,place,location
šampion,bojovník,bolestník,zprápion,champion,fighter
mládí,dětství,bydství,lindí,youth,childhood
mléko,džus,níus,kalko,milk,juice
proslov,kázání,káfortní,prolock,speech,sermon
povídat,mluvit,svívit,povíchod,talk,speak
mnich,kněz,knéd,vdich,monk,priest
kvantita,kvalita,doutlita,omáčtita,quantity,quality
model,prototyp,protomant,mosit,model,prototype
moderní,tradiční,trataktní,mohlavní,modern,traditional
módní,elegantní,elevládní,nižní,fashionable,elegant
mor,epidemie,hlavdemie,str,plague,epidemic
moře,oceán,lanán,ověře,sea,ocean
mariňák,námořnictvo,návlastnictvo,marizert,marine,navy
most,tunel,sust,syst,bridge,tunnel
motiv,alibi,dřebi,movol,motive,alibi
motýl,pták,udák,mosup,butterfly,bird
mozek,intelektuální,intefrastruktuální,momím,brain,cerebral
možná,pravděpodobně,vezná,větná,maybe,probably
mrak,mlha,užiha,mrza,cloud,fog
muž,člověk,játvěk,arž,man,human
mužský,ženský,udeský,balský,male,female
myš,krysa,urš,myksa,mouse,rat
mýtus,legenda,leokráda,mýnea,myth,legend
nabídnout,dát,hýt,nabídství,offer,give
naděje,víra,podra,nazbroje,hope,faith
nádor,rakovina,středkovina,názmi,tumor,cancer
nadpřirozený,paranormální,paranorlegrační,rozzlopřirozený,supernatural,paranormal
nádrž,motor,movej,nánis,tank,engine
nadšení,vášeň,polešení,vznášení,enthusiasm,passion
náhodou,záměrně,zástatně,náhokách,accidentally,intentionally
nahradit,náhradní,nánostní,navzbudit,replace,substitute
naivní,cynický,cysladký,nakrásní,naive,cynical
naivní,hloupý,hlouyo,hloujo,naïve,stupid
najednou,nečekaně,nečezblázně,narostnou,suddenly,unexpectedly
nájemce,pronajímatel,ušlechnajímatel,nákladce,tenant,landlord
námořní,flotila,spektila,náchrání,naval,fleet
napájení,energie,enerder,nahřešujení,power,energy
pít,pivo,stavo,ent,drink,beer
opačný,protichůdný,protistřelný,sladný,opposite,contrary
nářadí,nástroj,nástřed,náklondí,tool,instrument
národní,globální,glorenční,náchrání,national,global
narození,těhotenství,milerození,millerození,birth,pregnancy
následovat,honit,hopře,následoslech,follow,chase
nastat,stát se,skau se,nadent,occur,happen
navigace,sdělení,čtyřlení,navistrukce,navigation,communication
navrhnout,naznačit,nathačit,navrhcích,propose,suggest
název,titul,tidža,nářád,name,title
naživu,mrtvý,kenvý,dlouživu,alive,dead
názor,postoj,podrom,nákdy,opinion,attitude
nebe,nebeský,neflikt,necan,sky,heavenly
nehet,zub,býb,nesis,nail,tooth
jinde,někde,něraj,chůde,elsewhere,somewhere
někdy,často,punto,nětva,sometimes,often
nemocnice,klinika,uvolnika,neprázdnice,hospital,clinic
churavý,nemocný,neslavný,neslavný,ill,sick
nemožný,snadný,švédný,nestejný,impossible,easy
nenávidět,milovat,milostře,nenávistroj,hate,love
neobvyklý,podivný,pokrásný,neoburostlý,unusual,strange
nepohodlný,nepříjemný,neschopjemný,rozzlopohodlný,uncomfortable,unpleasant
nepřiměřený,nezodpovědný,nezodpotrestatný,pozdrapřiměřený,unreasonable,irresponsible
nepřítel,oponent,smrnent,nepřísluš,enemy,opponent
nerv,sval,svza,svuk,nerve,muscle
neschopnost,neschopný,nestrážný,nezvládnost,inability,unable
nešťastný,neštěstí,nepleťtí,nestrašný,unfortunate,misfortune
ošklivý,špinavý,pravnavý,prázdklivý,nasty,filthy
netvor,stvoření,ukraření,nethem,monster,creature
nevinný,vinný,žraný,nekrásný,innocent,guilty
nezbytný,potřeba,poškrába,nesvůdný,necessary,need
neznalost,arogance,hlavgance,neznamech,ignorance,arrogance
nic,něco,rac,něvač,nothing,something
nikdy,vůbec,vůlán,niřek,never,ever
ninja,samuraj,samulong,trhja,ninja,samurai
nízký,vysoký,vykrátký,vrhký,low,high
noc,večer,dac,drc,night,evening
noční můra,sen,nyn,údržní můra,nightmare,dream
normálně,obvykle,obstřel,klášmálně,normally,usually
nobelova,cena,komna,správbelova,nobel,prize
nyní,znát,kóát,sagní,now,know
obálka,balík,bašit,prátka,envelope,package
občas,zřídka,všedka,oblíř,occasionally,rarely
obdivovat,vážit si,vážitchvy,vážchvy si,admire,appreciate
oběť,útočník,úžasník,obho,victim,attacker
obilí,mouka,žička,šišlí,grain,flour
objekt,předmět,obreku,obreau,object,subject
oblíbený,slavný,shroný,oblíšťastný,popular,famous
obrázek,fotografie,fotograstvím,obrádius,picture,photo
obrazovka,monitor,monifest,obrastránka,screen,monitor
obsahovat,obsah,obous,obsahorázná,contain,content
obyčejný,obvyklý,obskvělý,ukončejný,ordinary,usual
odejít,opustit,okoltit,odedii,leave,abandon
odmítnout,přijmout,přistein,odmítcích,refuse,accept
promrhat,strávit,ptátvit,promrstup,waste,spend
smetí,odpadky,odcházky,sbatí,trash,garbage
odpor,odolat,slýlat,odsal,resistance,resist
odpovědět,odpověď,odpofort,odpověstvím,answer,reply
odpovědnost,povinnost,povinkách,odpovědských,responsibility,duty
odpuštění,soucit,souzve,odstřihtění,forgiveness,mercy
odpustit,výmluva,výzvědva,odkroutit,forgive,excuse
odraz,zrcadlo,zrcachat,odích,reflection,mirror
eliminovat,odstranit,odumožnit,okouzminovat,eliminate,remove
odvaha,odhodlání,odvzteklání,odvacích,courage,determination
odznak,uniforma,rychforma,odkrat,badge,uniform
oficiálně,oficiální,atrakciální,kalhociálně,officially,official
oheň,plamen,planii,planič,fire,flame
okno,dveře,špíře,prano,window,door
oko,ucho,maho,kio,eye,ear
okres,čtvrť,uzvrť,dáres,county,district
opice,gorila,gochvála,ličce,monkey,gorilla
stanovit,opravit,vštívit,stasatit,fix,repair
optimistický,realistický,knihovalistický,ušlechtimistický,optimistic,realistic
orchestr,kapela,kapetent,orvestre,orchestra,band
orgasmus,erekce,bramce,orgasgram,orgasm,erection
originál,kopie,komen,agenginál,original,copy
posádka,loď,jiď,portěnka,crew,ship
prdel,zadek,zalel,prják,ass,butt
osel,kůň,ahň,dlel,donkey,horse
osoba,individuální,indiportlanduální,šašba,person,individual
osobní,intimní,inrenční,vlouní,personal,intimate
celebrita,hvězda,glezda,cetableta,celebrity,star
zhouba,osud,drud,feouba,fate,destiny
zahnout,rotovat,rotoství,zahřbít,turn,rotate
vyslýchat,ptát se,vtip se,vyslýstup,question,ask
otvíračka,zavíračka,zavízkouška,otvízkouška,opening,closure
otevřít,zavřít,zanaut,otevust,open,close
otrok,služebník,služebrech,otkaž,slave,servant
pacifik,atlantik,atlangley,pacicech,pacific,atlantic
palác,hrad,hret,panuk,palace,castle
monument,socha,sopad,monuchod,monument,statue
lord,lady,lalat,loři,lord,lady
panenka,hračka,clauka,pahrávka,doll,toy
milenka,milenec,milegram,miobálka,mistress,lover
papír,pero,pejít,panát,paper,pen
paranoidní,šílený,eleklený,paranolegrační,paranoid,crazy
parlament,senát,sečan,parlajdeš,parliament,senate
past,návnada,nelhada,rost,trap,bait
pavouk,hmyz,ukyz,panaut,spider,insect
pěkný,půvabný,půmléčný,evaný,nice,lovely
pes,kočka,konía,mis,dog,cat
pevně,silně,burně,sobně,firmly,strongly
piknik,kempování,zprošpování,lebnik,picnic,camping
pink,cink,cico,senk,ping,ding
pirát,námořník,námořskou,pibus,pirate,sailor
pistole,zbraň,udraň,zmlátole,pistol,weapon
pitva,analýza,techlýza,vatva,autopsy,analysis
plán,strategie,chejtegie,plzů,plan,strategy
planeta,obíhat,lodhat,stihneta,planet,orbit
playboy,časopis,playgan,playghan,playboy,magazine
pláž,pobřeží,poslanží,plag,beach,coast
plocha,zóna,hilna,tercha,area,zone
plošina,stanice,uvolnice,rychšina,platform,station
pluk,prapor,pramut,plšt,regiment,battalion
plus,mínus,mímen,plsk,plus,minus
plyn,palivo,paligent,plív,gas,fuel
pobyt,zůstat,zůznal,pokok,stay,remain
počet,vypočítat,vypočíských,poříš,count,calculate
populace,lidé,populnésie,počet obyvdonésie,population,people
pochybovat,tušit,tulek,poneslibovat,doubt,suspect
čekat,očekávat,únoskávat,čegie,wait,expect
podcenit,přehánět,strukcenit,strukcenění,underestimate,exaggerate
podlaha,koberec,kobenést,stihlaha,floor,carpet
podobný,odlišný,odvěstný,pokrásný,similar,different
podpora,asistence,sekunstence,rychpora,support,assistance
pád,kolaps,peť,konaši,fall,collapse
hrnek,káva,hrákl,pokls,cup,coffee
výhled,perspektiva,výtrem,pergislativa,view,perspective
pohostinnost,vděk,vdob,pohostinstroj,hospitality,gratitude
koncept,definice,dezbrojnice,konvřít,concept,definition
poklad,bohatství,polink,bohatvích,treasure,wealth
pokoj,ložnice,povak,"pokoj, míaumont",room,bedroom
ponížit,skromný,stružný,ponyjit,humble,modest
postupovat,pokračovat,poslechčovat,poslechčovat,proceed,continue
pokrok,rozvoj,rozdea,poznak,progress,development
zakrýt,skrýt,zatřít,sklůrt,cover,hide
polévka,salát,sabav,posistka,soup,salad
předpis,politik,přehrous,pozhroutika,policy,politician
poloměr,obvod,oblík,polotost,radius,perimeter
polovina,čtvrtina,zpratina,pohřbítvina,half,quarter
polykat,žvýkat,zděkat,polyžích,swallow,chew
pomalu,rychle,sklele,posvětlu,slowly,quickly
pomalý,rychlý,sklelý,pokroklý,slow,fast
zabránit,pomoct,pojekt,zachonit,help,assist
pomsta,spravedlnost,vlastvedlnost,posmím,revenge,justice
pondělí,úterý,odorý,vztadělí,monday,tuesday
ponorka,člun,ijď,psun,submarine,boat
popel,prach,prnáh,pofon,ash,dust
popsat,vyjádřit,pohlub,vyjádruk,describe,express
požadavek,žádost,pohranek,poaranka,demand,request
porno,film,fiaj,tróno,porn,movie
portál,brána,kurna,porčou,portal,gate
poškrábat,pohmoždit,povstadit,poznatbat,scratch,bruise
poslouchat,slyšet,delšet,poslouským,listen,hear
pošta,fax,rix,tučta,mail,fax
postavení,pozice,postřece,pobroskvení,status,position
potenciál,talent,takrýt,pozůstaciál,potential,talent
potěšení,radost,rabert,poneslyšení,pleasure,joy
potrestat,zatknout,pokoustat,zachvele,punish,arrest
potvrzení,potvrdit,poproudit,poslechzení,confirmation,confirm
poušť,údolí,pokáť,poøáť,desert,valley
povolení,schválení,uzdralení,poslechlení,permission,approval
pozdě,brzy,chózy,zdůdě,late,early
pozitivní,negativní,negavlastní,pozivlastní,positive,negative
pozornost,přitahovat,vzkvétahovat,pozorství,attention,attract
pozorování,hodnocení,warrenocení,vařenocení,observation,evaluation
zaměstnání,práce,fekce,zomvjěstní,job,work
prasknout,explodovat,kousknout,lousknout,burst,explode
pravděpodobnost,pravděpodobně,zvláštěpodobnost,zvláštěpodobně,probability,likely
pravidlo,protokol,protovřít,pravivost,rule,protocol
právník,žalobce,žaspekce,půjčník,lawyer,prosecutor
procvičovat,cvičit,rukčit,sekuncvičovat,practice,exercise
prázdný,plný,radný,praskný,empty,full
přední,zadní,pradní,vladní,front,rear
představivost,tvořivost,tvořinech,představideích,imagination,creativity
překážka,výzva,výnud,převznika,obstacle,challenge
překvapení,zklamání,chanmání,přeochlupení,surprise,disappointment
přerušit,rušit,rulek,přeruském,interrupt,disturb
přezdívka,příjmení,přífekční,přetránka,nickname,surname
příchod,odchod,odland,příland,arrival,departure
přijet,přijít,přimus,přisah,arrive,come
rozkazovat,poroučet,pověstčet,chřipkazovat,command,order
přímý,přímo,formo,kromý,direct,directly
princezna,princ,proäc,promc,princess,prince
přinést,poslat,přivšít,připlet,bring,send
toust,slanina,čtvrnina,torit,toast,bacon
příprava,plánování,zbrojnování,přístřeva,preparation,planning
připravený,připravit,připratech,přitectivený,ready,prepare
připustit,doznat,dozvěd,přistoutit,admit,confess
přírodní,umělý,příchotní,přístupní,natural,artificial
přirozeně,obecně,efekně,sekunrozeně,naturally,generally
přísahat,přísaha,rychsaha,přísastup,swear,oath
přistání,let,tít,dýt,landing,flight
přistát,létat,lépor,přikost,land,fly
přitažlivý,okouzlující,usvědlující,přislechlivý,attractive,charming
přítomnost,absence,abkrytce,přítomstvo,presence,absence
privilegium,čest,lost,ušlechvilegium,privilege,honor
potíž,problém,prokham,poham,trouble,problem
proces,postup,poford,prodiu,process,procedure
prodejce,kupující,uprchpující,prozrádce,seller,buyer
prodejna,obchod,probrovna,probrowna,shop,store
profil,popis,pobre,prožák,profile,description
prohlídka,koncert,konstro,proznámka,tour,concert
projekt,program,prokris,prokrýt,project,program
najmout,pronajmout,protrestat,najmpít,hire,rent
právě,nedávno,netechno,špivě,just,recently
protein,vitamín,vitaváhu,protrou,protein,vitamin
protest,demonstrace,protalo,protklo,protest,demonstration
protijed,vakcína,úklicína,protitkli,antidote,vaccine
proud,elektřina,sestřična,prdad,current,electricity
provozní,funkční,sekunní,sekunní,operational,functional
prozkoumat,vyšetřovat,vyprázdřovat,prohlédmat,examine,investigate
prst,palec,panět,lést,finger,thumb
prsten,náhrdelník,náhrvštěvník,prsnáš,ring,necklace
průjem,nevolnost,nevolství,průžit,diarrhea,nausea
průmysl,doušek,darmysl,hlůšek,industry,business
půlnoc,poledne,pofoukne,pohoukne,midnight,noon
puls,tlak,urak,pufr,pulse,pressure
pusa,obejmout,slijmout,pucí,kiss,hug
puška,pistole,hříštole,šička,rifle,gun
pyramida,struktura,pyraruda,pyraalfreda,pyramid,structure
rada,radit,ratón,rasis,advice,advise
radar,družice,vzděžice,ravět,radar,satellite
rádio,televize,televiathan,rámeš,radio,television
ráj,peklo,pereo,díj,paradise,hell
raketa,střela,buchla,bumla,rocket,missile
rakev,pohřeb,poplex,ralář,coffin,funeral
rameno,koleno,střeleno,spuseno,shoulder,knee
rána,zranění,sklenění,okenění,wound,injury
rasista,komunista,komulebrita,ralebrita,racist,communist
ráže,kulka,manka,chlaka,caliber,bullet
razítko,podpis,podsey,podset,stamp,signature
realita,fantazie,fantashou,reavzkvéta,reality,fantasy
realizovat,rozumět,rozuspal,gallagherealizovat,realize,understand
recepce,párty,zcety,restrace,reception,party
regionální,místní,ocitní,regiostrukční,regional,local
řeka,jezero,chlazero,rážka,river,lake
inzerce,marketing,inotekce,markesina,advertising,marketing
příbuzný,bratranec,střítranec,příklidný,relative,cousin
ret,tvář,fít,plář,lip,cheek
řetěz,lano,latel,řeviň,chain,rope
rezavý,zaprášený,zastřelšený,rezastav,rusty,dusty
rezignace,propuštění,pronajmetění,reodrovnace,resignation,dismissal
říci,sdělit,uralit,říseň,say,tell
řídit,jízda,zkuda,říský,drive,ride
římský,řecký,hydký,rátský,roman,greek
riskantní,nebezpečný,nebezšťastný,risosobní,risky,dangerous
rituál,obřad,obžet,rituchod,ritual,ceremony
ovládat,manipulovat,rozzlonipulovat,dvojdat,control,manipulate
řízení,správní,uprchní,říhlavní,management,administrative
riziko,nebezpečí,nešťastpečí,richarko,risk,danger
robot,stroj,důroj,ronar,robot,machine
rodeo,kovboj,ucíboj,rorah,rodeo,cowboy
roh,alej,suh,ush,corner,alley
roh,pískat,suh,ush,horn,whistle
romeo,jůlie,jůven,ročas,romeo,juliet
rostlina,květina,obáltina,slovlina,plant,flower
roztříštit,rozbít,rozaplika,rozčák,smash,break
rozbuška,časovač,časobách,rozchylka,detonator,timer
rozpočet,financování,firewallucování,firemcování,budget,funding
roztržení,střih,zářih,sekuntržení,tear,cut
rozvod,manželství,manželkých,rozleh,divorce,marriage
rtěnka,parfém,parfua,routka,lipstick,perfume
ruka,paže,patit,nička,hand,arm
rukojmí,vězeň,věbit,rubeský,hostage,prisoner
rum,koňak,kokol,jem,rum,cognac
rytmus,styl,zenmus,pryl,rhythm,style
sám,osamělý,vzdámělý,orm,alone,lonely
šance,možnost,ukanost,hesce,chance,possibility
sát,lízat,lílík,zot,suck,lick
sbírat,shromáždit,krismáždit,zdorat,collect,gather
sebevražda,vražda,umožda,sebesekunda,suicide,murder
šek,ověřovat,agenřovat,juk,check,verify
sekce,odstavec,odstajdou,vozce,section,paragraph
sekundární,hlavní,vlítní,střetdární,secondary,primary
seminář,přednáška,chutnáška,semisích,seminar,lecture
sendvič,hamburger,vztaburger,selývič,sandwich,hamburger
seniorní,juniorní,juniorpheus,juniorfeus,senior,junior
senzační,okázalý,chruzalý,čtvrzační,sensational,spectacular
senzor,vysílač,vysíctou,senple,sensor,transmitter
série,epizoda,trouzoda,séděl,series,episode
šerif,starosta,předrosta,šebum,sheriff,mayor
servis,údržba,stížba,serčer,service,maintenance
seržant,poručík,porustat,serhřát,sergeant,lieutenant
sestra,bratr,siltr,chutra,sister,brother
sexuální,fyzický,fykrátký,setechiální,sexual,physical
sherlock,watson,zhuson,atenlock,sherlock,watson
síla,platnost,vražnost,ukála,strength,force
šílenství,hloupost,hloupoté,šílentýnu,madness,stupidity
silnice,dálnice,chronice,opranice,road,highway
silný,slabý,harbý,dobný,strong,weak
singl,ženatý,ženadech,pytgl,single,married
sirotčinec,klášter,kryster,siusvědčinec,orphanage,convent
síť,systém,emotém,onť,network,system
situace,krize,tanze,chlastuace,situation,crisis
skála,kámen,bojla,rvala,rock,stone
sklenka,láhev,láxid,středka,glass,bottle
skořice,vanilka,vapouška,ušetřice,cinnamon,vanilla
kabinet,skříň,zoříň,kasvinet,cabinet,closet
skutečný,pravý,nemochřestý,prastý,true,real
slavný,sláva,úrova,branný,glorious,glory
slepý,hluchý,hlused,krapý,blind,deaf
slovník,fráze,ileze,soudník,dictionary,phrase
slovo,věta,lista,vesvo,word,sentence
sluch,zkouška,zbrojka,bauch,hearing,trial
slušný,upřímný,urychný,skrýný,decent,honest
ukázat,indikovat,chlařozat,chlařovat,point,indicate
směšný,absurdní,stopný,stojný,ridiculous,absurd
smlouva,dohoda,doovláda,sekunva,contract,agreement
smrt,zmizení,uspození,birt,death,disappearance
smrtící,fatální,falýchní,zjistící,deadly,fatal
smutný,tragický,tracyhoký,ušetný,sad,tragic
zkusit,pokus,poseň,zkudel,try,attempt
sobota,neděle,nepředle,sobolest,Saturday,Sunday
software,počítač,počímers,zbytware,software,computer
soubor,dokument,dokuvzdá,souval,file,document
součet,množství,ujížství,souříš,sum,amount
soucitný,štědrý,snadrý,soumluvný,compassionate,generous
soud,soudce,trukce,sopr,court,judge
soukromý,soukromí,souoznámí,souzřejmý,private,privacy
zaměřit,soustředit,souhmoždit,zaměkčit,focus,concentrate
soutěž,mistrovství,mistrovpadlo,soumut,competition,championship
špatně,správně,uprchně,vštívně,wrong,correct
speciální,unikátní,univrchní,vlastciální,special,unique
spiknutí,podvod,poddia,šťounutí,conspiracy,fraud
páteřní,břišní,květnařní,květnalý,spinal,abdominal
špinavý,nechutný,nespraný,rychnavý,dirty,disgusting
špionáž,sabotáž,sabotomejch,sabotejch,espionage,sabotage
spokojený,šťastný,praskný,vlastkojený,satisfied,happy
společnost,korporace,transporace,společkách,company,corporation
společnost,společenství,společenpadla,společkách,society,community
spustit,aktivovat,spusem,spouěm,trigger,activate
správa,vláda,kamda,svátva,administration,government
spravovat,uspět,kópět,techvovat,manage,succeed
sprcha,koupelna,kouuznána,kouznána,shower,bathroom
stadión,baseball,basespal,bloudión,stadium,baseball
starý,mladá,fardá,konrý,old,young
stěna,plot,izot,zigna,wall,fence
stín,temný,stej,semný,shadow,dark
štít,zbroj,icroj,šted,shield,armor
stížnost,obvinění,obprázdnění,smetnost,complaint,accusation
století,desetiletí,deantarktiletí,kresletí,century,decade
lézt,skákat,bankat,léma,climb,jump
střelec,odstřelovač,odbouchlovač,střejít,shooter,sniper
střelný prach,dynamit,dynahled,ztrosný hlach,gunpowder,dynamite
stres,deprese,dethouse,důres,stress,depression
střízlivý,opilý,hlulý,ztroslivý,sober,drunk
strýc,táta,špito,špita,uncle,dad
student,učitel,houtel,stuving,student,teacher
stůl,židle,žinae,stíň,table,chair
suchý,mokrý,cdčrý,cučrý,dry,wet
sukně,šaty,žvýty,fráně,skirt,dress
superman,batman,bazaan,batmus,superman,batman
svačina,oběd,obsp,obup,snack,lunch
svázat,kravata,usmívata,sváliv,bind,tie
svědek,svědectví,svědecvost,svěchá,witness,testimony
lampa,svíčka,lamena,svíhřbena,lamp,candle
svoboda,demokracie,demopistácie,bramboda,freedom,democracy
svobodně,volný,stuný,klášbodně,freely,free
symptom,syndrom,synzlob,kemptom,symptom,syndrome
tabák,cigareta,cigaplachta,tacuj,tobacco,cigarette
tableta,pilulka,pisvíčka,lebrita,tablet,pill
tábor,vesnice,chránice,tápec,camp,village
tady,tam,pím,tamin,here,there
sekretářka,asistent,asischař,sekrezkouška,secretary,assistant
skrytý,tajemství,tajemnout,skontý,secret,mystery
tlačit,táhnout,mranout,kručit,push,pull
tanečník,tanec,tazie,taprávník,dancer,dance
tát,zmrazit,cét,zjisdit,melt,freeze
tatínek,maminka,mapráska,tatížích,daddy,mum
taxi,limuzína,limupotkana,taráš,taxi,limousine
technický,mechanický,mestřednický,opranický,technical,mechanical
technologie,věda,věsit,visit,technology,science
tekutý,tekutina,tešlechtina,tekupech,liquid,fluid
telegram,dopis,donět,telepých,telegram,letter
tělo,mrtvola,dvojvola,nadlo,body,corpse
tenký,tlustý,kristý,plyký,thin,thick
teplo,teplota,zdralota,spálo,heat,temperature
teplý,chladný,chřipný,doblý,warm,cool
terapie,léčba,hejba,teraland,therapy,treatment
terminál,letiště,lenosttě,lenostě,terminal,airport
tetování,jizva,puzva,tetofunkční,tattoo,scar
text,báseň,bápie,teté,text,poem
těžký,těžce,pince,vecký,heavy,heavily
tichý,umlčet,rhočet,tires,silent,silence
tisíc,sto,dro,tibon,thousand,hundred
tkanina,kapesník,kažlučník,ochrnina,cloth,handkerchief
tma,světlo,ova,owa,darkness,light
toaleta,dřez,transplanleta,dřus,toilet,sink
touha,přání,svoní,jesha,desire,wish
továrna,výroba,výsledba,touhelna,factory,production
trápení,mučení,dvojčení,chlapení,torment,torture
trasa,cesta,nauta,přisa,route,path
trenér,hráč,hrfů,hrůf,coach,player
trest,uvěznění,trnét,uvězdice,penalty,imprisonment
třetí,čtvrtý,kristý,jmutí,third,fourth
třída,škola,klela,nadla,class,school
trik,žert,žema,trno,trick,joke
trofej,medaile,mevzdále,elifej,trophy,medal
trouba,kamna,svona,rostba,oven,stove
trpěliví,klienta,trtkliví,trstřízliví,patient,client
trpělivost,soucit,přecit,trpělistroj,patience,compassion
trpět,zemřít,zežant,trzej,suffer,die
tuňák,humr,husd,meňák,tuna,lobster
turnaj,zápas,zámit,turdio,tournament,match
tvorba,zničení,dvojčení,blouba,creation,destruction
tvrdohlavý,sobecký,sosladký,sekundohlavý,stubborn,selfish
silný,tvrdý,koudý,siviý,tough,hard
typický,klasický,klaďoučký,tysladký,typical,classic
blízko,daleko,světleko,zřídko,near,far
ubohý,patetický,plačtetický,zmahý,miserable,pathetic
účel,záměr,ovel,ouel,purpose,intention
učit se,učit,uvit se,učka,learn,teach
úcta,důvěra,důstaura,šita,respect,confidence
udělat,dělat,dězíš,brilat,make,do
udeřit,praštit,značtit,táhřit,hit,strike
ufo,mimozemšťan,mimotrestat,špo,ufo,alien
uhlí,ropa,ronie,norlí,coal,oil
uhlík,vodík,vobij,uhdeš,carbon,hydrogen
ukázat,výkon,šekzat,výtnu,show,performance
úkol,mise,srol,mikoj,task,mission
ukrást,okrást,můrást,ukjíst,steal,rob
umělec,malíř,makdo,uměnět,artist,painter
umění,literatura,pozdrateratura,timní,art,literature
umožnit,poskytnout,pobuchnout,směšnit,enable,provide
unavený,hladový,středový,vpředový,tired,hungry
odvléci,unést,unice,odacéci,kidnap,abduct
únosce,výkupné,šlechce,vývzorné,kidnapper,ransom
úplatek,vydírání,ústředírání,úplafie,bribe,blackmail
přívěs,dodávka,doznatka,přírok,trailer,van
uprchlík,utečenec,vražčenec,uprchpis,refugee,fugitive
uprchnout,uniknout,quinnout,zavnout,flee,escape
kapka,doušek,spánka,plašek,drop,sip
pohanět,urazit,urajem,povajnět,insult,offend
urgentní,pohotovost,pohotostroj,urhlavní,urgent,emergency
lapnout,chytit,doltit,orinout,grab,catch
ušlechtilý,statečný,předtečný,legračtilý,noble,brave
úsměv,smích,vlích,úsjev,smile,laugh
úspěch,selhání,seuvězní,zípěch,success,failure
uspořádat,organizovat,organizotečnej,prinřádat,arrange,organize
ústa,nos,lus,ramta,mouth,nose
ustaraný,nervózní,vražvový,vražvózní,worried,nervous
útočiště,přístřeší,příkdejší,špatčiště,refuge,shelter
utopit,plavat,znávat,zmípit,drown,swim
utrpení,bolest,bomant,ovlápení,suffering,pain
užitečný,efektivní,švédtivní,opratečný,useful,effective
úzký,široký,šislizký,mocký,narrow,wide
uznat,věděl,věšit,vínat,recognize,knew
vagina,penis,pevač,střígina,vagina,penis
válka,bitva,pečka,rečka,war,battle
vánoce,svátek,krutek,technoce,christmas,holiday
varování,zpráva,špatva,skromrování,warning,message
včela,mravenec,vzpovenec,larla,bee,ant
vděčný,poděkovat,poděkomiksy,vznáný,grateful,thank
vdova,žena,stuna,břiva,widow,woman
večeře,snídaně,opradaně,veopatře,dinner,breakfast
věčný,navždy,nasáda,utrný,eternal,forever
spravedlivý,rozumný,rošpatný,vlastvedlivý,fair,reasonable
velikost,délka,stýka,velinách,size,length
velitel,kapitán,kapipsat,velivost,commander,captain
velký,obrovský,obrovnost,stáký,big,huge
extrémně,velmi,trami,exkluzně,extremely,very
velvyslanec,ministr,mizpřetr,velvybouchnec,ambassador,minister
ven,o,gö,go,out,about
ventil,ventilace,skromtilace,venvěr,valve,ventilation
vepřové,maso,maxie,ustařové,pork,meat
věrnost,oddanost,oddatech,clenost,fidelity,devotion
věrnost,poctivost,poctinách,clenost,loyalty,honesty
vesmír,galaxie,vledír,vedaír,universe,galaxy
většina,hlasování,skromsování,zlepšina,majority,vote
veverka,mýval,mýtit,mýtat,squirrel,raccoon
věž,budova,budoních,zež,tower,building
vidět,potkat,sefekt,potekt,see,meet
víno,šampaňské,nikno,nigno,wine,champagne
virus,infekce,intrance,vikin,virus,infection
vítězství,porážka,poklepka,vítěznout,victory,defeat
vítr,bouřka,krouka,víjím,wind,storm
vlajka,symbol,symsví,alerka,flag,symbol
vlak,autobus,autoznáš,vlči,train,bus
vlastně,opravdu,ztřešně,dutýdu,actually,really
vlastnictví,majitel,majiných,střednictví,property,owner
vlasy,vousy,bibsy,kresy,hair,beard
vliv,účinek,očiv,oživ,influence,effect
vložit,dát,rýt,hýt,insert,put
vnitřní,externí,exchanní,zmáčkní,internal,external
vnuk,synovec,vnat,vnft,grandson,nephew
voják,bojovník,bodeštník,votar,soldier,warrior
volání,telefon,telepnul,vochodní,call,telephone
vole,brácho,bráler,vovat,dude,bro
vozidlo,auto,auješ,vozichat,vehicle,car
vrstva,povrch,povdáš,státva,layer,surface
generál,plukovník,geohrál,všeovzdušné,general,colonel
vstoupit,jít,irt,rit,enter,go
vtipný,legrační,úchvatní,úkvapní,witty,funny
volba,možnost,ananost,braba,choice,option
zvolit,vybrat,vysvit,tholit,choose,select
vyděsit,vystrašit,vyzkoušit,vyděrech,scare,frighten
stát,sedět,selec,stro,stand,sit
hledat,najít,hlekop,vykopnuldávání,search,find
výjimečný,pozoruhodný,pozorutrestaný,výjischopný,exceptional,remarkable
vynikající,skvělý,slušlý,sestřenikající,excellent,great
výrobce,ředitel,ředikých,výčtyřce,producer,director
výročí,narozeniny,narozenivit se,výroskop,anniversary,birthday
následek,výsledek,výslechal,náshadek,result,outcome
kolej,univerzita,vlastverzita,vonlej,college,university
poplach,alarm,onarm,poflikt,alert,alarm
výstřel,střílet,stříčíš,výstraž,shot,shoot
výstup,vstup,výkypr,kotup,exit,entrance
vysvětlení,přijatelný,přijakousiný,vyzrychlení,explanation,plausible
vytvořit,vyrobit,vyrodých,vyušetřit,create,produce
evoluce,mutace,krystace,frekluce,evolution,mutation
výzkum,studie,stusky,výmknu,research,study
význam,důležitost,důležipadla,výpral,meaning,importance
vyzvědač,zrádce,státce,vyzvěplom,spy,traitor
vzdálenost,rychlost,sklelost,vzdálesbič,distance,speed
vzduch,kyslík,týplík,móduch,air,oxygen
vždy,neustále,neustájmout,ďády,always,constantly
vzrušující,zajímavý,zajímanager,zajímanažer,exciting,interesting
vztah,přátelství,přátelnost,octah,relationship,friendship
washington,boston,uvíton,waplankton,washington,boston
whisky,vodka,třeka,opusky,whiskey,vodka
první,poslední,poemoční,revní,first,last
žába,ještěrka,chvátěrka,tamba,frog,lizard
zabiják,vrah,vrbí,zabichům,killer,murderer
zabránit,zastavit,zakrýtvit,zavřítnit,prevent,stop
zachovat,udržovat,dloužovat,zavražvat,preserve,maintain
osvobození,zachránit,zakrýtnit,osvocuzení,rescue,save
záchranka,helikoptéra,pozdralikoptéra,zásklenka,ambulance,helicopter
zpátky,vrátit se,skatky,skaní,back,return
zakázaný,zakázat,zakárech,zakázaslech,forbidden,prohibit
základna,ústředí,vznikní sídlo,vznikedí,base,headquarters
zákon,ústava,mrňava,závia,law,constitution
záliv,přístav,příznat,příkrad,bay,harbor
žaludek,hruď,hrtj,hryj,stomach,chest
zamčený,zavřený,zašpatný,zaopačný,locked,closed
západ,východní,výzantní,zámus,west,east
západ slunce,svítání,atentání,zámám služíšův,sunset,dawn
zásnuby,svatba,částba,záhouby,engagement,wedding
zapomenout,zapamatovat si,zapomelisy,zapamateřský si,forget,remember
září,říjen,řípak,zázna,september,october
vybavení,vybavit,vybasáda,vybafunkční,equipment,equip
žárlivý,rozzlobený,gentlebený,zvětlivý,jealous,angry
záruka,slib,slťo,sloť,guarantee,promise
zasloužit si,hodný,wilný,nilný,deserve,worthy
nálož,náklad,nágram,nátér,load,cargo
závěr,předpoklad,předpočích,zálad,conclusion,assumption
pověšení,poprava,pověpřený,tectava,hanging,execution
nahrát,záznam,naspít,záspím,record,recording
zbytečný,bezcenný,bezslušný,identečný,useless,worthless
odpočívat,spát,hlát,odpočístroj,rest,sleep
zdraví,vzdělání,ocitlání,vštíví,health,education
zdravý,normální,vzpomální,vzpový,healthy,normal
zdřímnutí,procházka,prošpička,otřesnutí,nap,stroll
zdroj,informátor,inaranžmátor,ovroj,source,informant
zdvořilý,přátelský,ohrotelský,efekřilý,polite,friendly
vpravo,vlevo,ženvo,shrovo,right,left
železo,kov,zav,želestav,iron,metal
zelený,oranžový,umísžový,kapslený,green,orange
země,národ,nádum,zevíš,country,nation
zemědělec,pracovník,prazkumník,zeměděstvím,farmer,worker
zemětřesení,výbuch,výsumé,zevnějšsení,earthquake,explosion
ženich,nevěsta,neagenta,žečils,groom,bride
žíla,tepna,rárna,snála,vein,artery
zisk,příjem,příbou,čísk,profit,income
získat,vyhrát,myškat,vysvět,gain,win
žít,přežít,kůt,překej,live,survive
zítra,ráno,hosno,skrytra,tomorrow,morning
prostředí,atmosféra,sekunmosféra,protěžedí,environment,atmosphere
zjevení,vize,pravdění,prze,revelation,vision
prohlídka,inspekce,proklidka,zklidka,examination,inspection
zkušenost,znalost,parlost,zkušeství,experience,knowledge
zlatý,stříbrný,elekbrný,histý,golden,silver
zlo,krutost,šamtost,ošo,evil,cruelty
zloděj,zločinec,svědčinec,zlonin,thief,criminal
změna,zlepšení,uznášení,delna,change,improvement
značka,produkt,prosoft,ztráka,brand,product
znepokojení,obava,ochrankojení,omeva,concern,worry
žoldák,asasín,brýsín,žolšel,mercenary,assassin
zombie,upír,otír,zomvír,zombie,vampire
zoo,cirkus,dánkus,žao,zoo,circus
zotavit se,vyléčit,vylécích,zotanastie,recover,heal
zpěvák,hudebník,huslušník,dorvák,singer,musician
zpravit,informovat,informostroj,vzruvit,report,inform
zpravodaj,novinář,novitost,dlouvodaj,reporter,journalist
žralok,ryba,ryčit,žratuď,shark,fish
ztroskotanec,vítěz,vífou,chcípkotanec,loser,winner
žurnalistika,politika,pravilistika,disneynalistika,journalism,politics
rovnováha,harmonie,klidmonie,vnitřnováha,balance,harmony
zvážit,přemýšlet,přezdívlet,gložit,consider,think
zvýšit,snížit,zdržit,štěšit,increase,reduce
