de_cue,de_target,de_fake_target,de_fake_cue,en_cue,en_target
abendessen,frühstück,kranstück,aberfessen,dinner,breakfast
abfall,ausgeben,ausgefähr,abstei,waste,spend
absolut,vollständig,hausständig,absobill,absolutely,completely
spielen,spiel,triel,strielen,play,game
abzeichen,uniform,sitform,abzeitung,badge,uniform
auslöser,aktivieren,astivieren,abweh,trigger,activate
affe,gorilla,golanda,friefe,monkey,gorilla
afrika,amerika,feldrika,breika,africa,america
agent,detektiv,deteklet,agilt,agent,detective
ähnlich,unterschiedlich,untersprünglich,applich,similar,different
aids,hiv,eiv,aiza,aids,hiv
aktentasche,koffer,hubfer,aktentaments,briefcase,suitcase
aktiv,aktivität,aktividenz,aklon,active,activity
ermöglichen,bieten,munten,ersaglichen,enable,provide
warnen,alarm,allom,wasnen,alert,alarm
alptraum,traum,treem,faktraum,nightmare,dream
album,lied,ligu,alzar,album,song
alkohol,droge,troge,alkoader,alcohol,drug
allee,straße,fahrße,alurg,avenue,street
allein,einsam,horsam,altens,alone,lonely
general,oberst,lierst,ginaldal,general,colonel
alt,jung,jubi,ont,old,young
lebend,tot,omt,ledart,alive,dead
amateur,fachmann,fachmord,amazeln,amateur,professional
analytiker,ermittler,erlaubler,kleinlytiker,analyst,investigator
anarchie,kapitalismus,kapitasprachmus,anarborn,anarchy,capitalism
anatomie,psychologie,kleinchologie,kryntomie,anatomy,psychology
anderswo,irgendwo,irchetwo,anchetwo,elsewhere,somewhere
anforderung,anfrage,anspiege,anfordeschei,demand,request
angebot,geben,gebenkees,angestal,offer,give
anhänger,lastwagen,kastbagen,ansteiger,trailer,van
anker,segel,sekun,anfra,anchor,sail
ankommen,kommen,kommennder,angreimen,arrive,come
ankunft,abfahrt,abschüt,anwurst,arrival,departure
anliegen,sorge,dauge,andogen,concern,worry
anonym,unbekannt,unbesieht,anence,anonymous,unknown
anruf,telefon,teleiert,anval,call,telephone
ansicht,perspektive,perflüchtive,anschub,view,perspective
anständig,ehrlich,gaslich,andersdig,decent,honest
antworten,antwort,jeswort,willworten,answer,reply
anwalt,staatsanwalt,staatsanvers,anport,lawyer,prosecutor
anwenden,verwenden,verrückern,angrifden,apply,use
zählen,berechnen,begleinung,zühler,count,calculate
nummer,adresse,aschwirt,nammel,number,address
apfel,obst,frouht,aptur,apple,fruit
job,arbeit,arvoll,gol,job,work
operieren,chirurgie,wollurgie,aperaten,operate,surgery
arena,schlachtfeld,schlachtlern,gisna,arena,battlefield
ärger,problem,probrik,ärche,trouble,problem
arm,reich,refeh,eam,poor,rich
armut,elend,gwend,ardon,poverty,misery
arsch,hintern,tretern,ardeh,ass,butt
arsenal,waffenkammer,waffenreichmer,arsespre,arsenal,armory
artefakt,medaillon,meechelon,arteider,artifact,medallion
artikel,zeitung,gastung,artisung,article,newspaper
asche,staub,strib,asice,ash,dust
aspirin,morphium,morlockum,aspitals,aspirin,morphine
astronaut,pilot,piwer,astrokirk,astronaut,pilot
atomar,nuklear,nupfarrer,gibmar,atomic,nuclear
attraktiv,charmant,charmiss,atmesttiv,attractive,charming
aufgabe,mission,charsion,stargabe,task,mission
aufmerksamkeit,anziehen,anfallhen,auftragssamkeit,attention,attract
aufregend,interessant,intereskleid,aufrecher,exciting,interesting
auge,ohr,mur,eugi,eye,ear
aus,über,läer,ons,out,about
ausfahrt,eingang,einhaft,senfahrt,exit,entrance
ausgezeichnet,großartig,fistartig,ausgefühlsnet,excellent,great
ausrüstung,ausstatten,ausrüslauf,ausrüskeit,equipment,equip
außen,innen,innes,autig,outside,inside
außergewöhnlich,bemerkenswert,bemermarktwert,außergemenschlich,exceptional,remarkable
äußerst,sehr,selb,äuheiss,extremely,very
auswahl,möglichkeit,möglichrung,ausrohr,choice,option
autogramm,fotograf,fototech,autobruch,autograph,photographer
autopsie,analyse,scholyse,autoppeln,autopsy,analysis
autor,schauspieler,schauhändler,augus,author,actor
baby,kind,kiza,bagie,baby,child
balance,harmonie,harmoters,basource,balance,harmony
banane,erdbeere,schobeere,banalist,banana,strawberry
bankwesen,finanzen,finanzilicht,kokkweden,banking,financial
banker,investor,inproctor,derker,banker,investor
bär,wolf,wobu,gor,bear,wolf
baron,gräfin,rüsfin,batis,baron,countess
basis,hauptquartier,hauptquarbung,einsis,base,headquarters
basketball,football,footgeld,basketlern,basketball,football
bauer,arbeiter,arrichter,rieer,farmer,worker
becher,kaffee,kafbon,bestim,cup,coffee
bedeutung,wichtigkeit,bedeukeit,bedeukeit,meaning,importance
bedienung,wartung,distung,bediebold,service,maintenance
beeindruckend,erstaunlich,früle,beeindruwurst,impressive,amazing
einfluss,wirkung,folkung,einschlas,influence,effect
befehl,auftrag,aufnang,bescha,command,order
befriedigt,glücklich,stocklich,bestumdig,satisfied,happy
begeisterung,hingabe,nakagabe,bescherterung,enthusiasm,passion
geleiten,begleiten,bekempern,befahlten,escort,accompany
ladung,fracht,farcht,belassard,load,cargo
beleidigung,beleidigen,beschärtigen,beleudischen,insult,offend
beliebt,berühmt,bewärmt,bediens,popular,famous
bereich,zone,krine,beplatz,area,zone
bereit,vorbereiten,betigsten,bezeln,ready,prepare
bereits,noch,stamel,bedrein,already,still
berühmtheit,star,staun,begleitheit,celebrity,star
besatzung,schiff,schina,besuttelt,crew,ship
demütig,bescheiden,demättig,dimestig,humble,modest
beschreiben,ausdrücken,ausdrürung,betriebsben,describe,express
beschützen,verteidigen,verscheuldiken,bekommtzen,protect,defend
beschwerde,anklage,anüberge,benachtsde,complaint,accusation
beseitigen,löschen,löckert,bekommttigen,eliminate,remove
besonders,einzigartig,einzigreme,bezirksdere,special,unique
besorgt,nervös,nerzui,behardt,worried,nervous
bestätigung,bestätigen,bestärtiksen,bestärtikung,confirmation,confirm
bestechung,erpressung,bestewards,bestepford,bribe,blackmail
bestrafen,festnehmen,lungnahme,bedienfen,punish,arrest
beton,stahl,stinl,bewäs,concrete,steel
stress,depression,deckungsion,strull,stress,depression
betrachtung,spiegel,stangel,bemaleitung,reflection,mirror
betreten,gehen,gekom,bedabten,enter,go
betriebsbereit,funktionell,hiertional,beschunbereit,operational,functional
beute,raubtier,leibtier,ökote,prey,predator
bewachen,patrouillieren,panachtslieren,bewaring,guard,patrol
bewahren,pflegen,rollgen,bestänren,preserve,maintain
bewegung,transfer,spielfer,bewetest,move,transfer
beweis,nachweis,hensweisen,befert,evidence,proof
bewundern,schätzen,achilzen,bewunsche,admire,appreciate
beziehung,freundschaft,sprongschaft,beziefeld,relationship,friendship
land,bezirk,belenk,belitz,county,district
bibel,buch,buquer,bizar,bible,book
biene,ameise,akrose,munne,bee,ant
bild,foto,heito,teld,picture,photo
formular,unterschreiben,anterschriefen,fermelar,form,sign
bildschirm,monitor,monicken,mantschirm,screen,monitor
binden,band,netden,netden,bind,tie
bischof,kardinal,kardimung,biacher,bishop,cardinal
bleibe,bleiben,üloads,kriebe,stay,remain
blind,taub,tazz,maind,blind,deaf
blitz,donner,oriner,bloz,lightning,thunder
blut,urin,urah,yout,blood,urine
boden,teppich,tepphan,botie,floor,carpet
bombe,explosiv,explobrot,desbe,bomb,explosive
bonus,belohnen,betrefnen,boort,bonus,reward
böse,schmutzig,schwimzig,gotse,nasty,filthy
botschaft,ministerium,ministereicht,vioschaft,embassy,ministry
botschafter,minister,mitochter,botfürchter,ambassador,minister
braun,blau,bluxe,bropen,brown,blue
bräutigam,braut,brient,maultigam,groom,bride
bravo,alpha,allek,danvo,bravo,alpha
briefmarke,unterschrift,unterermahlt,abondmarke,stamp,signature
brille,kappe,tepse,treule,glasses,cap
bringen,schicken,herrcken,träugen,bring,send
brot,käse,stise,brihs,bread,cheese
brücke,tunnel,erbnel,wolcke,bridge,tunnel
brutal,grausam,grautos,türtal,brutal,cruel
bücherei,museum,miseam,bügelnrei,library,museum
buchstäblich,praktisch,kristisch,buchmändlich,literally,practically
bucht,hafen,haschi,imicht,bay,harbor
budget,finanzierung,finanziescher,budauf,budget,funding
zivil,militärisch,milinigt,kuvul,civil,military
busch,baum,kuum,burlh,bush,tree
cäsar,rom,imm,zumsar,caesar,rome
champion,kämpfer,kletfer,kochpion,champion,fighter
chance,möglichkeit,wahrfreundlichkeit,blince,chance,possibility
chaos,verwechslung,verfrachlung,notos,chaos,confusion
charakter,persönlichkeit,persömtiker,chaflüster,character,personality
charme,schönheit,sehrtheit,chutime,charm,beauty
chemie,biologie,frülogie,chenas,chemistry,biology
chemisch,biologisch,biolockeln,eunmisch,chemical,biological
chip,gerät,gelem,chorf,chip,device
clan,familie,famigung,maan,clan,family
schlau,intelligent,intellischem,schnau,smart,intelligent
trainieren,spieler,stanler,sensieten,coach,player
code,passwort,omtswort,zude,code,password
dankbar,danken,symken,maulbar,grateful,thank
schicksal,bestimmung,benachmung,schickpont,fate,destiny
datei,dokument,dokumenschanzren,dafon,file,document
daten,information,instinktmation,dazwi,data,information
dekan,professor,profesdent,doran,dean,professor
decke,handtuch,handscha,derin,blanket,towel
chirurg,arzt,otzt,chively,surgeon,doctor
deutlich,offensichtlich,offendringlich,dorlich,clearly,obviously
diamant,juwel,juschu,diasars,diamond,jewel
dichter,schriftsteller,schwerzteller,ideater,poet,writer
gesellschaft,gemeinschaft,gewoltschaft,geselschlupf,society,community
gesundheit,bildung,ausbillard,gesunlongs,health,education
rente,gehalt,gesand,pensterre,pension,salary
seide,baumwolle,trotwolle,sehard,silk,cotton
dieb,kriminell,krimichon,goeb,thief,criminal
diebstahl,raub,raoo,sichstahl,theft,robbery
diplom,absolvent,absolrald,dichok,diploma,graduate
sofort,direkt,dihemd,diklagte,direct,directly
distanz,geschwindigkeit,gekriegtdigkeit,diskauf,distance,speed
dna,fingerabdruck,fingerabschem,pea,dna,fingerprint
doppelt,dreifach,verkauftfachen,dopsein,double,triple
dosis,injektion,instandtion,dober,dose,injection
drache,löwe,matwe,fißche,dragon,lion
dramatisch,romantisch,romannings,dramachung,dramatic,romantic
dreck,sand,sads,aleck,mud,sand
dreckig,widerlich,widermann,vulckig,dirty,disgusting
dringend,notfall,wilfall,prakgend,urgent,emergency
dritter,vierter,krante,gütter,third,fourth
drücken,ziehen,säuhen,mahcken,push,pull
dschungel,wald,wamm,schultgel,jungle,forest
ekelhaft,hässlich,günslich,denksting,disgusting,ugly
dunkelheit,hell,heuk,dunkellogg,darkness,light
dünn,dick,dite,fönn,thin,thick
durchfall,übelkeit,uberkast,durchwühl,diarrhea,nausea
dusche,badezimmer,vidzimmer,duples,shower,bathroom
dvd,video,vitry,dwd,dvd,video
dynastie,imperium,ampertium,dymountie,dynasty,empire
e-mail,fax,oux,emdel,mail,fax
ecke,gasse,zeise,hüke,corner,alley
edel,tapfer,crofer,büel,noble,brave
ehemann,ehefrau,ehekril,gitmann,husband,wife
eichhörnchen,waschbär,waschwan,barmhörnchen,squirrel,raccoon
eigentlich,wirklich,wirknauf,eifräulich,actually,really
eigentum,besitzer,lesatzer,eigensüch,property,owner
eins,drei,drebt,orn,one,three
eindruck,gefühl,gekehr,einkumpf,impression,feeling
schlicht,einfach,einföhl,einföhl,simply,simple
einsatz,setzen,evezen,einfümier,insert,put
einheit,teilung,teiisch,eingung,unit,division
einkaufen,geschäft,weschaft,eingingfen,shop,store
single,verheiratet,versichtsrat,einscha,single,married
eisen,metall,medris,audig,iron,metal
empfindlich,sensibel,sintabel,empheimlich,delicate,sensitive
ende,ziel,tuel,akade,end,finish
endlich,letztlich,meustlich,gürlich,finally,eventually
power,energie,paver,enerraum,power,energy
verlobung,hochzeit,hochschu,engagespiel,engagement,wedding
englisch,französisch,nordzösisch,buslisch,english,french
enkel,neffe,liofe,enrat,grandson,nephew
kidnappen,entführen,kinabben,entwickren,kidnap,abduct
entführer,geisel,türsel,entwicknerer,kidnapper,ransom
enthalten,inhalt,insitz,entsatzten,contain,content
erbe,erben,erläu,aufbe,heritage,inherit
erdbeben,explosion,exstression,erdbenutz,earthquake,explosion
erfahrung,wissen,melsen,erfahkeit,experience,knowledge
erfolg,versagen,langsagen,ergons,success,failure
resultat,ergebnis,erklärnis,restanat,result,outcome
erkennen,wissen,lieste,ersatzne,recognize,knew
erlaubnis,genehmigung,genehmsake,erfolgnis,permission,approval
erklärung,plausibel,zwiesibel,erläuteletts,explanation,plausible
ermöglichen,lassen,keisen,ermöglivings,allow,let
irrtum,fehler,araler,ernix,error,mistake
ersetzen,ersatz,erheim,erhoffzen,replace,substitute
erster,letzter,beamt,tente,first,last
ertrinken,schwimmen,schmutmen,erhältken,drown,swim
erwachsene,elternteil,elhaarteil,erfolgssene,adult,parent
erwägen,überlegen,trollegen,erwäsche,consider,think
esel,pferd,pfuld,esco,donkey,horse
evolution,mutation,mulierttion,spritlution,evolution,mutation
ewig,für immer,imaud,ewac,eternal,forever
experiment,test,zist,experichard,experiment,test
experte,spezialist,speziavers,exfasste,expert,specialist
extra,zusätzlich,zutrauflich,exdas,extra,additional
fabrik,produktion,progrition,faphie,factory,production
fahrkarte,reisepass,reiselick,traukarte,ticket,passport
lenken,fahren,falst,facet,drive,ride
fahrzeug,auto,tuto,fahrmeln,vehicle,car
faktor,element,brüment,settor,factor,element
falsch,richtig,korseys,faroch,wrong,correct
fangen,köder,körin,thegen,trap,bait
fazit,annahme,antreime,fasüß,conclusion,assumption
feind,gegner,tioner,ferod,enemy,opponent
felsen,stein,hilein,jussen,rock,stone
fenster,tür,arv,wandter,window,door
fernrohr,mikroskop,mikrotil,ferngier,telescope,microscope
fest,stark,geark,igst,firmly,strongly
firma,agentur,aquatur,lerma,firm,agency
feuer,flamme,plünme,winer,fire,flame
final,ultimativ,ultimahaks,fitrolle,final,ultimate
finanzen,investieren,instanktieren,fitrotzen,finance,invest
finanziell,finanzierung,finanziescher,finanzilicht,financially,financing
finger,daumen,sormen,plager,finger,thumb
reparieren,reperatur,repararicht,rax,fix,repair
flagge,symbol,symhit,clouge,flag,symbol
fliehen,flucht,flucdi,schehen,flee,escape
fluch,hexe,hedio,fliph,curse,witch
flüchtling,flüchtig,karschling,tauschling,refugee,fugitive
fluss,see,bie,flikas,river,lake
flüssig,flüssigkeit,mondsigkeit,testsigkeit,liquid,fluid
föderal,staat,steet,födemenz,federal,state
fokus,konzentrieren,konzenfischren,foral,focus,concentrate
folgen,jagen,jamai,mutgen,follow,chase
forschung,studieren,stadielen,staschung,research,study
frage,fragen,bosgen,mayge,question,ask
fragment,stück,stetug,plaument,fragment,piece
frei,kostenlos,koshaltlos,frizo,freely,free
freiheit,demokratie,demokraführt,freigung,freedom,democracy
freiwilliger,freiwillig,benswillig,hauptwillige,volunteer,voluntarily
frequenz,signal,sisant,pauquenz,frequency,signal
frisch,erfrischen,erferschen,frich,fresh,refresh
frosch,eidechse,eimousse,frusch,frog,lizard
frühling,herbst,härdst,kranling,spring,autumn
fuchs,hase,derse,fulls,fox,rabbit
füttern,essen,eskor,exotern,feed,eat
galerie,ausstellung,ausweislung,galegung,gallery,exhibition
gang,gruppe,golfpe,gata,gang,group
gans,ente,hyste,gadi,goose,duck
garantie,versprechen,vernichchen,garansatz,guarantee,promise
gas,kraftstoff,kraftstick,ras,gas,fuel
gastfreundschaft,dankbarkeit,afribarkeit,chrofreundschant,hospitality,gratitude
geburt,schwangerschaft,zwangsgerschaft,gelast,birth,pregnancy
geduld,mitgefühl,mitgenier,gefood,patience,compassion
patient,klient,delent,gesteudig,patient,client
gefälscht,falsch,fäch,gebeuscht,fake,FALSE
gegenmittel,impfstoff,rafung,gegenbrauetel,antidote,vaccine
materie,teilchen,neutchen,mitarie,matter,particle
gegenteil,gegensätzlich,gegenbock,gegenbiss,opposite,contrary
anwesenheit,abwesenheit,abwesenschaf,angesinkeit,presence,absence
geheimnis,mysterium,kasterium,mystalium,secret,mystery
gehirn,zerebral,zerebort,gelard,brain,cerebral
geisel,häftling,pritling,türsel,hostage,prisoner
gelegentlich,selten,blaten,geleflächlich,occasionally,rarely
gemütlich,angenehm,angedank,gemüttern,comfortable,pleasant
generator,reaktor,raksches,generaschen,generator,reactor
genie,wissenschaftler,wissensprinkler,chronius,genius,scientist
genügend,ausreichend,antreintend,genütigt,enough,sufficient
gerade,kürzlich,kubrat,gelegde,just,recently
gericht,richter,zielter,geschla,court,judge
gesamt,komplett,komplaus,gewegt,total,complete
geschehen,passieren,übersieren,gejathen,occur,happen
geschmack,geruch,geroch,gesprungt,taste,smell
gesellschaft,konzern,konpier,gebautschaft,company,corporation
gesetz,verfassung,verfastest,geless,law,constitution
gesperrt,geschlossen,gekriegtsen,getriert,locked,closed
gespräch,diskussion,distreffsion,gewitsch,conversation,discussion
geste,handlung,festlung,dayte,gesture,act
gesund,normal,chimal,gegons,healthy,normal
treffen,schlagen,abendgen,trofsen,hit,strike
gewehr,pistole,mondtole,gesens,rifle,gun
gewicht,höhe,desche,geblatt,weight,height
gewinnen,sieg,sirp,gesteinen,gain,win
gewöhnlich,üblich,übringt,gestandlich,ordinary,usual
gift,töten,tönig,raft,poison,kill
glas,flasche,kansche,zias,glass,bottle
glorreich,ruhm,röhn,flinreich,glorious,glory
glücksspiel,poker,ponie,glückssträh,gambling,poker
golden,silbern,fußbern,märden,golden,silver
golf,tennis,bürnis,golau,golf,tennis
gott,göttlich,glänlich,gome,god,divine
gouverneur,senator,senamens,gouverlikt,governor,senator
grab,friedhof,friedran,graßt,grave,cemetery
graben,beerdigen,berückben,bauben,dig,bury
gratulieren,grüßen,förßen,skulptulieren,congratulate,greet
greifen,fangen,thegen,seitfen,grab,catch
grippe,krankheit,errichkung,dämppe,flu,disease
groß,riesig,enesim,gruh,big,huge
größe,länge,tagge,kieße,size,length
großvater,großmutter,grotmetter,festvater,grandfather,grandmother
grün,orange,sehnge,grag,green,orange
grund,ursache,ansurche,taund,reason,cause
horror,furcht,furdi,engsel,horror,fear
gut,schlecht,schlehdi,ärt,good,bad
haare,bart,bata,haso,hair,beard
huhn,truthahn,kroschahn,hehs,chicken,turkey
hai,fisch,fileh,aui,shark,fish
hälfte,viertel,biertal,tallte,half,quarter
hallo,tschüss,tschutus,bunlo,hello,bye
halten,behalten,besinkten,menten,hold,keep
hand,arm,irm,hago,hand,arm
hängend,hinrichtung,hinderntung,wetgend,hanging,execution
dickköpfig,egoistisch,egoislands,dackkirfig,stubborn,selfish
hass,liebe,vorbe,rausen,hate,love
hauptstadt,stadt,stoft,hauptstras,capital,city
haus,wohnung,lännung,aust,house,apartment
haut,gewebe,gewebeherrschst,auth,skin,tissue
heiß,kalt,kams,hele,hot,cold
held,retter,koster,hett,hero,savior
helm,hut,äst,hemz,helmet,hat
herbst,zusammenbruch,zusammensträu,hemast,fall,collapse
herr,dame,kosme,hesk,lord,lady
geliebte,liebhaber,wohlhaber,telarbte,mistress,lover
heute,gestern,bobtern,maste,today,yesterday
hier,dort,doza,pür,here,there
hilfe,helfen,wanfen,rusfe,help,assist
hilflos,machtlos,waschlos,hacklos,helpless,powerless
himmel,himmlisch,paradiedreht,fahmel,sky,heavenly
hindernis,herausforderung,herausfordebleich,hinderschö,obstacle,challenge
hobby,sport,spermt,papby,hobby,sport
hochschule,universität,schütversität,hochspiege,college,university
hoffen,glaube,schappe,gunfen,hope,faith
höflich,freundlich,spanglich,wohlisch,polite,friendly
honig,butter,meeter,hoves,honey,butter
anhörung,gerichtsverhandlung,gestelltverhandlung,höche,hearing,trial
zuhören,hören,zuhöche,höche,listen,hear
hormon,adrenalin,adrenalicolin,blumon,hormone,adrenaline
horn,pfeife,siefe,holb,horn,whistle
hotel,motel,molie,holos,hotel,motel
hübsch,schön,skunn,ebsch,pretty,beautiful
hügel,berg,betö,hütin,hill,mountain
hund,katze,fesze,huds,dog,cat
hunger,durst,carst,masger,hunger,thirst
wirbelsturm,tornado,pappnado,werbelferm,hurricane,tornado
husten,fieber,bolber,ohrten,cough,fever
ideal,perfekt,perblut,moial,ideal,perfect
idee,theorie,atemrie,xiee,idea,theory
ignoranz,arroganz,arrodoon,ignoscan,ignorance,arrogance
illegal,legal,gelässlich,illebend,illegal,legal
illusion,halluzination,fleischluzination,ilstression,illusion,hallucination
immer,ständig,sitzdig,impul,always,constantly
puls,druck,drark,polm,pulse,pressure
nahe,fern,wede,nene,near,far
industrie,unternehmen,untergrundmen,indushalz,industry,business
innen,außen,exterklop,indus,internal,external
inspektor,kommissar,kommisweis,inmelstor,inspector,commissioner
inspirieren,inspiration,inleuchtration,inrungsrieren,inspire,inspiration
instinkt,intuition,inhaltstion,instreut,instinct,intuition
international,welt,wego,internatioschung,international,world
internet,web,ontz,interling,internet,web
invasion,attacke,attagung,instression,invasion,attack
ironie,ironisch,vasnisch,etanie,irony,ironic
jagd,angeln,anbrin,japo,hunting,fishing
jahrhundert,jahrzehnt,demonste,vielhundert,century,decade
jazz,musik,murem,janu,jazz,music
jeep,lkw,eow,jeru,jeep,truck
jetzt,wissen,melsen,hützt,now,know
journalismus,politik,polimern,schwänalismus,journalism,politics
jubiläum,geburtstag,gelingstag,jubiläumschleicht,anniversary,birthday
jugend,kindheit,denkheit,judeln,youth,childhood
jungen,mädchen,wehchen,julls,boys,girls
juni,juli,billi,tanni,june,july
kabel,leitung,leitie,kanie,cable,wire
kabine,deck,depo,gläubine,cabin,deck
schrank,kasten,wisten,schrelk,cabinet,closet
kaiserlich,kaiser,schoser,arschserliche,imperial,emperor
kalender,zeitplan,nessplan,kapuder,calendar,schedule
kaliber,geschoss,geschort,kaligung,caliber,bullet
kamera,mikrofon,michiffon,kamelung,camera,microphone
kampagne,wahl,wotz,gruppagne,campaign,election
schlacht,kampf,kalaf,kanf,combat,fight
fernsehsender,nachrichten,nachlassten,jernsihselder,channel,news
kandidat,wähler,jenler,kandickig,candidate,voter
kanzler,präsident,präsifuhr,sackler,chancellor,president
kapazität,fähigkeit,fähigstel,kapazischen,capacity,ability
kapsel,sonde,parde,exesel,capsule,probe
karneval,festival,festimund,karnechef,carnival,festival
körper,leiche,warche,kanichtserie,body,corpse
kartoffel,tomate,torichte,kartofhaft,potato,tomato
kasse,geld,gerö,retse,cash,money
kasten,tasche,tastro,theten,box,bag
katholisch,christlich,schwetian,kathomiert,catholic,christian
kaufen,verkaufen,versöhnfen,rolfen,buy,sell
kavallerie,artillerie,arschenlerie,kalischlerie,cavalry,artillery
kehle,nacken,nächs,paole,throat,neck
kellner,kellnerin,trinnerin,schalner,waiter,waitress
ketchup,mayonnaise,mathersnaise,klickup,ketchup,mayonnaise
kette,seil,quil,hühte,chain,rope
kilo,gramm,grinn,tholo,kilo,gram
kilometer,meter,melan,kilomister,kilometer,meter
kino,theater,everter,kidet,cinema,theater
kirche,kapelle,kamittle,gelche,church,chapel
klasse,schule,spitle,stanse,class,school
klavier,gitarre,gickiere,klarohr,piano,guitar
wenig,klein,klinn,weinne,little,small
klingeln,läuten,dimi,platgeln,ping,ding
knoblauch,zwiebel,schinbel,koiolauch,garlic,onion
knochen,schädel,fliedel,grechen,bone,skull
koch,chefkoch,komo,itsch,cook,chef
kohle,öl,tä,radle,coal,oil
kohlenstoff,wasserstoff,wasserviert,kohlenspiel,carbon,hydrogen
kokain,heroin,heckenin,koherzin,cocaine,heroin
kollege,freund,freunell,geislege,colleague,friend
kolonie,föderation,schaltderation,kolosung,colony,federation
kombination,mischung,mischiff,schlaubination,combination,mixture
kommandant,kapitän,kapidras,kommannuss,commander,captain
kommentar,aussage,seltsage,kommenshow,comment,statement
kommerziell,händler,münzler,kommerzilicht,commercial,merchant
kommission,ausschuss,ausschäft,komplottsion,commission,committee
kompass,karte,drote,komwart,compass,map
kompliment,geschenk,geschnit,komplinier,compliment,gift
konferenz,sitzung,amating,konfevier,conference,meeting
konflikt,streit,diszin,konbeißt,conflict,dispute
königin,könig,kötos,könizeug,queen,king
königlich,königreich,königrig,königtopf,royal,kingdom
konservativ,liberal,rungsberale,durchservativ,conservative,liberal
konstruktion,bauen,riehen,kongresstion,construction,build
kontakt,verbindung,verbingley,koniert,contact,connection
kontamination,strahlung,kraftlung,schmerztamination,contamination,radiation
kontrolle,manipulieren,manipuschnurren,konüberle,control,manipulate
konzept,definition,deschleunition,konseys,concept,definition
getreide,mehl,mese,kovi,grain,flour
übel,krank,krisk,niank,ill,sick
krankenhaus,klinik,dopnik,tierkenhaus,hospital,clinic
krankenwagen,hubschrauber,hubmagruber,scheikenwagen,ambulance,helicopter
kratzer,prellung,ärmslung,ariszen,scratch,bruise
kredit,darlehen,rücklehen,krehaw,credit,loan
kreis,dreieck,dreiaki,krums,circle,triangle
krieg,schlacht,schlahdi,hilieg,war,battle
kritisch,politisch,polischem,zautisch,critical,political
krone,thron,paron,zahne,crown,throne
kuh,schwein,schwann,lah,cow,pig
kultur,zivilisation,zischrecklisation,mietur,culture,civilization
typ,kumpel,geider,tyn,dude,bro
kunst,literatur,literaricht,kuscht,art,literature
künstler,maler,matik,zweitler,artist,painter
kurz,lang,lari,kum,short,long
kuss,umarmung,umargyle,kuta,kiss,hug
lächeln,lachen,lackie,läfisch,smile,laugh
lächerlich,absurd,abselm,läzärtlich,ridiculous,absurd
situation,krise,musse,fetuation,situation,crisis
lager,dorf,dova,ladun,camp,village
lampe,kerze,rosze,aripe,lamp,candle
landen,fliegen,schägen,lapa,land,fly
land,nation,idention,lapa,country,nation
landung,flug,flee,disdung,landing,flight
langsam,rasch,schnürl,langtos,slowly,quickly
lärm,klang,klop,lähu,noise,sound
lasagne,spaghetti,spaginsti,lasadeck,lasagna,spaghetti
laufen,gehen,spazierlich,laja,run,walk
leben,überleben,trolleben,levard,live,survive
essen,mahlzeit,milazeit,asser,food,meal
leer,voll,prull,sper,empty,full
legion,armee,arlier,legirisch,legion,army
leiden,schmerzen,schiffzen,disden,suffering,pain
leiden,sterben,kranben,disden,suffer,die
leise,stille,stacke,riose,silent,silence
lernen,lehren,luhsen,signen,learn,teach
lesbisch,schwul,schwah,kamben,lesbian,gay
lesen,schreiben,schlüsben,lerie,read,write
lesung,abfassung,schlüsben,lerie,reading,writing
liga,mannschaft,lautschaft,liven,league,team
limonade,soda,sota,limotane,lemonade,soda
lippe,wange,jewge,skope,lip,cheek
lippenstift,parfüm,parübe,lippenbohrt,lipstick,perfume
löffel,gabel,ganie,avifel,spoon,fork
loyalität,ehrlichkeit,ehrgeizkeit,schelität,loyalty,honesty
luft,sauerstoff,sauerschüt,öpft,air,oxygen
lüge,lügner,hehner,darge,lie,liar
machen,tun,esen,maschi,make,do
mädchen,junge,pilge,kiechen,girl,boy
mafia,kartell,karsteh,maloo,mafia,cartel
magen,brust,luhne,matio,stomach,chest
magie,magier,magierschreckst,mazeu,magic,wizard
magnetisch,elektrisch,dreitrisch,magnesches,magnetic,electric
majestät,hoheit,hovens,majessies,majesty,highness
malen,zeichnen,psychnen,matio,paint,draw
manager,chef,boja,manathan,manager,boss
manchmal,häufig,epifig,beechmal,sometimes,often
mann,mensch,sonsch,maca,man,human
männlich,weiblich,kleblich,danklich,male,female
marathon,rennen,stonen,marakens,marathon,race
marine,schifffahrt,schaffiehrt,maschöne,marine,navy
marine,flotte,litte,mawaffne,naval,fleet
marke,produkt,prohuhn,völke,brand,product
mars,venus,vedor,mazi,mars,venus
maus,ratte,seste,manc,mouse,rat
medizinisch,psychologisch,psycholochert,medizistein,medical,psychological
meer,ozean,geman,meso,sea,ocean
mehrheit,abstimmung,abtrünmung,striheitlich,majority,vote
meile,zentimeter,zentimister,tulle,mile,centimeter
meinung,einstellung,einrichlung,cannung,opinion,attitude
zuschauer,publikum,publimans,zuschunge,crowd,audience
quantität,qualität,frühlität,quinrität,quantity,quality
fair,angemessen,angeranntsen,tair,fair,reasonable
methode,technik,techkam,mekreide,method,technique
leihen,mieten,genten,lulhen,hire,rent
mieter,vermieter,verkennter,knoter,tenant,landlord
milch,saft,sazi,mihoh,milk,juice
million,milliarde,grundliarde,langlion,million,billion
millionär,unternehmer,maxische,milliomons,millionaire,entrepreneur
minimum,maximum,maxische,minirews,minimum,maximum
mischung,ling,liba,mischiff,ming,ling
miserabel,erbärmlich,erstößlich,miseralisch,miserable,pathetic
mitfühlend,großzügig,festzügig,mitfünalb,compassionate,generous
mitglied,anführer,ancasrer,mitsisch,member,leader
mitternacht,mittag,mitven,mitterlands,midnight,noon
modell,prototyp,protoruft,mofers,model,prototype
modern,traditionell,traditiofisch,mosphä,modern,traditional
modisch,elegant,elegraf,monacht,fashionable,elegant
monat,woche,woben,mocus,month,week
mönch,priester,spitzter,änsch,monk,priest
mond,sonne,berne,mods,moon,sun
lunar,solar,sofes,linas,lunar,solar
monster,kreatur,yamatur,bronter,monster,creature
montag,dienstag,kreustag,schitag,monday,tuesday
denkmal,statue,stavio,monucks,monument,statue
killer,mörder,sepder,kloder,killer,murderer
vormittags,morgen,stagen,niegen,tomorrow,morning
motiv,alibi,selbi,molon,motive,alibi
müde,hungrig,burkrig,hamde,tired,hungry
müll,abfall,fäll,töll,trash,garbage
mund,nase,nator,muwa,mouth,nose
mut,entschlossenheit,scharlegung,aht,courage,determination
mutter,vater,varia,linter,mother,father
mythos,legende,lefriede,mikatz,myth,legend
nacht,abend,adent,nitscht,night,evening
nachtisch,kuchen,kulier,lardisch,dessert,cake
nackig,nackt,nabilt,napat,nude,naked
nadel,spritze,staatze,narie,needle,syringe
nagel,zahn,uhn,natür,nail,tooth
naiv,dumm,duxe,nawin,naïve,stupid
naiv,zynisch,zypunkt,nawin,naive,cynical
name,titel,tibar,prome,name,title
national,global,hänbal,natiomung,national,global
natürlich,allgemein,allgeengt,natürchen,naturally,generally
natürlich,künstlich,schentlich,natürchen,natural,artificial
navigation,kommunikation,streichmunikation,schnarchigation,navigation,communication
eifersüchtig,wütend,wübank,völdisch,jealous,angry
nerv,muskel,krikel,neh,nerve,muscle
nest,ei,gi,neru,nest,egg
netzwerk,system,apotem,netzbeln,network,system
nichts,etwas,etruf,nichil,nothing,something
nickerchen,spaziergang,lohmel,nihäuschen,nap,stroll
runter,hoch,hork,masder,down,up
niedrig,hoch,kork,freurig,low,high
niedriger,höher,jamin,blanriger,lower,upper
niere,leber,lerie,masre,kidney,liver
ninja,samurai,samunike,limja,ninja,samurai
nobel,preis,schleis,nibem,nobel,prize
nie,jemals,ös,näu,never,ever
normalerweise,meistens,meisbeln,normalerschönsse,normally,usually
notwendig,brauchen,teamchen,flegwendig,necessary,need
november,dezember,deschober,novemgung,november,december
nüchtern,betrunken,beängsken,nervtern,sober,drunk
nutzlos,wertlos,feldlos,punklos,useless,worthless
oben,unten,unterkunftte,eren,top,bottom
objekt,subjekt,fany,obzeln,object,subject
ofen,herd,hena,mäen,oven,stove
öffnen,schließen,trudran,öfches,open,close
offenbarung,vision,klassion,offenbanisch,revelation,vision
behördlich,offiziell,offizisicht,offizilicht,officially,official
öffnung,abschluss,abschlietenz,hurnung,opening,closure
okay,klar,it,tway,okay,yeah
onkel,papa,ferti,onrat,uncle,dad
opfer,angreifer,anthrofer,oplos,victim,attacker
optimistisch,realistisch,realissches,optimisstand,optimistic,realistic
orchester,band,aund,ordertter,orchestra,band
arrangieren,organisieren,schleganisieren,webnen,arrange,organize
orgasmus,erektion,förmtion,orgasback,orgasm,erection
original,kopie,koreat,origimung,original,copy
ort,lage,wegge,eht,place,location
palast,schloss,skufoss,pafand,palace,castle
tank,motor,modet,terk,tank,engine
papier,stift,stippt,paligt,paper,pen
paradies,hölle,rosle,parakerl,paradise,hell
paranoid,verrückt,verzucht,paranorecht,paranoid,crazy
parlament,senat,serow,parabur,parliament,senate
passagier,fahrer,stehber,passawurf,passenger,driver
pazifik,atlantik,atlandungs,pazitreu,pacific,atlantic
person,individuum,individuschiff,perfek,person,individual
persönlich,intim,injor,persöncher,personal,intimate
pest,epidemie,kochdemie,rimst,plague,epidemic
pflanze,blume,horme,froschze,plant,flower
pfund,dollar,dolnon,zind,pound,dollar
phänomen,event,verangriftung,stopnomen,phenomenon,event
phase,periode,terioche,mahse,phase,period
philosophie,religion,relichungon,philosogibst,philosophy,religion
physik,mathematik,mathemaplatz,opesik,physics,mathematics
picknick,camping,sitping,pickness,picnic,camping
pirat,seemann,vatmann,pinos,pirate,sailor
pistole,waffe,diafe,steltole,pistol,weapon
plan,strategie,tigstegie,eisnen,plan,strategy
planet,umlaufbahn,orsed,finnet,planet,orbit
bahnsteig,bahnhof,bahnsin,bindsteig,platform,station
platzen,explodieren,exschendieren,klinzen,burst,explode
playboy,zeitschrift,zeitfleisch,playmay,playboy,magazine
plötzlich,unerwartet,unerlichtet,kratzlich,suddenly,unexpectedly
plus,minus,mität,ploss,plus,minus
politik,politiker,politigungs,polimern,policy,politician
bevölkerung,menschen,walschen,kerölkerung,population,people
porno,film,fiud,banno,porn,movie
portal,tor,ker,porsig,portal,gate
positiv,negativ,negabund,posimons,positive,negative
potenzial,talent,tachet,poschatzial,potential,talent
prinzessin,prinz,schwinz,bleizessin,princess,prince
privat,privatsphäre,privatkriegre,priphy,private,privacy
privileg,ehre,ehche,privicott,privilege,honor
produzent,direktor,digungtor,produwolf,producer,director
profil,beschreibung,befehlsnung,proong,profile,description
gewinn,einkommen,einstelmen,profisportren,profit,income
fortschritt,entwicklung,entschildung,prowerks,progress,development
projekt,programm,probruch,prockel,project,program
protein,vitamin,vittime,scheltein,protein,vitamin
protest,demonstration,destrichtration,proves,protest,demonstration
prozess,verfahren,verletzren,profehl,process,procedure
bericht,informieren,inforderstren,benickt,report,inform
prüfen,überprüfen,verifischnurren,alfen,check,verify
mental,emotional,achtitional,reuchisch,mental,emotional
kneipe,restaurant,restauphie,wob,pub,restaurant
pumpe,schlauch,schmeuch,kespe,pump,hose
punkt,anzeigen,angefähr,pulät,point,indicate
puppe,spielzeug,spielmeln,kohpe,doll,toy
pyramide,struktur,tricktur,pyrantide,pyramid,structure
quälerei,folter,wirter,joglen,torment,torture
quelle,informant,inforsyth,prenle,source,informant
rache,gerechtigkeit,gemachigkeit,rater,revenge,justice
radar,satellit,sateltras,raker,radar,satellite
radio,fernsehen,weisehen,ramut,radio,television
radius,umfang,umfort,radirekt,radius,perimeter
rakete,flugkörper,flagkirster,rabürste,rocket,missile
rassist,kommunist,kommanast,rasrier,racist,communist
rat,beraten,berabatt,oht,advice,advise
rauch,zigarre,zideidre,ratah,smoke,cigar
realisieren,verstehen,verheimhen,glücklisieren,realize,understand
rechts,links,lidos,itscht,right,left
rede,predigt,koldigt,rerin,speech,sermon
regel,protokoll,protomack,rerin,rule,protocol
regen,schnee,schnul,reprä,rain,snow
regiment,bataillon,bechelon,regicorp,regiment,battalion
regional,lokal,lobei,regiomung,regional,local
reinigen,waschen,wachung,chronigen,clean,wash
verwandter,cousin,woutin,derwandser,relative,cousin
reporter,journalist,trinnalist,regelnter,reporter,journalist
respekt,vertrauen,verchenen,respray,respect,confidence
rettung,retten,keren,kastung,rescue,save
empfang,party,golfpe,restrontion,reception,party
rhythmus,stil,stor,plattmus,rhythm,style
ring,halskette,kostkette,riel,ring,necklace
risiko,gefahr,wettung,risiland,risk,danger
riskant,gefährlich,gezwielich,bohkant,risky,dangerous
reißen,schneiden,schuldern,reikten,tear,cut
riss,loch,itch,rikt,crack,hole
ritual,zeremonie,zeremoderns,rituling,ritual,ceremony
roboter,maschine,mawaffne,robockig,robot,machine
rock,kleid,klold,roti,skirt,dress
rodeo,cowboy,memboy,robis,rodeo,cowboy
romeo,julia,juträt,rolud,romeo,juliet
römisch,griechisch,zwinchisch,röblick,roman,greek
rostig,staubig,schobig,höltig,rusty,dusty
rot,gelb,geuß,azt,red,yellow
route,weg,agg,zahte,route,path
rücktritt,entlassung,entlasdest,rücknacht,resignation,dismissal
leise,ruhig,rutor,rubus,quiet,calm
rum,cognac,cohans,emm,rum,cognac
rund,herum,umfunkrum,carden,round,around
sagen,erzählen,erhanteln,satio,say,tell
sahne,sauce,sophi,knine,cream,sauce
sammeln,versammeln,versamdigt,samzeug,collect,gather
samstag,sonntag,wandtag,dummtag,Saturday,Sunday
sandwich,hamburger,schäburger,sandlief,sandwich,hamburger
sänger,musiker,musitäts,reuger,singer,musician
sarg,beerdigung,beerdischen,saun,coffin,funeral
saugen,lecken,lemann,comgen,suck,lick
kreieren,produzieren,produtroxen,stahlfen,create,produce
erschaffung,zerstörung,zerstöbern,erstahlfung,creation,destruction
schallplatte,aufnahme,aufdringe,schallsuchte,record,recording
schatten,dunkel,flakel,stichten,shadow,dark
schatz,reichtum,reilertum,schmautz,treasure,wealth
scheidung,ehe,ile,kunstung,divorce,marriage
glänzen,hell,heuch,sportnen,shine,bright
schicht,oberfläche,räckfläche,schachel,layer,surface
schießpulver,dynamit,dynaveen,bechtspuvter,gunpowder,dynamite
schild,rüstung,mootung,safeld,shield,armor
langsam,schnell,schnürl,schlepdünn,slow,fast
schlucken,kauen,tesen,sträucken,swallow,chew
schlüssel,schloss,stilren,schreisel,key,lock
schmackhaft,köstlich,leters,schmeishaft,tasty,delicious
schmeicheln,beeindrucken,beeindrutisch,schnitcheln,flatter,impress
schmelzen,einfrieren,einzigsren,schächzen,melt,freeze
schmetterling,vogel,votin,schmetterspre,butterfly,bird
schnecke,schildkröte,prechtkröte,sprencke,snail,turtle
nett,schön,neit,schunn,nice,lovely
schreck,erschrecken,erreicken,stackeln,scare,frighten
schrecklich,furchtbar,entwöhnlich,schrittlich,terrible,horrible
schreibtisch,büro,zauro,fluchtisch,desk,office
schüler,lehrer,lekrer,lichler,student,teacher
schulter,knie,knach,fürchter,shoulder,knee
schuss,schießen,friedßen,schness,shot,shoot
schüssel,teller,mögler,stressel,bowl,plate
schweinefleisch,fleisch,kneisch,dienstnefleisch,pork,meat
schwerfällig,schwer,schwim,schwup,heavy,heavily
schwert,messer,floser,sufert,sword,knife
schwester,bruder,geider,schmutter,sister,brother
schwören,eid,aud,ochmoren,swear,oath
seele,geist,gejut,losle,soul,spirit
sehen,treffen,bräufen,sekre,see,meet
sehen,uhr,umt,sekre,look,watch
sekretärin,assistent,assisnon,sekregels,secretary,assistant
abschnitt,absatz,abfang,fahntion,section,paragraph
sekundär,primär,prinoi,sekunside,secondary,primary
sekunde,minute,misiegte,sefriede,second,minute
selbstmord,mord,monu,selbstsprung,suicide,murder
seminar,vorlesung,vorledest,semideck,seminar,lecture
senior,junior,junitelt,senitelt,senior,junior
sensationell,spektakulär,glaubtakulär,sensatiofisch,sensational,spectacular
sensor,sender,korder,senmig,sensor,transmitter
september,oktober,oktogung,württember,september,october
feldwebel,leutnant,pleanant,serbelst,sergeant,lieutenant
serie,folge,wirge,sedel,series,episode
sexuell,körperlich,körsischlich,sexuband,sexual,physical
sheriff,bürgermeister,bürgersuchter,hamriff,sheriff,mayor
sherlock,watson,künson,schülock,sherlock,watson
hemd,jacke,jamai,kiert,shirt,jacket
schütze,scharfschütze,prachtschütze,stalter,shooter,sniper
show,darbietung,darniedtung,kiow,show,performance
ausruhen,schlafen,schlo,ausklärst,rest,sleep
schmal,breit,brott,veredukt,narrow,wide
ablehnen,akzeptieren,anspanmen,weruhrs,refuse,accept
sicher,gesichert,sirung,gesirung,safe,secure
sicherung,sicherheit,sisundheit,sichergung,security,safety
sieg,niederlage,verlock,seig,victory,defeat
nützlich,wirksam,kriesam,bahnvoll,useful,effective
sklave,diener,deindi,waldve,slave,servant
snack,mittagessen,mittenessen,drack,snack,lunch
sofa,bett,benn,sodos,sofa,bed
software,computer,herzputer,zartware,software,computer
soldat,krieger,treuger,solauf,soldier,warrior
söldner,attentäter,attentrichter,sauener,mercenary,assassin
sommer,winter,feuter,gromer,summer,winter
sonnenuntergang,dämmerung,dämmetrie,sonnenüberung,sunset,dawn
spät,früh,tierzeitig,spiek,late,early
spinal,abdominal,abdomichern,matnal,spinal,abdominal
spinne,insekt,inheem,witne,spider,insect
spion,verräter,zahnräter,maton,spy,traitor
spionage,sabotage,sobotion,hautnage,espionage,sabotage
spitzname,nachname,schenname,schotname,nickname,surname
unterhalten,sprechen,pierchen,meerchen,talk,speak
stadion,baseball,basegeld,friedion,stadium,baseball
stehen,sitzen,wolzen,schand,stand,sit
stark,schwach,schliech,gerk,strong,weak
stärke,gewalt,gelist,schirke,strength,force
zudecken,verstecken,verstehung,tridecken,cover,hide
status,position,posischenon,stakam,status,position
stehlen,rauben,zwiben,spallen,steal,rob
klettern,springen,sperrgen,sandgen,climb,jump
stiefel,schuh,scheph,breifel,boot,shoe
stimme,akzent,akbels,reizme,voice,accent
stock,hammer,butmer,stahk,stick,hammer
stoff,taschentuch,taschenfehl,staff,cloth,handkerchief
stolz,würde,kalde,störz,pride,dignity
stolz,aufgeregt,ernehm,störz,proud,excited
strafe,haft,hago,fahrfe,penalty,imprisonment
strand,küste,appte,stratu,beach,coast
straße,autobahn,autowier,fahrße,road,highway
strom,elektrizität,nachttrizität,stopem,current,electricity
suchen,finden,pladen,suben,search,find
südlich,westlich,bintern,udd,southern,western
süden,norden,mieden,sülig,south,north
summe,betrag,halge,prome,sum,amount
sünde,verbrechen,verbreskia,phode,sin,crime
suppe,salat,satio,öffpe,soup,salad
süß,niedlich,woodlich,rass,sweet,cute
symptom,syndrom,synfarm,sympatz,symptom,syndrome
tabak,zigarette,zigaschäfte,tawig,tobacco,cigarette
tablette,pille,blöle,takackte,tablet,pill
kindermädchen,dienstmädchen,gleichmädchen,tagelmädchen,nanny,maid
täglich,wöchentlich,wöstündlich,leklich,daily,weekly
tänzer,tanzen,gutzen,stezer,dancer,dance
tasche,brieftasche,colettasche,tastro,pocket,wallet
knopf,drücken,drackne,belte,button,press
tätowierung,narbe,flabe,tätowiescher,tattoo,scar
narr,idiot,wikot,yanschen,fool,idiot
tausend,hundert,hunraum,tauwell,thousand,hundred
taxi,limousine,lienerbsine,tabär,taxi,limousine
ingenieur,architekt,archinith,idenniker,engineer,architect
technisch,mechanisch,mechaplain,idennisch,technical,mechanical
technologie,wissenschaft,wissentierst,volksnologie,technology,science
jugendlich,teenager,teenfees,kellager,teenage,teenager
telegramm,brief,burf,telegends,telegram,letter
tempel,kloster,blubter,spipel,temple,monastery
terminal,flughafen,handhafen,termimung,terminal,airport
teuer,billig,südrig,somer,expensive,cheap
böse,grausamkeit,zahnsamkeit,metzlisch,evil,cruelty
text,gedicht,gerisch,teux,text,poem
drama,komödie,komögert,everter,drama,comedy
therapie,behandlung,berichlung,theraselt,therapy,treatment
thunfisch,hummer,mysmer,grinfisch,tuna,lobster
biest,tier,tika,gört,beast,animal
tisch,stuhl,pläsel,tibb,table,chair
toast,speck,spink,chast,toast,bacon
tochter,sohn,sowe,stehter,daughter,son
tod,verschwinden,verdienstden,rof,death,disappearance
toilette,waschbecken,fangsbecken,glühlette,toilet,sink
fatal,tödlich,miehlich,fuflich,deadly,fatal
tour,konzert,kontant,hur,tour,concert
tratsch,skandal,skanrick,trisch,gossip,scandal
traurig,tragisch,agogisch,trauzeu,sad,tragic
loyal,treu,treix,trigg,loyal,faithful
treue,hingabe,nakagabe,trike,fidelity,devotion
trick,scherz,sperrzen,spick,trick,joke
getränk,bier,binä,gestifk,drink,beer
trocken,nass,naze,kolcken,dry,wet
tropfen,schluck,schlark,dröhfen,drop,sip
trophäe,medaille,meschüle,trobite,trophy,medal
tumor,krebs,krius,turic,tumor,cancer
turm,gebäude,geckende,tumo,tower,building
turnier,wettkampf,trisen,turvers,tournament,match
typisch,klassisch,charsisch,tyroth,typical,classic
u-boot,boot,boji,owoot,submarine,boat
üben,übung,übling,kren,practice,exercise
superman,batman,nerman,sapermal,superman,batman
übernatürlich,paranormal,paranorziert,spitznatürlich,supernatural,paranormal
überraschung,enttäuschung,enttäubracht,überrabracht,surprise,disappointment
beobachtung,bewertung,bewolfwer,beortachtung,observation,evaluation
ufo,alien,itein,vöo,ufo,alien
umwelt,atmosphäre,atmodernsre,emwalt,environment,atmosphere
umschlag,paket,padal,umschrei,envelope,package
unbequem,unangenehm,unangepoint,unbemard,uncomfortable,unpleasant
unfähigkeit,unfähig,unfäselt,unfähigscher,inability,unable
ungerechtigkeit,unfair,uncats,ungestürztigkeit,injustice,unfair
ungewöhnlich,seltsam,messam,ungepünktlich,unusual,strange
unglücklich,unglück,unrückt,unbrechlich,unfortunate,misfortune
beängstigend,unheimlich,unfieslich,unwichlich,scary,creepy
universum,galaxie,galawall,univerhorn,universe,galaxy
unmöglich,einfach,eitsach,unmögcher,impossible,easy
unschuldig,schuldig,schulney,unsterbdig,innocent,guilty
unterbrechen,stören,araren,unterbreduil,interrupt,disturb
unterschätzen,übertreiben,überzeugben,untermilchzen,underestimate,exaggerate
unterstützung,hilfe,unife,unterzeichzung,support,assistance
prüfen,untersuchen,untersutisch,untersutisch,examine,investigate
überprüfung,inspektion,inflüchtion,untersufield,examination,inspection
unvernünftig,unverantwortlich,unverantmenschlich,unverniedlich,unreasonable,irresponsible
vagina,penis,perua,vatersna,vagina,penis
papa,mama,derma,pipo,daddy,mum
vene,arterie,artetert,forne,vein,artery
ventil,belüftung,belüfkeit,altil,valve,ventilation
veränderung,verbesserung,verbessegelst,verändeplatz,change,improvement
verantwortung,pflicht,zilicht,verantworscher,responsibility,duty
verboten,verbieten,versteuten,tanzboten,forbidden,prohibit
verdienen,würdig,quadig,verängsnen,deserve,worthy
club,bar,tar,tlub,club,bar
vergebung,barmherzigkeit,nochherzig,vergefügt,forgiveness,mercy
vergessen,erinnern,erinnerequardt,verstänsen,forget,remember
vergnügen,freude,niede,vertuckern,pleasure,joy
verhindern,aufhören,stitt,verhinrich,prevent,stop
verkäufer,käufer,hedfer,verwandfer,seller,buyer
verlangen,wunsch,ronsch,verfolten,desire,wish
verlassen,aufgeben,aufgefähr,verwechsen,leave,abandon
verlierer,gewinner,gegärtner,versammrer,loser,winner
verschwörung,betrug,betrott,verstichelung,conspiracy,fraud
versehentlich,absichtlich,absturzlich,versekirchlich,accidentally,intentionally
auktion,verkauf,verrand,nuktion,auction,sale
versuchen,versuch,versitz,versukira,try,attempt
vertrag,vereinbarung,zurechmung,verning,contract,agreement
vertrauen,glauben,bradden,verchenen,trust,believe
verwalten,erfolgreich,erruhmreich,verpunkten,manage,succeed
management,administrativ,administraschlag,minangement,management,administrative
verwaltung,regierung,regiestoß,verwalkers,administration,government
verzeihen,entschuldigen,trierede,verpfänhen,forgive,excuse
vielleicht,wahrscheinlich,kurzscheinlich,vielierst,maybe,probably
virus,infektion,inschäftion,vible,virus,infection
vorbereitung,planung,eisnung,vorbereichern,preparation,planning
vorderseite,rückseite,rückkunfte,vorderkunfte,front,rear
vorfall,unfall,unzung,denfall,incident,accident
fortfahren,fortsetzen,obersetzen,entfisteln,proceed,continue
vorschlagen,empfehlen,landfehlen,vornehmsgen,propose,suggest
vorstellung,kreativität,schwätivität,vorbildlung,imagination,creativity
wählen,auswählen,ausfuhlen,heflen,choose,select
wahnsinn,dummheit,dankheit,färbsinn,madness,stupidity
wahr,real,rerei,wafy,TRUE,real
wahrscheinlichkeit,wahrscheinlich,kurzscheinlich,wahrfreundlichkeit,probability,likely
waisenhaus,kloster,blubter,waisenkung,orphanage,convent
wand,zaun,zamp,wärl,wall,fence
warm,kühl,künt,wane,warm,cool
wärme,temperatur,brandperatur,pumte,heat,temperature
warnung,nachricht,sieschaft,leinung,warning,message
warten,erwarten,ersuchten,zisten,wait,expect
was,das,eus,ies,what,that
washington,boston,gelton,washtingon,washington,boston
weich,sanft,sapft,week,soft,gentle
weihnachten,ferien,fertieren,spärnachten,christmas,holiday
wein,champagner,champabars,wese,wine,champagne
weiß,schwarz,schwizz,weoh,white,black
wenden,drehen,vanden,talde,turn,rotate
werbung,marketing,markelett,empung,advertising,marketing
karriere,ruf,lif,werdekick,career,reputation
werkstatt,garage,garageschlechts,werkström,workshop,garage
werkzeug,instrument,innagement,freszeug,tool,instrument
wert,preis,props,wese,value,price
wertvoll,wichtig,blautig,windvoll,valuable,important
westen,osten,aft,weev,west,east
wettbewerb,meisterschaft,pferterschaft,wettbefand,competition,championship
whiskey,wodka,dyska,whisfon,whiskey,vodka
widerstand,widerstehen,widerträchen,widerspand,resistance,resist
erholen,heilen,rallen,ersalen,recover,heal
wind,sturm,stizam,aund,wind,storm
engel,teufel,grofel,feukel,angel,devil
wirklichkeit,fantasie,fantapeln,kochlichkeit,reality,fantasy
witwe,frau,fruck,borwe,widow,woman
witzig,lustig,koblick,wiffich,witty,funny
wohltätigkeit,spende,dernde,bunttätigkeit,charity,donation
wolke,nebel,nefiz,kafke,cloud,fog
wort,satz,sahn,hert,word,sentence
wörterbuch,redewendung,fratse,wörterklet,dictionary,phrase
wunde,verletzung,verletfall,korde,wound,injury
wunderbar,fantastisch,fantassches,wundersetz,wonderful,fantastic
wurm,schlange,schießge,wuns,worm,snake
wüste,tal,schluchdi,nilte,desert,valley
yoga,massage,grossage,riega,yoga,massage
schwierig,schwer,schwim,schnierig,tough,hard
zelle,gefängnis,gewaltnis,busle,cell,prison
zement,plastik,plasert,zesung,cement,plastic
zerschlagen,zerbrechen,murchen,zersplitgen,smash,break
zeuge,zeugenaussage,metznis,götge,witness,testimony
zimmer,schlafzimmer,stoffzimmer,framer,room,bedroom
zimt,vanille,vahandle,ziha,cinnamon,vanilla
zombie,vampir,vamett,atabie,zombie,vampire
zoo,zirkus,läukus,keo,zoo,circus
zorn,wut,olt,zotan,anger,rage
zucker,schokolade,kleinkolade,zuters,sugar,chocolate
zuflucht,schutz,schositz,zuweicht,refuge,shelter
zug,bus,igs,mog,train,bus
zugeben,gestehen,diechten,zugefähr,admit,confess
zukunft,vergangenheit,vergangenschaf,zurungs,future,past
erhöhen,reduzieren,redutoxren,zuflüsme,increase,reduce
zünder,timer,tikum,klider,detonator,timer
zurück,rückkehr,rückvers,zurars,back,return
zuständigkeit,behörde,bereide,zugangsdigkeit,jurisdiction,authority
zweck,absicht,abschre,zwank,purpose,intention
zwei,vier,gör,usei,two,four
zweifel,vermuten,vermuckis,zweitur,doubt,suspect
