"fi_cue","fi_fake_cue","fi_target","fi_fake_target","en_cue","en_target"
"ääni","hauni","aksentti","akkuunti","voice","accent"
"aarre","jeere","varallisuus","varallikko","treasure","wealth"
"aasi","leksi","hevonen","hevokuo","donkey","horse"
"aavikko","aakaanko","laakso","sampso","desert","valley"
"afrikka","afmurska","amerikka","syylrikka","africa","america"
"agentti","asioiti","etsivä","etsika","agent","detective"
"aids","avei","hiv","asv","aids","hiv"
"aikuinen","aikuivuus","vanhempi","vankauppi","adult","parent"
"aina","torna","jatkuvasti","klonkkuvasti","always","constantly"
"äiti","menti","isä","kiä","mother","father"
"aivot","aimea","aivojen","anvokuo","brain","cerebral"
"ajaa","seata","ratsastaa","ratopettaa","drive","ride"
"ajoneuvo","ihasneuvo","auto","korto","vehicle","car"
"aktiivinen","aktoiva","toiminta","toipas","active","activity"
"ala","kaja","liiketoiminta","viiketoista","industry","business"
"alas","alje","ylöspäin","prespäin","down","up"
"alaston","eläiton","alasti","keesti","nude","naked"
"albumi","varumi","laulu","keslu","album","song"
"alempi","ilonpi","ylempi","veämpi","lower","upper"
"aliarvioida","tuplavioida","liioitella","liijottaa","underestimate","exaggerate"
"alkoholi","alkoaseelli","lääke","pieke","alcohol","drug"
"alkuperäinen","alkupoinen","kopio","kolio","original","copy"
"alue","alvea","vyöhyke","tielhyke","area","zone"
"alueellinen","alujova","paikallinen","paijova","regional","local"
"amatööri","amapriori","ammattitaitoinen","ammattijaloinen","amateur","professional"
"ambulanssi","ambuvaju","helikopteri","helilansti","ambulance","helicopter"
"ampuja","ampuheen","tarkka-ampuja","tarkka-naamuja","shooter","sniper"
"analyytikko","anaidiootikko","tutkija","kiinkija","analyst","investigator"
"anarkia","uraskia","kapitalismi","kapiroswellismi","anarchy","capitalism"
"anatomia","kieltomia","psykologia","psykofolia","anatomy","psychology"
"ankkuri","traakuri","purjehtia","purshottia","anchor","sail"
"annos","anjus","injektio","inhaitio","dose","injection"
"anonyymi","kompnyymi","tuntematon","aloittematon","anonymous","unknown"
"ansa","puosa","syötti","lautti","trap","bait"
"ansaitseva","anelääkseva","arvoinen","arvoijon","deserve","worthy"
"tuli","tumsi","liekki","ylelki","fire","flame"
"antaa anteeksi","antaa ajuksi","tekosyy","tekonaasi","forgive","excuse"
"anteeksianto","anomaissianto","armo","arvai","forgiveness","mercy"
"apina","sakina","gorilla","jomilla","monkey","gorilla"
"areena","nartna","taistelukenttä","taistelujomla","arena","battlefield"
"arkku","känky","hautajaiset","amojaiset","coffin","funeral"
"arsenaali","arseaseelli","armeija","arnoija","arsenal","armory"
"artikkeli","artinko","sanomalehti","sakumarahti","article","newspaper"
"arvo","arpus","hinta","karsa","value","price"
"arvokas","arvolään","tärkeä","meskeä","valuable","important"
"aine","aime","hiukkanen","syylkanen","matter","particle"
"ekspertti","eksmatti","asiantuntija","asianmuikija","expert","specialist"
"aspiriini","aspimaani","morfiini","morvaääni","aspirin","morphine"
"astronautti","astrosentti","lentäjä","näyttäjä","astronaut","pilot"
"atomi-","atosi-","ydin","rusin","atomic","nuclear"
"auringonlasku","auristonparju","aamunkoitto","aarunsoikko","sunset","dawn"
"auttaa","naustaa","avustaa","koistaa","help","assist"
"autografi","noutografi","valokuvaaja","valomukaaja","autograph","photographer"
"avaaminen","ylisminen","sulkeminen","ruumeninen","opening","closure"
"avain","rasain","lukko","pirko","key","lock"
"avata","ventaa","sulkea","surmea","open","close"
"tie","kie","katu","mistu","avenue","street"
"avioero","aviomuso","avioliitto","nopioliitto","divorce","marriage"
"aviomies","omismies","vaimo","päämo","husband","wife"
"avuton","hipeton","voimaton","ruomaton","helpless","powerless"
"banaani","basaani","mansikka","manjukka","banana","strawberry"
"bonus","bokus","palkinto","palluotto","bonus","reward"
"brändi","eväidi","tuote","synte","brand","product"
"bravo","ohivo","alfa","alke","bravo","alpha"
"budjetti","synkjetti","rahoitus","rataantus","budget","funding"
"caesar","piskari","rooma","misma","caesar","rome"
"college","haukeve","yliopisto","edespisto","college","university"
"halkeama","varjeama","reikä","taska","crack","hole"
"dekaani","sakaani","professori","protompsori","dean","professor"
"dna","kna","sormenjälki","sormenpunki","dna","fingerprint"
"draama","rankma","komedia","komekuva","drama","comedy"
"dramaattinen","drajanttinen","romanttinen","rojanttinen","dramatic","romantic"
"dvd","pvd","video","vikeo","dvd","video"
"dynastia","dypulttia","valtakunta","valtatunka","dynasty","empire"
"etuosa","retuosa","takaosa","jakaosa","front","rear"
"edetä","meretä","jatkaa","latkaa","proceed","continue"
"edistyminen","vejittyminen","kehitys","kehitto","progress","development"
"ehdokas","ehdolänä","äänestäjä","ääeräältäjä","candidate","voter"
"esittää","ehplantaa","ehdottaa","ehkuntaa","propose","suggest"
"ehdottomasti","ehmutamasti","täysin","keesin","absolutely","completely"
"ei koskaan","ei monjaan","koskaan","herkaan","never","ever"
"ei mitään","ei meruun","jotain","jokain","nothing","something"
"elää","ekää","selvitä","serjitä","live","survive"
"eläintarha","flirttarha","sirkus","raikus","zoo","circus"
"eläke","nokke","palkka","opetka","pension","salary"
"ele","vele","esitys","esijus","gesture","act"
"elokuva","hyökkuva","teatteri","päänteri","cinema","theater"
"elossa","erääsä","kuollut","myönlut","alive","dead"
"rakastajatar","rapustajatar","rakastaja","radioontaja","mistress","lover"
"englanti","osoilanti","ranska","janska","english","french"
"enkeli","poikkeli","paholainen","pahorijonen","angel","devil"
"ennätys","ennäkään","äänite","ääpääste","record","recording"
"ensimmäinen","ensimannen","viimeinen","viijoinen","first","last"
"epäillä","ekäillä","epäilty","ikäänty","doubt","suspect"
"epämukava","epäsukoava","epämiellyttävä","epämielenistävä","uncomfortable","unpleasant"
"epäoikeudenmukaisuus","epäjoireudensukaisuus","epäoikeudenmukainen","epäjoireudensukainen","injustice","unfair"
"epätavallinen","asioistavallinen","outo","pasto","unusual","strange"
"erikoinen","käytkoinen","ainutlaatuinen","ainuthujainen","special","unique"
"erinomainen","koosomainen","loistava","hanktava","excellent","great"
"erittäin","hylin","hyvin","ekittäin","extremely","very"
"eroaminen","tuuta","hylkääminen","hyluseimminen","resignation","dismissal"
"saattaa","jaattaa","seurata","muisrata","escort","accompany"
"esiintyä","esiinlet","tapahtua","jamahtua","occur","happen"
"kohde","kolje","tekijä","teminä","object","subject"
"artefakti","arkenasti","medaljonki","meleontlari","artifact","medallion"
"estää","essei","lopettaa","lolaistaa","prevent","stop"
"este","vyyte","haaste","juatte","obstacle","challenge"
"etäisyys","enemsyys","nopeus","nomean","distance","speed"
"etana","emapa","kilpikonna","kiljisonna","snail","turtle"
"etelä","utela","pohjoinen","polkoinen","south","north"
"eteläinen","kuolläinen","läntinen","heittinen","southern","western"
"etuoikeus","teoiskeus","kunnia","tapnia","privilege","honor"
"evoluutio","ovosuunio","mutaatio","jutaakio","evolution","mutation"
"fiksu","hahsu","älykäs","epikäs","smart","intelligent"
"filosofia","jikonopia","uskonto","usneisto","philosophy","religion"
"flunssa","oranssa","sairaus","sairion","flu","disease"
"laituri","jainuki","asema","pääma","platform","station"
"fysiikka","fyruaika","matematiikka","jatemasiikka","physics","mathematics"
"galleria","edesleria","näyttely","vaihtely","gallery","exhibition"
"generaattori","senepaakkori","reaktori","ylittori","generator","reactor"
"golf","gora","tennis","tespis","golf","tennis"
"haava","puuva","vamma","kisma","wound","injury"
"etsiä","atsua","löytää","jöyrää","search","find"
"hai","ioi","kala","jara","shark","fish"
"hallinto","halreakto","hallitus","hallisiin","administration","government"
"hallita","muislita","onnistua","onjuontua","manage","succeed"
"varoitus","nasoitus","hälytys","hälyliin","alert","alarm"
"hämähäkki","hämäskonski","hyönteinen","julkteinen","spider","insect"
"hame","murme","mekko","tesko","skirt","dress"
"hanhi","koihi","ankka","vonka","goose","duck"
"hanke","sukke","ohjelma","ohselja","project","program"
"harjoitella","karjoinetta","treenata","ureesata","practice","exercise"
"harkita","niikkita","ajatella","joistella","consider","think"
"harrastus","harnioitus","urheilu","urkuullu","hobby","sport"
"hauta","rusta","hautausmaa","haukuormaa","grave","cemetery"
"havainto","haunetto","arviointi","areliitti","observation","evaluation"
"häviäjä","hämäänjä","voittaja","luontaja","loser","winner"
"hei","ini","hei hei","heisyet","hello","bye"
"heijastus","heinioitus","peili","isoli","reflection","mirror"
"henkilö","muiskilö","yksilö","yksityim","person","individual"
"henkilökohtainen","sunkilojoltainen","intiimi","inkeusmi","personal","intimate"
"henkinen","henkirosu","emotionaalinen","oaklantionaalinen","mental","emotional"
"perintö","jesintä","periä","pelai","heritage","inherit"
"hauras","kaulas","herkkä","huuhkä","delicate","sensitive"
"hermo","kosmo","lihas","likim","nerve","muscle"
"herra","kosra","rouva","houna","lord","lady"
"hidas","hijoa","nopea","kojea","slow","fast"
"hiili","melli","vety","veniä","carbon","hydrogen"
"hiiri","gaari","rotta","pista","mouse","rat"
"hiljainen","muutjainen","rauhallinen","rauspontaa","quiet","calm"
"hiljainen","muutjainen","hiljaisuus","hiljaijien","silent","silence"
"himoita","hijausta","toivoa","härve","desire","wish"
"hirviö","hirtei","olento","kiinto","monster","creature"
"hitaasti","hiheutti","nopeasti","nomuutti","slowly","quickly"
"hiukset","jiaiset","parta","vitta","hair","beard"
"terapia","selapia","hoito","parto","therapy","treatment"
"hölmö","kismö","idiootti","asioisti","fool","idiot"
"hormoni","kumpmoni","adrenaliini","alpekariiki","hormone","adrenaline"
"hotelli","hoihaili","motelli","moihaili","hotel","motel"
"huippu","elinpu","pohja","lanja","top","bottom"
"hukkua","lyökua","uida","uimis","drown","swim"
"hulluus","hulteis","tyhmyys","hanmyys","madness","stupidity"
"hunaja","sulaja","voi","toa","honey","butter"
"huolestunut","huoavioitunut","hermostunut","maailmostunut","worried","nervous"
"huomenna","avaimenna","aamu","äärä","tomorrow","morning"
"huomio","huopea","houkutella","roujukella","attention","attract"
"huone","lenne","makuuhuone","jakuuruose","room","bedroom"
"köyhä","röysä","rikas","rinen","poor","rich"
"hurrikaani","asiakrikaani","tornado","ajatnado","hurricane","tornado"
"huuli","noili","poski","hirki","lip","cheek"
"huulipuna","asiallipuna","hajuvesi","palukeri","lipstick","perfume"
"huutokauppa","huutorioitpa","myynti","mulkti","auction","sale"
"hymy","hynea","nauru","nausi","smile","laugh"
"hyödyllinen","maaildyllinen","tehokas","teholään","useful","effective"
"hyödytön","kiihdytön","arvoton","arvoneet","useless","worthless"
"hyvä","kyyro","huono","tesno","good","bad"
"hyväntekeväisyys","hyjänserepäisyys","lahjoitus","käytjoitus","charity","donation"
"idea","ijua","teoria","mumria","idea","theory"
"ihailla","nioilla","arvostaa","arruuttaa","admire","appreciate"
"ihana","josna","fantastinen","fanpointtinen","wonderful","fantastic"
"ihanteellinen","eversteellinen","täydellinen","maaildellinen","ideal","perfect"
"iho","iro","kudos","kunso","skin","tissue"
"ikkuna","aluskuna","ovi","kli","window","door"
"ikuinen","siainen","ruma","kolma","disgusting","ugly"
"ikuinen","siainen","iäisyys","järkuus","eternal","forever"
"ilkeä","iltan","likainen","lisyytnen","nasty","filthy"
"illallinen","ilmiöislinen","aamiainen","oosiaimen","dinner","breakfast"
"illuusio","illuukeat","hallusinaatio","talkusipaatio","illusion","hallucination"
"ilma","alra","happi","anepi","air","oxygen"
"ilmiö","ilpöä","tapahtuma","jarastuka","phenomenon","event"
"nautinto","taupinko","ilo","ejo","pleasure","joy"
"imeä","ilää","nuolla","kiosla","suck","lick"
"innostaa","insuuntaa","inspiraatio","epäilpiraatio","inspire","inspiration"
"innostus","annostes","intohimo","inepäinhimo","enthusiasm","passion"
"insinööri","insimeklari","arkkitehti","arskipehti","engineer","architect"
"internet","inmyönnet","verkko","reitko","internet","web"
"ironia","ryynia","ironinen","otukninen","irony","ironic"
"isä","irä","äiti","menti","daddy","mum"
"iso","ito","valtava","joittava","big","huge"
"pääkaupunki","näärausunji","kaupunki","kaumarkki","capital","city"
"isoisä","siessä","isoäiti","sääsäiti","grandfather","grandmother"
"oikeastaan","aileoskaan","todella","tomaatla","actually","really"
"itsemurha","immekursa","murha","jurka","suicide","murder"
"itsepäinen","itsesujannen","itsekäs","itserian","stubborn","selfish"
"jakso","jurso","kohta","perta","section","paragraph"
"jälkiruoka","jälkimaailka","kakku","luuku","dessert","cake"
"jalo","jeto","urhea","urvyt","noble","brave"
"seisoa","jeikoa","istua","inkoa","stand","sit"
"jännittävä","asiaknittävä","mielenkiintoinen","tierensiinpoinen","exciting","interesting"
"järjestää","järpäättää","järjestellä","järkääntää","arrange","organize"
"jäsen","jämeä","johtaja","laestuja","member","leader"
"jätkä","nenkä","veli","jeki","dude","bro"
"jättää","tistää","luopua","tiapua","leave","abandon"
"tuhlata","jursata","käyttää","säyttää","waste","spend"
"jazz","jauu","musiikki","mupyyhki","jazz","music"
"jeeppi","lietpi","kuorma-auto","kuorelotto","jeep","truck"
"jengi","kurgi","ryhmä","hammä","gang","group"
"jo","nä","edelleen","käynleea","already","still"
"tehtävä","jersänä","työ","oto","job","work"
"johtaja","nahtaja","pomo","huumo","manager","boss"
"johto","histo","hallinnollinen","sallinkorrinen","management","administrative"
"johtopäätös","kontoräätös","oletus","nontus","conclusion","assumption"
"joki","ropi","järvi","liovi","river","lake"
"jooga","nalka","hieronta","kielosta","yoga","massage"
"joskus","kinkus","usein","asure","sometimes","often"
"joulu","sillu","loma","kesma","christmas","holiday"
"journalismi","tuplanalismi","politiikka","aseellitiikka","journalism","politics"
"julkkis","sulkria","tähti","lanti","celebrity","star"
"raaka","asoma","julma","lioma","brutal","cruel"
"jumala","jukoilla","jumalallinen","jurasakkinen","god","divine"
"juoda","kuoda","olut","olee","drink","beer"
"juoru","vahru","skandaali","tartdaali","gossip","scandal"
"juosta","kiasta","kävellä","käsuurlä","run","walk"
"kaaos","jaaros","sekaannus","seluotnus","chaos","confusion"
"kaapeli","arunkeli","lanka","käskä","cable","wire"
"komero","jokero","kaappi","kortpi","cabinet","closet"
"kaasu","heisu","polttoaine","solkkoeise","gas","fuel"
"koko","sono","valmis","jarkis","total","complete"
"kaivaa","kailut","haudata","vioidata","dig","bury"
"kaksi","sulsi","neljä","relsä","two","four"
"kaksinkertainen","palkinvernainen","kolminkertainen","solrinjelnainen","double","triple"
"kalenteri","kaskootteri","ajoittaa","aroistaa","calendar","schedule"
"kaliiperi","kakrampperi","bullet","moilet","caliber","bullet"
"kallis","kaldyt","halpa","siepa","expensive","cheap"
"kamera","kaaustra","mikrofoni","sikroponi","camera","microphone"
"kampanja","juokpanja","vaalit","vaaras","campaign","election"
"kana","jaka","kalkkuna","ramppuna","chicken","turkey"
"kanava","rusaka","uutiset","aatinet","channel","news"
"kaneli","sameri","vanilja","rasilka","cinnamon","vanilla"
"kangas","kankoa","nenäliina","nenäköäännä","cloth","handkerchief"
"kansainvälinen","idiootsainvälinen","maailma","maailtu","international","world"
"kansallinen","kanrikkolinen","maailmanlaajuinen","raaispankaaruinen","national","global"
"kapasiteetti","kapasiimplantti","kyky","kypin","capacity","ability"
"kapea","kavil","leveä","lehyn","narrow","wide"
"kappale","suospale","pala","rilla","fragment","piece"
"kapseli","juokseli","luotain","ruojain","capsule","probe"
"karhu","työhu","susi","fyysi","bear","wolf"
"karnevaali","tarmekaali","festivaali","aloiltivaali","carnival","festival"
"kärsiä","piksiä","kuolla","railla","suffer","die"
"kärsimys","jämsitys","kipu","kity","suffering","pain"
"piinata","viisaja","kiduttaa","kimaantaa","torment","torture"
"kärsivällisyys","tänkipäkkisuus","myötätunto","hyöpärunso","patience","compassion"
"käsi","harsi","varsi","noksi","hand","arm"
"prosessi","kromeppi","menettely","meavaintely","process","procedure"
"kasvain","talvain","syöpä","pörpä","tumor","cancer"
"käteinen","räseilen","raha","ratyi","cash","money"
"katolinen","rapokinea","kristillinen","elektillinen","catholic","christian"
"katsoa","selsoa","katsella","katkaisla","look","watch"
"kauhea","kaunas","kamala","kanoilla","terrible","horrible"
"kauhu","arthu","pelko","mosko","horror","fear"
"kaupallinen","tausakkinen","kauppias","kirkpias","commercial","merchant"
"soveltaa","hovertaa","käyttää","möittää","apply","use"
"käytäntö","käysyöttö","poliitikko","poeverstikko","policy","politician"
"keisarillinen","jeikarimminen","keisari","siassari","imperial","emperor"
"keitto","bristo","salaatti","sakointi","soup","salad"
"kemia","keänä","biologia","pyynlogia","chemistry","biology"
"kemiallinen","keleyynlinen","biologinen","elektloginen","chemical","biological"
"noutaa","jouvaa","kerätä","keryvä","collect","gather"
"kerma","aluma","kastike","teettike","cream","sauce"
"kerros","kerlät","pinta","väikä","layer","surface"
"kersantti","kerluisti","luutnantti","trianantti","sergeant","lieutenant"
"kesä","kenut","talvi","jänvi","summer","winter"
"kesäkuu","kesätene","heinäkuu","heirävuu","june","july"
"keskeyttää","kesväistää","häiritä","säirötä","interrupt","disturb"
"keskittää","keseläytyä","keskittyä","renvittyä","focus","concentrate"
"keskiyö","letviuo","keskipäivä","respikaiva","midnight","noon"
"puhelu","ruselu","keskustelu","kesaloittelu","conversation","discussion"
"ketju","siuju","köysi","juasi","chain","rope"
"ketsuppi","ketniimpi","majoneesi","majoprenssi","ketchup","mayonnaise"
"kettu","tantu","kani","neeni","fox","rabbit"
"kevät","ketie","syksy","akasy","spring","autumn"
"kielletty","pääsletty","kieltää","keyttää","forbidden","prohibit"
"kieltäytyä","tieväyrtyä","hyväksyä","rytäksyä","refuse","accept"
"kiertue","kierpöä","konsertti","konvaasti","tour","concert"
"kiinteistö","kiinälyttö","omistaja","asuntaja","property","owner"
"kiireellinen","kuuseellinen","hätä","ristä","urgent","emergency"
"kiitollinen","kaavollinen","kiittää","viirkää","grateful","thank"
"kiivetä","teenvetä","hypätä","hygieetä","climb","jump"
"kilo","kivää","gramma","freema","kilo","gram"
"kilometri","kalosetri","metri","kespi","kilometer","meter"
"kilpailu","pääspailu","mestaruus","mestamiin","competition","championship"
"kilpi","muspi","panssari","teetsari","shield","armor"
"kirjaimellisesti","kirjaimelliiskantti","käytännössä","käytäneteensä","literally","practically"
"kirjasto","kirviitto","museo","rukeo","library","museum"
"kirjekuori","sirketuori","paketti","pamuisti","envelope","package"
"kirkko","siepko","kappeli","juokpeli","church","chapel"
"kirous","kijoat","noita","rieta","curse","witch"
"kirurgi","kitaangi","lääkäri","tenskäri","surgeon","doctor"
"kiva","rika","ihana","ikava","nice","lovely"
"kivääri","kiterpri","ase","kae","rifle","gun"
"kivihiili","kivideoonli","öljy","ölke","coal","oil"
"klaani","vaahni","perhe","kulhe","clan","family"
"klubi","tsupi","baari","ajeri","club","bar"
"koe","aue","testata","polttata","experiment","test"
"kohta","perta","osoittaa","asiaktaa","point","indicate"
"sallimus","rakkipus","kohtalo","suuttalo","fate","destiny"
"kohteliaisuus","kohterensevuus","lahja","erija","compliment","gift"
"kohtelias","kohtevoin","ystävällinen","ästätällinen","polite","friendly"
"kohtuuton","kohliitton","vastuuton","vasosaston","unreasonable","irresponsible"
"koira","rasra","kissa","hääsä","dog","cat"
"kokaiini","jovarini","heroiini","heälyäni","cocaine","heroin"
"kokea","koata","tieto","huoto","experience","knowledge"
"kokki","punki","keittiömestari","heikkiökeltari","cook","chef"
"koko","kojen","pituus","pikyys","size","length"
"kollega","siirlega","ystävä","suuntävä","colleague","friend"
"kolmas","saamas","neljäs","neltto","third","fourth"
"komentaja","koaloittaja","kapteeni","suosteeni","commander","captain"
"komento","kosiirto","käsky","räspy","command","order"
"komissio","komiskeat","komitea","korivea","commission","committee"
"kommentti","komkaasti","lausunto","laukiehto","comment","statement"
"kompassi","syytpassi","kartta","koorta","compass","map"
"konferenssi","konserentti","tapaaminen","tajaakiven","conference","meeting"
"konflikti","järklikti","riita","tarta","conflict","dispute"
"betoni","kelopi","teräs","tenka","concrete","steel"
"käsite","läkite","määritelmä","täävijelmä","concept","definition"
"konservatiivinen","repliikservatiivinen","liberaali","kiperaali","conservative","liberal"
"koodi","reidi","salasana","saparana","code","password"
"koripallo","kovitakko","jalkapallo","osoitkapallo","basketball","football"
"korjata","avaajata","korjaus","korjeen","fix","repair"
"vaihtaa","jaistaa","korvata","raanvata","replace","substitute"
"koskea","kosliä","huoli","koili","concern","worry"
"kosto","herto","oikeus","oisina","revenge","justice"
"juna","kuma","bussi","sapsi","train","bus"
"sitkeä","rinpeä","kova","kodis","tough","hard"
"köyhyys","köykeys","kurjuus","kurlais","poverty","misery"
"kreivi","tienvi","laskea","laslia","count","calculate"
"kriittinen","eloontinen","poliittinen","poeverstinen","critical","political"
"kruunu","ruisnu","valtaistuin","valheeltuin","crown","throne"
"kuiva","norva","märkä","ryikä","dry","wet"
"kukkula","asenkula","vuori","sabri","hill","mountain"
"kulho","jerho","lautanen","lautavuus","bowl","plate"
"kulma","perma","kuja","kunin","corner","alley"
"kultainen","odottainen","hopea","homio","golden","silver"
"kulttuuri","frantuuri","sivilisaatio","jivilinaatio","culture","civilization"
"kuningatar","murinkas","kuningas","kuninroin","queen","king"
"kuninkaallinen","juminkaallinen","kuningaskunta","humingaspunta","royal","kingdom"
"kunniamerkki","kunniabronski","univormu","anikormu","badge","uniform"
"kunnioittaminen","kummioistarinen","luottamus","tuontamus","respect","confidence"
"kunnollinen","kevettinen","rehellinen","jummollinen","decent","honest"
"kuolema","reillema","katoaminen","jatuosinen","death","disappearance"
"kuppi","muppi","kahvi","raivi","cup","coffee"
"kurja","sisja","säälittävä","maallittävä","miserable","pathetic"
"kurkku","taakku","kaula","lolla","throat","neck"
"kuu","naa","aurinko","aukeuhko","moon","sun"
"kuukausi","kuuneeksi","viikko","avaiko","month","week"
"kuulustelu","juuruntelu","oikeudenkäynti","ormeusenpaanti","hearing","trial"
"kuuma","thoma","kylmä","törmä","hot","cold"
"kuun","krun","auringon","aukeuhko","lunar","solar"
"kuunnella","työsnellä","kuulla","seilla","listen","hear"
"kuva","kunin","valokuva","rajosuma","picture","photo"
"kuvata","kukuutta","ilmaista","ilpoltta","describe","express"
"kuvernööri","kuvermeklari","senaattori","kemaattori","governor","senator"
"kypärä","kypätinö","hattu","tratu","helmet","hat"
"kysymys","kysynoon","kysyä","kymoa","question","ask"
"kysyntä","kykeittä","pyyntö","markto","demand","request"
"kyvyttömyys","kyvyttötiöön","kykenemätön","hyvesetämön","inability","unable"
"lääketieteellinen","luumesieteellinen","psykologinen","tsyromoginen","medical","psychological"
"lääni","jieni","seutu","jeuru","county","district"
"laatikko","poislikko","laukku","vaelku","box","bag"
"lastata","lahuolta","rahti","avoti","load","cargo"
"lähde","muude","tiedonantaja","mieronunkaja","source","informant"
"lahti","tarsi","satama","kajama","bay","harbor"
"lähellä","läkäänlä","kaukana","liikkana","near","far"
"lahjoa","lahsio","kiristää","kinäyttää","bribe","blackmail"
"laiton","tunton","laillinen","ajaslinen","illegal","legal"
"laitteet","amusteet","varustaa","vapolttaa","equipment","equip"
"laki","lavas","perustuslaki","parustusmaki","law","constitution"
"lakimies","lukiries","syyttäjä","pälktäjä","lawyer","prosecutor"
"lämmin","vihmin","viileä","viiköt","warm","cool"
"lämpö","tespö","lämpötila","maailpotika","heat","temperature"
"lamppu","narkpu","kynttilä","opastilä","lamp","candle"
"länsi","tyksi","itä","ärä","west","east"
"lasagne","matagne","spagetti","brisgetti","lasagna","spaghetti"
"lasi","täisi","pullo","reilo","glass","bottle"
"lasit","jasit","korkki","joanki","glasses","cap"
"laskimo","piikkimo","valtimo","senttimo","vein","artery"
"lasku","nukku","lento","suuto","landing","flight"
"läsnäolo","läsnämius","poissaolo","kiersaolo","presence","absence"
"lastenhoitaja","kartenpoikaja","piika","mukka","nanny","maid"
"lattia","teutia","matto","jatto","floor","carpet"
"lauantai","lauanreet","sunnuntai","sunnunbien","Saturday","Sunday"
"laukaista","lauseenta","aktivoida","aksivuoda","trigger","activate"
"laukaus","laudaan","ampua","askua","shot","shoot"
"laulaja","koillaja","muusikko","muukeuhko","singer","musician"
"mielipide","kievirise","asenne","mianne","opinion","attitude"
"legioona","lediaava","armeija","artakoja","legion","army"
"lehmä","hyömä","sika","sivis","cow","pig"
"leima","paama","allekirjoitus","ullepirkoijus","stamp","signature"
"leipä","köspä","juusto","kurkto","bread","cheese"
"leiri","nööri","kylä","sylä","camp","village"
"lesbo","ajebo","homo","lasmo","lesbian","gay"
"leski","ninki","nainen","juhnen","widow","woman"
"levätä","hepätä","nukkua","puskua","rest","sleep"
"liiga","orega","tiimi","apumi","league","team"
"liikkua","vuokkua","siirtää","kiirpää","move","transfer"
"liittokansleri","kiipposansperi","presidentti","presituointi","chancellor","president"
"liittovaltion","laakkopaltion","osavaltio","kuulvaltio","federal","state"
"likainen","lisyinen","ällöttävä","älreiästävä","dirty","disgusting"
"limsa","obasa","sooda","jerda","lemonade","soda"
"lippu","isäpu","passi","häisi","ticket","passport"
"lippu","isäpu","symboli","alasboli","flag","symbol"
"lisääntyä","likiihtyä","vähentää","värestää","increase","reduce"
"lisätä","likäsä","laittaa","heuttaa","insert","put"
"lohikäärme","lohitioimme","leijona","suunjona","dragon","lion"
"lomake","lorake","allekirjoittaa","ummesirpoittaa","form","sign"
"loppu","naapu","lopettaa","lasettaa","end","finish"
"lopuksi","loosaisi","lopulta","loveista","finally","eventually"
"lopullinen","lojassinen","perimmäinen","parinkäinen","final","ultimate"
"loukkaus","kaaskaus","loukata","kriskata","insult","offend"
"lukea","lupoi","kirjoittaa","kirsuuntaa","read","write"
"lukeminen","lapeninen","kirjoittaminen","hirsoikkaminen","reading","writing"
"lukittu","lusaastu","suljettu","sulmaastu","locked","closed"
"luoda","huoda","tuottaa","hauttaa","create","produce"
"luokka","keitka","koulu","paslu","class","school"
"luominen","luakinen","tuhoaminen","hurouminen","creation","destruction"
"luonnollinen","maailnollinen","keinotekoinen","veinosepainen","natural","artificial"
"luonnollisesti","ruossollisesti","yleisesti","kiissesti","naturally","generally"
"luottamus","huokkamus","uskoa","asvoa","trust","believe"
"luotto","lautto","lainata","journata","credit","loan"
"lupa","rupa","hyväksyminen","tynästyminen","permission","approval"
"lusikka","luneetka","haarukka","haahaaska","spoon","fork"
"luu","nuu","kallo","salpo","bone","skull"
"lyhyt","lyryt","pitkä","elökä","short","long"
"maa","laa","kansakunta","tansapunka","country","nation"
"maa","laa","lentää","märtää","land","fly"
"maahantunkeutuminen","haarankunkeusulinen","hyökkäys","ryöskäys","invasion","attack"
"maailmankaikkeus","meeistanvaikkeus","galaksi","gaviitsi","universe","galaxy"
"maalata","joolata","piirtää","kiirtää","paint","draw"
"maanantai","maananjuus","tiistai","eriltai","monday","tuesday"
"maanjäristys","kaansäristys","räjähdys","käjästys","earthquake","explosion"
"määrä","hierä","laatu","koutu","quantity","quality"
"numero","kujero","osoite","avaite","number","address"
"mafia","malea","kartelli","karihaili","mafia","cartel"
"magneettinen","makreettinen","sähköinen","työsköinen","magnetic","electric"
"tilaisuus","kiraivuus","mahdollisuus","marsollivuus","chance","possibility"
"mahdoton","vaskoton","helppo","korppo","impossible","easy"
"mahtava","teistava","kunnia","tapnia","glorious","glory"
"maili","hulli","senttimetri","aloiltimetri","mile","centimeter"
"mainonta","maihaalta","markkinointi","marknivointi","advertising","marketing"
"maito","eetto","mehu","meku","milk","juice"
"majesteetti","masenveetti","korkeus","korjuun","majesty","highness"
"makea","marea","söpö","väpö","sweet","cute"
"maku","kaku","haju","haru","taste","smell"
"malli","tesli","prototyyppi","protoriippi","model","prototype"
"maraton","maretoa","kilpailu","vilkairu","marathon","race"
"marraskuu","makkasluu","joulukuu","jourusuu","november","december"
"mars","male","venus","velyä","mars","venus"
"matala","maruilla","korkea","liikea","low","high"
"matkustaja","manatoittaja","kuljettaja","kulsioistaja","passenger","driver"
"mato","maro","käärme","sparme","worm","snake"
"maukas","keikas","herkullinen","heskuntinen","tasty","delicious"
"mehiläinen","rekiväinen","muurahainen","juuravainen","bee","ant"
"melu","mesu","ääni","rouni","noise","sound"
"menestys","merentys","epäonnistuminen","ekäunniskominen","success","failure"
"menetelmä","isäännetelmä","tekniikka","tekluaika","method","technique"
"merellinen","mesettinen","laivasto","lairinsto","marine","navy"
"meri","meneo","valtameri","nioittameri","sea","ocean"
"merirosvo","merikorjo","merimies","merikysä","pirate","sailor"
"merisotilaallinen","keniporikaallinen","laivasto","lairinsto","naval","fleet"
"merkitys","merkimmä","tärkeys","väskeys","meaning","importance"
"luonne","älykki","persoonallisuus","kerjoonassipuus","character","personality"
"mestari","juoktari","taistelija","elektelija","champion","fighter"
"metsästys","merkäntys","kalastus","karaskus","hunting","fishing"
"miehistö","mieälyttö","laiva","taiva","crew","ship"
"miekka","maalka","veitsi","naissi","sword","knife"
"mielikuvitus","jierisukitus","luovuus","keavuus","imagination","creativity"
"mies","mire","ihminen","itpiren","man","human"
"miljonääri","riljoseeri","yrittäjä","määntäjä","millionaire","entrepreneur"
"miljoona","milkruuna","miljardi","miltrendi","million","billion"
"ming","mikö","ling","likö","ming","ling"
"minimi","mitivi","enimmäismäärä","esilläiskäärä","minimum","maximum"
"mikä","huo","tuo","ryntä","what","that"
"moderni","molersi","perinteinen","hesirteinen","modern","traditional"
"hytti","rökki","kansi","hanvi","cabin","deck"
"monumentti","sonukentti","patsas","patjon","monument","statue"
"motiivi","moreenvi","alibi","akisi","motive","alibi"
"mukava","lukava","miellyttävä","siekryttävä","comfortable","pleasant"
"munkki","pelkki","pappi","nospi","monk","priest"
"munuainen","mukueinen","maksa","takna","kidney","liver"
"muodikas","muusikas","tyylikäs","tyyrinäs","fashionable","elegant"
"murskata","heikkata","rikkoa","piskoa","smash","break"
"mustasukkainen","multapussainen","vihainen","vipounen","jealous","angry"
"muta","jeita","hiekka","aletka","mud","sand"
"muualle","kiiolla","jonnekin","tonnesin","elsewhere","somewhere"
"muutos","kuupos","parannus","paranlono","change","improvement"
"myöhään","söthään","aikaisin","aiheutsin","late","early"
"myöntää","ryyttää","tunnustaa","tunplantaa","admit","confess"
"myötätuntoinen","möötäsunkoinen","antelias","ansepias","compassionate","generous"
"myrkyttää","marpykkää","tappaa","sumpaa","poison","kill"
"myyjä","nörjä","ostaja","kuuja","seller","buyer"
"kauppa","ruokka","myymälä","päätmälä","shop","store"
"myytti","meästi","legenda","lefrieda","myth","legend"
"naarmu","martmu","mustelma","kieltelma","scratch","bruise"
"nähdä","rähdä","tavata","kavasa","see","meet"
"naiivi","paanvi","tyhmä","peämä","naïve","stupid"
"naiivi","paanvi","kyyninen","joukninen","naive","cynical"
"näkymä","täsyrä","näkökulma","nökörusma","view","perspective"
"nälkä","viskä","jano","jato","hunger","thirst"
"napata","naleista","siepata","kierana","grab","catch"
"nätti","tosti","kaunis","käydät","pretty","beautiful"
"naula","jauka","hammas","ryhmas","nail","tooth"
"naurettava","nausioistava","absurdi","abfrendi","ridiculous","absurd"
"navigointi","laviroisti","viestintä","kienrinkä","navigation","communication"
"näytös","neikos","esitys","esikun","show","performance"
"näyttö","heettö","monitori","moaseettori","screen","monitor"
"nero","nevät","tiedemies","tiidakies","genius","scientist"
"juokseva","puonteva","neste","solte","liquid","fluid"
"neula","jalla","ruisku","elinku","needle","syringe"
"neuvo","reuko","neuvoa","reuvoa","advice","advise"
"niellä","äjetlä","pureskella","puskerella","swallow","chew"
"nimi","halmi","otsikko","otteenko","name","title"
"nimimerkki","sikirentti","sukunimi","suloriti","nickname","surname"
"ninja","setja","samurai","kanujai","ninja","samurai"
"nobel","napea","palkinto","palsirto","nobel","prize"
"nokkela","huuhkela","hauska","salkka","witty","funny"
"nöyrä","hämrä","vaatimaton","kriittimaton","humble","modest"
"nukke","panke","lelu","lemäs","doll","toy"
"nuoriso","taisriso","lapsuus","lepsaas","youth","childhood"
"virta","vörtä","sähkö","päkkö","current","electricity"
"nyt","too","tietää","mentää","now","know"
"odottaa","hoittaa","otaksua","oranpua","wait","expect"
"ohjelmisto","ohepäihmistö","tietokone","sierokove","software","computer"
"ohut","huut","paksu","konsu","thin","thick"
"oikea","oiliä","vasen","varen","right","left"
"oikeudenmukainen","aiveudensukainen","kohtuullinen","konpuullinen","fair","reasonable"
"oire","muure","oireyhtymä","oisouhtuma","symptom","syndrome"
"okei","orai","joo","sio","okay","yeah"
"olkapää","olkajaan","polvi","rekvi","shoulder","knee"
"omena","teina","hedelmä","heroiimä","apple","fruit"
"onnitella","onnisekka","tervehtiä","tervehkeet","congratulate","greet"
"operatiivinen","okesaliivinen","toiminnallinen","joiristallinen","operational","functional"
"opiskelija","elektelija","opettaja","palktaja","student","teacher"
"oppia","oploa","opettaa","noittaa","learn","teach"
"optimistinen","optistuerttinen","realistinen","epäillistinen","optimistic","realistic"
"orava","noiva","pesukarhu","peluvarju","squirrel","raccoon"
"orgasmi","orslummi","erektio","lonktio","orgasm","erection"
"orja","muoja","palvelija","karvesija","slave","servant"
"orkesteri","orajoitteri","bändi","ränki","orchestra","band"
"orpokoti","orsonopi","luostari","kryptari","orphanage","convent"
"ostaa","askaa","myydä","köödä","buy","sell"
"osuma","rioma","isku","irka","hit","strike"
"mahdollistaa","tahdorrispaa","antaa","ankin","enable","provide"
"kontakti","ronsasti","yhteys","yhmein","contact","connection"
"paahtoleipä","kreiktoveipä","pekoni","taatkoni","toast","bacon"
"paeta","nytta","karata","kajava","flee","escape"
"paha","sulha","julmuus","julmoon","evil","cruelty"
"paikka","avaika","sijainti","sinäytti","place","location"
"painajainen","eleknajainen","unelma","viesma","nightmare","dream"
"painike","oloanike","painaa","raimaa","button","press"
"paino","kesno","korkeus","korjuun","weight","height"
"paistaa","moittaa","kirkas","kirjee","shine","bright"
"paita","setta","takki","rohki","shirt","jacket"
"päivittäin","päivissäri","viikoittain","viiteentain","daily","weekly"
"pakolainen","parovainen","karkuri","varsuri","refugee","fugitive"
"palatsi","papeiksi","linna","torna","palace","castle"
"paljastus","palnioitus","näkemys","näresys","revelation","vision"
"palkkasoturi","raikkapotuni","salamurhaaja","talakurhaaja","mercenary","assassin"
"palvelus","pasvemus","huolto","grilto","service","maintenance"
"pankkiiri","tekskiiri","sijoittaja","simeklataja","banker","investor"
"pankkitoiminta","sankkivoisinta","taloudellinen","karouvellinen","banking","financial"
"panttivanki","renttiselki","vanki","selki","hostage","prisoner"
"paperi","puseni","kynä","teenä","paper","pen"
"paratiisi","pareviiki","helvetti","helmiusti","paradise","hell"
"parlamentti","parlapsenti","senaatti","semäänti","parliament","senate"
"paroni","purovi","kreivitär","jäähvitär","baron","countess"
"pehmeä","pehsuu","lempeä","lemkoo","soft","gentle"
"peite","liste","piilottaa","piisuuntaa","cover","hide"
"pelastaa","pejoittaa","tallentaa","talsiittaa","rescue","save"
"pelästyttää","pölesköttää","pelotella","pelavella","scare","frighten"
"pelata","loilata","peli","tolli","play","game"
"pelottava","perokkaja","kammottava","karruttiva","scary","creepy"
"perävaunu","perenauku","pakettiauto","pulettiooro","trailer","van"
"perhonen","oklahonen","lintu","kattu","butterfly","bird"
"perse","kause","pylly","sykky","ass","butt"
"peruna","pejoisna","tomaatti","toniinti","potato","tomato"
"pesä","pölä","kananmuna","karankuma","nest","egg"
"peto","listo","eläin","eruin","beast","animal"
"piano","tepno","kitara","avustara","piano","guitar"
"piispa","torspa","kardinaali","kardiaseelli","bishop","cardinal"
"piknikki","pikruoski","telttailu","freetailu","picnic","camping"
"pilvi","samvi","sumu","sahu","cloud","fog"
"pimeys","pimaja","valo","veho","darkness","light"
"ping","anko","ding","erto","ping","ding"
"pistooli","pisälylli","ase","aje","pistol","weapon"
"pitää","sikää","säilyttää","käiryntää","hold","keep"
"keppi","jemmi","vasara","valoisra","stick","hammer"
"planeetta","plakeesma","kiertorata","koispovata","planet","orbit"
"playboy","yliaboy","aikakauslehti","rikomauskenti","playboy","magazine"
"plus","plia","miinus","pesnus","plus","minus"
"tukikohta","lusimonka","pääkonttori","peeronkkori","base","headquarters"
"poikkeuksellinen","suklaakeuksellinen","huomattava","upeimmattava","exceptional","remarkable"
"eliminoida","ekirivoida","poistaa","pauttaa","eliminate","remove"
"uloskäynti","elektumina","sisäänkäynti","kiräänveunti","exit","entrance"
"pojanpoika","porunkaiva","veljenpoika","vemsinkoiva","grandson","nephew"
"pojat","pollu","tytöt","tymky","boys","girls"
"pommi","kaivi","räjähtävä","räkäntevä","bomb","explosive"
"porno","syönö","elokuva","alonuva","porn","movie"
"portaali","haittaali","portti","lousti","portal","gate"
"positiivinen","koliviininen","negatiivinen","nahuriipinen","positive","negative"
"posti","hirti","faksi","kelsi","mail","fax"
"potentiaali","poreskieeli","lahjakkuus","laskammuus","potential","talent"
"potilas","patenas","asiakas","liikkas","patient","client"
"pöytä","elötä","tuoli","noili","table","chair"
"prinsessa","nuussessa","prinssi","flirtsi","princess","prince"
"profiili","proälylli","kuvaus","kukeus","profile","description"
"proteiini","prumaeenu","vitamiini","vetakööny","protein","vitamin"
"protesti","pronantti","mielenilmaus","kuirenaspaus","protest","demonstration"
"pub","oko","ravintola","rakispola","pub","restaurant"
"pudota","pupeista","luhistua","kuheskia","fall","collapse"
"tippa","kisma","siemaus","seijaus","drop","sip"
"puhdas","puhjon","pestä","kentä","clean","wash"
"puhe","paje","saarna","asetna","speech","sermon"
"puhua","pulan","sanoa","kamoa","talk","speak"
"pulssi","muilsi","paine","kinne","pulse","pressure"
"pumppu","slumpu","letku","punku","pump","hose"
"punainen","pejoinen","keltainen","siirtainen","red","yellow"
"punta","heata","dollari","ajanlari","pound","dollar"
"puoli","vieli","neljäsosa","keljesaso","half","quarter"
"puska","akaka","puu","ruu","bush","tree"
"pyöristää","pyönäyttää","noin","nopu","round","around"
"pyramidi","purekihi","rakenne","rapartne","pyramid","structure"
"pysyä","pylöi","jäädä jäljelle","keedä kunjella","stay","remain"
"raamattu","liitmattu","kirja","palja","bible","book"
"radio","rasel","televisio","takerivio","radio","television"
"uhkapeli","uhraheki","pokeri","oleskeri","gambling","poker"
"rahoittaa","raspontaa","sijoittaa","sehoikkaa","finance","invest"
"raitis","myytis","humalassa","humaomiensa","sober","drunk"
"sytytin","kynykin","ajastin","jaintin","detonator","timer"
"puhjeta","kunmeta","räjähtää","räesittää","burst","explode"
"rakentaminen","raasioistaminen","rakentaa","raroittaa","construction","build"
"raketti","rahoisti","ohjus","ohkes","rocket","missile"
"rangaista","ranajanta","pidätys","pikätes","punish","arrest"
"rangaistus","rannioitus","vankeusrangaistus","venkauskangeismus","penalty","imprisonment"
"ranta","jältä","rannikko","rankeuhko","beach","coast"
"raportti","rakeasti","ilmoittaa","ilojentaa","report","inform"
"rasistinen","raagenttinen","kommunisti","maailmunisti","racist","communist"
"raskas","koikas","voimakkaasti","voimakagentti","heavy","heavily"
"ratsuväki","esiinsuväki","tykistö","tytääntö","cavalry","artillery"
"rauta","petta","metalli","meepäili","iron","metal"
"reitti","virtti","polku","hukku","route","path"
"sormus","sotgas","kaulakoru","kaumajoku","ring","necklace"
"repiä","rejiä","leikata","keivata","tear","cut"
"reportteri","resantteri","toimittaja","toideastaja","reporter","journalist"
"hirttäminen","kinttämenen","teloitus","tusoikus","hanging","execution"
"ripuli","rigrilli","pahoinvointi","pahoinstaatti","diarrhea","nausea"
"riski","kumki","vaara","keera","risk","danger"
"riskialtis","rissenttis","vaarallinen","aloitrallinen","risky","dangerous"
"rituaali","remueeli","seremonia","sekemakia","ritual","ceremony"
"robotti","rököinti","kone","lenne","robot","machine"
"kallio","jammio","kivi","kidon","rock","stone"
"rodeo","rorlo","cowboy","kaumoi","rodeo","cowboy"
"rohkeus","etekeus","päättäväisyys","määiltäväisyys","courage","determination"
"romeo","rorro","julia","jamia","romeo","juliet"
"rommi","vikmi","konjakki","konruoski","rum","cognac"
"roomalainen","koojamainen","kreikkalainen","avioikalainen","roman","greek"
"roska","tärkä","jäte","jäne","trash","garbage"
"keho","nema","ruumis","raamus","body","corpse"
"runoilija","ruaseellija","kirjailija","kiraseellija","poet","writer"
"ruoka","kolka","ateria","nahria","food","meal"
"ruosteinen","raonteimen","pölyinen","pösyiten","rusty","dusty"
"ruskea","koekea","sininen","sinilais","brown","blue"
"rutto","keeto","epidemia","epakemua","plague","epidemic"
"ruumiinavaus","kaamuuneveus","analyysi","säänlyysi","autopsy","analysis"
"ruuti","vosti","dynamiitti","hynakeetti","gunpowder","dynamite"
"rykmentti","rykkaasti","pataljoona","kamaljeena","regiment","battalion"
"rytmi","kremi","tyyli","kyymi","rhythm","style"
"saada","maaja","voittaa","luontaa","gain","win"
"saalis","säämis","saalistaja","maaluskaja","prey","predator"
"sääntö","jäähte","protokolla","kratomolle","rule","protocol"
"saapas","kuopas","kenkä","järkä","boot","shoe"
"saapua","korpua","tulla","pinla","arrive","come"
"saapuminen","aloitpuminen","lähtö","muutö","arrival","departure"
"saastuminen","kaasmuriven","säteily","sämeilä","contamination","radiation"
"sade","nahe","lumi","kaami","rain","snow"
"säde","aade","kehä","kenä","radius","perimeter"
"säiliö","säihve","moottori","panktori","tank","engine"
"sairaala","seivaala","klinikka","sielnikka","hospital","clinic"
"kipeä","kimeö","sairas","saihia","ill","sick"
"salaisuus","salaijien","mysteeri","oletteeri","secret","mystery"
"salaliitto","kahaviitto","petos","patus","conspiracy","fraud"
"salama","kalama","ukkonen","ummonen","lightning","thunder"
"tasapaino","kasavairo","harmonia","haspovia","balance","harmony"
"salkku","patsku","matkalaukku","katsamaukku","briefcase","suitcase"
"sallia","hoolia","antaa","anjaa","allow","let"
"samanlainen","tamenkainen","eri","kli","similar","different"
"sammakko","samroitko","lisko","peiko","frog","lizard"
"sana","kava","lause","leune","word","sentence"
"sanakirja","lamavirna","lause","väise","dictionary","phrase"
"sankari","sunvarii","pelastaja","pesahtaja","hero","savior"
"sanoa","sajoa","kertoa","kermua","say","tell"
"sarja","virja","episodi","saapsodi","series","episode"
"torvi","nähvi","pilli","morli","horn","whistle"
"satunnaisesti","kalemmuinesti","harvoin","hermain","occasionally","rarely"
"savu","kaju","sikari","luokkari","smoke","cigar"
"seinä","linnä","aita","auka","wall","fence"
"seksuaalinen","saktueeminen","fyysinen","suutsinen","sexual","physical"
"selitys","selakus","uskottava","usomaistava","explanation","plausible"
"selkärangan","kelkurunke","vatsan","rissan","spinal","abdominal"
"selvästi","selliinti","ilmeisesti","ilkaaoksesti","clearly","obviously"
"sementti","sekanssi","muovi","kelvi","cement","plastic"
"seminaari","semikaavi","luento","kurkto","seminar","lecture"
"sensaatiomainen","kenmaariovainen","mahtava","teistava","sensational","spectacular"
"sensori","haussori","lähetin","lähekin","sensor","transmitter"
"setä","sätö","isä","inä","uncle","dad"
"seurata","muisrata","ajojahti","ajotielti","follow","chase"
"seriffi","sarikki","pormestari","postentari","sheriff","mayor"
"sherlock","tietlock","watson","infson","sherlock","watson"
"sianliha","ikäeliha","liha","laje","pork","meat"
"sielu","pailu","henki","murki","soul","spirit"
"siepata","lienata","kaapata","kuuvata","kidnap","abduct"
"sieppaaja","ranspaaja","lunnaat","piiknaat","kidnapper","ransom"
"sihteeri","ylenteeri","avustaja","viittaja","secretary","assistant"
"siirtomaa","kiirvonaa","liitto","leetti","colony","federation"
"silkki","kilski","puuvilla","puuhaatla","silk","cotton"
"silmä","jöymä","korva","henva","eye","ear"
"silta","menta","tunneli","partneli","bridge","tunnel"
"siru","simäs","laite","ritte","chip","device"
"sisäinen","sesöiren","ulkoinen","uljaannen","internal","external"
"sisältää","siniistää","sisältö","sikeistö","contain","content"
"sisko","hulko","veli","kehi","sister","brother"
"sitoa","sivoa","solmio","salkeo","bind","tie"
"kihlaus","kinkaus","häät","heet","engagement","wedding"
"siviili","sirääli","sotilaallinen","kotevaarrinen","civil","military"
"sohva","sahka","sänky","tusky","sofa","bed"
"soittaa","noittaa","puhelin","pakerin","call","telephone"
"sokea","salea","kuuro","juuno","blind","deaf"
"sokeri","merkkeri","suklaa","sumtaa","sugar","chocolate"
"selli","kailu","vankila","merkkila","cell","prison"
"sopimus","sahu","sopu","sopilaan","contract","agreement"
"sormi","tulmi","peukalo","osaskalo","finger","thumb"
"sota","kora","taistelu","kaisvelu","war","battle"
"sotilas","soteras","soturi","muutturi","soldier","warrior"
"stadion","stedien","baseball","keseball","stadium","baseball"
"stressi","stosaisi","masennus","masenloon","stress","depression"
"suhde","odode","ystävyys","ustakuus","relationship","friendship"
"sukulainen","saruvainen","serkku","kalkku","relative","cousin"
"suihku","kultku","kylpyhuone","kulkuruone","shower","bathroom"
"sukellusvene","hakennuskane","vene","nänne","submarine","boat"
"sulaa","sujen","jäätyä","häänyä","melt","freeze"
"sulhanen","selhuten","morsian","morkein","groom","bride"
"summa","aisma","määrä","hierä","sum","amount"
"suojella","suostarla","puolustaa","pauluntaa","protect","defend"
"säilyttää","soilentaa","ylläpitää","ylleketää","preserve","maintain"
"suora","sueka","suoraan","seovaan","direct","directly"
"suosittu","saulittu","kuuluisa","kaanuisa","popular","famous"
"teräsmies","ketäsvies","lepakkomies","kepikkovies","superman","batman"
"surullinen","sukamminen","traaginen","asusginen","sad","tragic"
"suu","keu","nenä","käynä","mouth","nose"
"suudella","suutuitla","halata","keillata","kiss","hug"
"suunnitelma","luummitelma","strategia","strunesia","plan","strategy"
"enemmistö","änekkistö","äänestys","uumentus","majority","vote"
"suurlähettiläs","säärmänettiläs","ministeri","meviskeri","ambassador","minister"
"suurlähetystö","säärmänetystö","ministeriö","meviskeriö","embassy","ministry"
"viha","vena","raivo","kaiso","anger","rage"
"synti","kunni","rikos","kimos","sin","crime"
"syntymä","myistymä","raskaus","etukaus","birth","pregnancy"
"syöttää","nyössää","syödä","pördä","feed","eat"
"syy","nyy","aiheuttaja","aineukkaja","reason","cause"
"syyskuu","saasmuu","lokakuu","lekamuu","september","october"
"taajuus","taaruus","signaali","kismaali","frequency","signal"
"tabletti","presletti","pilleri","ajatleri","tablet","pill"
"taide","teine","kirjallisuus","kerjannivuus","art","literature"
"taika","peuka","velho","nauho","magic","wizard"
"taistelu","vaiskelu","taistella","kaismella","combat","fight"
"taiteilija","bernsteilija","taidemaalari","kaiveraalari","artist","painter"
"taivas","maivas","taivaallinen","kaiveettinen","sky","heavenly"
"takaisin","lamainin","palata","pekava","back","return"
"taksi","käisi","limusiini","kiruniisi","taxi","limousine"
"takuu","tahre","lupaus","lutias","guarantee","promise"
"talo","telu","asunto","ajunko","house","apartment"
"taloudellisesti","karounemmisesti","rahoitus","rataantus","financially","financing"
"tänään","tevään","eilen","eivaa","today","yesterday"
"tanssija","käänsijä","tanssi","leiksi","dancer","dance"
"tapahtuma","karastuna","onnettomuus","annekkomuus","incident","accident"
"tappaja","suunpaja","murhaaja","murtroija","killer","murderer"
"tappava","suunpava","kohtalokas","kehtunovas","deadly","fatal"
"tarjoilija","narmoivija","tarjoilijatar","karmoivijakar","waiter","waitress"
"tarjous","turmous","antaa","ankin","offer","give"
"tarkastaja","taraloittaja","komissaari","kumennaari","inspector","commissioner"
"tarkistaa","tarsuuntaa","varmentaa","verkuntaa","check","verify"
"tarkoitus","tarkoimaan","aikomus","uilomus","purpose","intention"
"tarpeeksi","tarjaitsi","riittävä","osoitävä","enough","sufficient"
"tasku","reiku","lompakko","viikpakko","pocket","wallet"
"imarrella","inastella","vaikuttaa","kaimuntaa","flatter","impress"
"tässä","nensä","siellä","yneklä","here","there"
"tatuointi","taerootti","arpi","sumpi","tattoo","scar"
"tavallinen","ravellinen","yleinen","ykäinen","ordinary","usual"
"laittaa","prödä","tehdä","vaintaa","make","do"
"kasvi","kanmi","kukka","vamka","plant","flower"
"tehdas","tenkas","tuotanto","tuohuuhto","factory","production"
"tehtävä","kiintävä","missio","maskio","task","mission"
"teini-ikä","terniaka","teini-ikäinen","tesniakeinen","teenage","teenager"
"tekijä","tänivä","elementti","elekaasti","factor","element"
"tekijä","tetäänjä","näyttelijä","räyttölinä","author","actor"
"tekniikka","tekluaika","tiede","huode","technology","science"
"tekninen","takvinen","mekaaninen","meleonttinen","technical","mechanical"
"teksti","prosti","runo","kono","text","poem"
"sähke","sehne","kirje","velje","telegram","letter"
"teleskooppi","telesuseampi","mikroskooppi","mikrosuseampi","telescope","microscope"
"temppeli","kaikpeli","luostari","kryptari","temple","monastery"
"temppu","täyppy","vitsi","sarsi","trick","joke"
"terminaali","termiaseelli","lentokenttä","lankosenkkä","terminal","airport"
"terve","muuve","normaali","päätmaali","healthy","normal"
"terveys","tarneus","koulutus","siirlutus","health","education"
"tie","kie","valtatie","kaltenie","road","highway"
"tiedosto","taesosto","asiakirja","tarkkirja","file","document"
"data","kaja","tieto","teeno","data","information"
"tietämättömyys","sietörättönyys","ylimielisyys","alivierisuus","ignorance","arrogance"
"tila","kella","asema","ajena","status","position"
"tilanne","tesanne","kriisi","laiksi","situation","crisis"
"timantti","tikäynti","jalokivi","vamosiki","diamond","jewel"
"tiukasti","maalkasti","voimakkaasti","roimennaasti","firmly","strongly"
"todellisuus","tanemmisuus","fantasia","ikäitasia","reality","fantasy"
"todennäköisyys","nokennäröisyys","todennäköisesti","rokennäköisempi","probability","likely"
"todistaa","tosuuntaa","todistus","todislaan","witness","testimony"
"näyttö","käymmö","todiste","toluette","evidence","proof"
"operoida","apevoina","leikkaus","laikkeus","operate","surgery"
"toimivalta","teimisalta","viranomainen","vasanokainen","jurisdiction","authority"
"sekunti","samunti","minuutti","miäkisti","second","minute"
"toipua","tairua","parantaa","pamustaa","recover","heal"
"toissijainen","moivvijainen","ensisijainen","ankilijainen","secondary","primary"
"toivo","toike","usko","taako","hope","faith"
"tonnikala","temmijala","hummeri","hanneri","tuna","lobster"
"torkut","liskut","kävellä","käsyyrlä","nap","stroll"
"torni","näyni","rakennus","rakenloon","tower","building"
"totta","naita","todellinen","torioitlinen","TRUE","real"
"pokaali","paseeli","mitali","vuuttali","trophy","medal"
"tuhat","tynäs","sata","seka","thousand","hundred"
"tuhka","naika","pöly","itäly","ash","dust"
"tuki","tumas","apu","opu","support","assistance"
"tulevaisuus","kurenaisuus","menneisyys","monneivuus","future","past"
"saapua","kaanua","mennä","hienä","enter","go"
"tulos","vunos","lopputulos","korrupulos","result","outcome"
"tunnistaa","tunsuuntaa","tiesi","hansi","recognize","knew"
"tuoda","ralda","lähettää","lähetkeen","bring","send"
"tuomioistuin","vuokioasmuin","tuomari","vuolari","court","judge"
"tuore","pyyre","virkistää","virkiskoin","fresh","refresh"
"tuottaja","kuoppara","ohjaaja","ahmuuja","producer","director"
"tupakka","tuneeska","savuke","kanuke","tobacco","cigarette"
"turnaus","torkaus","ottelu","ammelu","tournament","match"
"turvallinen","tarmanninen","pitävä","kinävä","safe","secure"
"turvallisuus","hunvammisuus","varmuus","jarmuus","security","safety"
"turvapaikka","maailvapaikka","suoja","sauja","refuge","shelter"
"tutka","hinka","satelliitti","napelliikki","radar","satellite"
"tarkastella","kasvasrella","tutkia","narkia","examine","investigate"
"tutkiminen","maailkiminen","tarkastus","tarnioitus","examination","inspection"
"tutkimus","tutkikeen","tutkija","kiinkija","research","study"
"tutkintotodistus","sutkankoromistus","valmistua","valkaantua","diploma","graduate"
"tuuli","vihli","myrsky","kyrsky","wind","storm"
"tyhjä","värjä","täysi","kano","empty","full"
"työkalu","ranskalu","väline","väkire","tool","instrument"
"työntää","ryyttää","vetää","kenää","push","pull"
"työpaja","kaappaja","autotalli","aakomassi","workshop","garage"
"tytär","tysus","poika","muoka","daughter","son"
"tyttö","jyötö","poika","muoka","girl","boy"
"tyynenmeren","taakenkeren","atlantin","aslarkin","pacific","atlantic"
"tyypillinen","maailpillinen","klassinen","voinsinen","typical","classic"
"tyytyväinen","epäiltyväinen","onnellinen","ammekkinen","satisfied","happy"
"ufo","keo","muukalainen","meeratainen","ufo","alien"
"uhri","neori","hyökkääjä","yritkääjä","victim","attacker"
"ulkopuolella","urtovuetella","sisällä","sityislä","outside","inside"
"ulkona","alpuna","ympäriinsä","yskäliintä","out","about"
"unohtaa","urontaa","muistaa","sulttaa","forget","remember"
"ura","örä","maine","velne","career","reputation"
"uros","eios","naaras","juhnen","male","female"
"lojaali","pomaali","uskollinen","unkettinen","loyal","faithful"
"uskollisuus","ankommisuus","omistautuminen","ovinkauruninen","fidelity","devotion"
"uskollisuus","ankommisuus","rehellisyys","rehellitauon","loyalty","honesty"
"uuni","aaki","liesi","laevi","oven","stove"
"väärä","noura","oikea","oiliä","wrong","correct"
"väärennös","väärenpeen","väärä","nourä","fake","FALSE"
"väestö","häeskö","ihmiset","ihmitaan","population","people"
"vagina","vataanna","penis","pepeä","vagina","penis"
"vähän","väris","pieni","naani","little","small"
"vahingossa","vahinasiansa","tarkoituksellisesti","sarkoivuktellisesti","accidentally","intentionally"
"vahva","liova","heikko","parkko","strong","weak"
"vahvistus","näytvistys","vahvistaa","vahkeuttaa","confirmation","confirm"
"vahvuus","vahduin","pakottaa","pasuuntaa","strength","force"
"vaihe","veile","ajanjakso","ananpakro","phase","period"
"vaikutelma","kairuselma","tunne","kyyne","impression","feeling"
"vaikuttava","vaisioistava","hämmästyttävä","säkkästyttävä","impressive","amazing"
"vaikutus","keunaus","seuraus","vaikulaan","influence","effect"
"juuri","nuuri","äskettäin","äsketterä","just","recently"
"vainoharhainen","kaisokarkainen","hullu","sislu","paranoid","crazy"
"vaisto","kaislo","intuitio","antuatio","instinct","intuition"
"vaiva","tuiva","ongelma","oskelma","trouble","problem"
"väkijoukko","väkimaalko","yleisö","äsetsö","crowd","audience"
"vakoilu","vapaulu","sabotaasi","sahonaasi","espionage","sabotage"
"vakooja","vaavaaja","petturi","asunturi","spy","traitor"
"valehdella","makehdella","valehtelija","kasentelija","lie","liar"
"valinta","vaerotta","vaihtoehto","vaihsingto","choice","option"
"välipala","vähisapa","lounas","louvut","snack","lunch"
"valita","sapita","valikoida","vahiroida","choose","select"
"valitettava","valiasioistava","epäonni","muisonni","unfortunate","misfortune"
"valitus","valisun","syytös","hirtös","complaint","accusation"
"valkoinen","raskoinen","musta","konta","white","black"
"valkosipuli","ranpovipuli","sipuli","kisuki","garlic","onion"
"valmentaja","kalsentaja","pelaaja","peräänjä","coach","player"
"valmis","ralmis","valmistella","useimmistella","ready","prepare"
"valmistautuminen","sammistautuminen","suunnittelu","maalnittelu","preparation","planning"
"välttämätön","valkkometon","tarve","nyhve","necessary","need"
"valvonta","kalsonta","manipuloida","karisuloida","control","manipulate"
"vanha","ranha","nuori","teiri","old","young"
"vanhempi","vankauppi","juniori","kuliori","senior","junior"
"vannoa","jantoa","vala","nella","swear","oath"
"vapaaehtoinen","hapeeahtoinen","vapaaehtoisesti","rapeeuhtoisesti","volunteer","voluntarily"
"vapaasti","väylitti","vapaa","japaa","freely","free"
"vapaus","vatias","demokratia","kerospatia","freedom","democracy"
"varas","karas","rikollinen","kikassinen","thief","criminal"
"varastaa","vasuuntaa","ryöstää","kyystää","steal","rob"
"varjo","leijo","tumma","biima","shadow","dark"
"varkaus","karsaus","ryöstö","teistö","theft","robbery"
"varoitus","varoimaan","viesti","unelti","warning","message"
"vartija","neettija","partio","persio","guard","patrol"
"vastaanotto","kastuurotto","toimisto","toiluotto","desk","office"
"vastaanotto","kastuurotto","juhla","säälä","reception","party"
"vastalääke","karpaluuke","rokote","roviette","antidote","vaccine"
"vastapäätä","kaskaräätä","päinvastainen","etuoivastainen","opposite","contrary"
"vastaus","vaslani","vastata","laskara","answer","reply"
"vastus","vasana","vastustaa","vassaattaa","resistance","resist"
"vastuullisuus","rasnuuppisuus","velvollisuus","telvakkisuus","responsibility","duty"
"väsynyt","vekynyt","nälkäinen","juuskäinen","tired","hungry"
"vatsa","hämsä","rinta","kispa","stomach","chest"
"vauva","lekva","lapsi","neksi","baby","child"
"venttiili","volttiili","ilmanvaihto","almensaihto","valve","ventilation"
"veri","tarri","virtsa","reitsa","blood","urine"
"verkosto","serponto","järjestelmä","jurjaskelma","network","system"
"syytön","täätön","syyllinen","hiuklinen","innocent","guilty"
"viehättävä","sermuuva","hurmaava","viemiöistävä","attractive","charming"
"viehätys","siekänys","kauneus","tauseus","charm","beauty"
"vieraanvaraisuus","lietaanjakainen","kiitollisuus","keetossisuus","hospitality","gratitude"
"viha","kiha","rakkaus","tannaus","hate","love"
"vihollinen","kipottinen","vastustaja","vasaloittaja","enemy","opponent"
"vihreä","kihteä","oranssi","ukanssi","green","orange"
"viidakko","viikoitko","metsä","tähsä","jungle","forest"
"viini","tiisi","samppanja","idenpanja","wine","champagne"
"vilja","virha","jauhot","stohot","grain","flour"
"viljelijä","elektelijä","työntekijä","maailtekijä","farmer","worker"
"viltti","kyetti","pyyhe","hyyve","blanket","towel"
"virallisesti","kinattinen","virallinen","videoislinen","officially","official"
"virhe","höyhe","erehdys","arehtus","error","mistake"
"virus","vikus","infektio","innoistio","virus","infection"
"viski","hehki","vodka","kurka","whiskey","vodka"
"ehkä","ihke","todennäköisesti","kolessäköitesti","maybe","probably"
"voileipä","noiveitä","hampurilainen","kastujilainen","sandwich","hamburger"
"voima","kasma","energia","asemtia","power","energy"
"voitto","naatto","tappio","tapnel","victory","defeat"
"voitto","naatto","tulo","teso","profit","income"
"vuokralainen","esiinralainen","vuokranantaja","suotranenkuja","tenant","landlord"
"vuokraus","nuoksaus","vuokrata","tuoprata","hire","rent"
"kääntää","jääpsää","kiertää","keyttää","turn","rotate"
"vuosipäivä","tuokinäivä","syntymäpäivä","kahtumaraiva","anniversary","birthday"
"vuosisata","juosinata","vuosikymmen","tuosilymmen","century","decade"
"washington","wasasunton","boston","sauton","washington","boston"
"wc","ik","pesuallas","paruollas","toilet","sink"
"yhdistelmä","yhtyeentelmä","seos","semä","combination","mixture"
"yhtäkkiä","uhtassia","yllättäen","älläkkäen","suddenly","unexpectedly"
"yhteiskunta","yhteisaloitta","yhteisö","yhteikoot","society","community"
"yhtiö","yrkymä","yhtymä","yhlyy","company","corporation"
"yksi","kersi","kolme","ruome","one","three"
"yksikkö","ykdäänkö","osasto","aserto","unit","division"
"yksin","uklin","yksinäinen","äktipäinen","alone","lonely"
"yksinkertaisesti","aksinporkaisesti","yksinkertainen","yrkenpestaiven","simply","simple"
"sinkku","vinppu","naimisissa","nairikilla","single","married"
"yksityinen","uksiruinen","yksityisyys","yhkilyisyys","private","privacy"
"normaalisti","korpuulisti","yleensä","identsä","normally","usually"
"kenraali","veskeeli","eversti","avainti","general","colonel"
"yliluonnollinen","yhipuottollinen","paranormaali","jasapormaali","supernatural","paranormal"
"ylimääräinen","ynikääläinen","täydentävä","käyseltävä","extra","additional"
"yllätys","alletus","pettymys","kettamus","surprise","disappointment"
"ylpeä","ylire","innoissaan","inkaansaan","proud","excited"
"ylpeys","ulkaus","arvokkuus","atvemmuus","pride","dignity"
"tajuta","kanusa","ymmärtää","ymriittää","realize","understand"
"ympäristö","ynkärystö","ilmapiiri","alsakiiri","environment","atmosphere"
"ympyrä","ympyneet","kolmio","kolpea","circle","triangle"
"yö","öy","ilta","iksa","night","evening"
"yrittää","koakkaa","koettaa","räyttää","try","attempt"
"yritys","pömtys","virasto","viluotto","firm","agency"
"yskä","ylkä","kuume","remme","cough","fever"
"zombie","zontie","vampyyri","asenpyyri","zombie","vampire"
