he_cue,he_target,he_fake_target,he_fake_cue,en_cue,en_target
בעל,אשה,וחה,גול,husband,wife
הסתכל,הבט,ווזט,הסזבל,look,watch
כוס,קפה,כחה,אקרס,cup,coffee
עתיד,עבר,רימר,זייד,future,past
פתאום,לא צפוי,לא צלאי,עמאום,suddenly,unexpectedly
מחר,בוקר,בוחה,לור,tomorrow,morning
ישר,באופן ישיר,באופפלישיר,נהסר,direct,directly
קילומטר,מטר,ציבר,מתלומטר,kilometer,meter
סוף סוף,בסופו של דבר,נמופו של דבר,סוכנסוף,finally,eventually
פתוח,סגור,זרור,טרוח,open,close
רוח,סערה,נזרה,מסח,wind,storm
נסיכה,נסיך,אציך,כמיכה,princess,prince
למחות,הפגנה,זיגנה,למטהת,protest,demonstration
שבב,מכשיר,יושיר,נוב,chip,device
בנקאי,משקיע,חלקיע,בנותל,banker,investor
איש קשר,חיבור,המבור,אשי בגר,contact,connection
אבא,אמא,טיא,מתא,daddy,mum
לימונדה,סודה,סוגל,לימועיה,lemonade,soda
טנק,מנוע,מנטי,יבק,tank,engine
שודדים,מלח,תוח,שוניים,pirate,sailor
אדון,גברת,גביג,פסון,lord,lady
חוק,חוקה,וזקה,פיטק,law,constitution
אסיר תודה,להודות,להתחות,אסירכבודה,grateful,thank
תור,להתחלף,להכילף,מרסר,turn,rotate
מיליונר,יזם,הלגם,מילייבר,millionaire,entrepreneur
עצה,לייעץ,ליחפץ,גטה,advice,advise
בבירור,מובן מאליו,מורש מאליו,תסירור,clearly,obviously
מקור,מידע,מעטר,מקסי,source,informant
ספה,מיטה,מיאו,דרה,sofa,bed
העדיף,בחר,דרר,דידיף,choose,select
לא חוקי,חוקי,חוגש,לאירוקי,illegal,legal
כלום,משהו,משצי,כלטי,nothing,something
קובץ,מסמך,מסזד,קורת,file,document
תבואה,קמח,הנב,תבעשה,grain,flour
מחמאה,מתנה,פבנה,מחריה,compliment,gift
פנסיה,שכר,ג'ר,פנמחה,pension,salary
אנדרטה,פסל,מטל,הרדרטה,monument,statue
עמית,חבר,אחך,תיית,colleague,friend
יריה,לירות,תברות,סליה,shot,shoot
צל,אפל,חקל,טו,shadow,dark
חצאית,שמלה,מגזה,זהאית,skirt,dress
ערך,מחיר,שליר,בדך,value,price
פחם,שמן,רהן,צקום,coal,oil
לשכוח,לזכור,סיכור,נכוח,forget,remember
מקור,עותק,עויפ,מקסי,original,copy
מטפלת,עוזרת,עומות,מטדית,nanny,maid
לאחד,לקשור,מכשור,לאס,bind,tie
תקציב,מימון,תבמון,תקגנב,budget,funding
שלישי,רביעי,עליגז,בעישי,third,fourth
שגיאה,טעות,רגות,רייאה,error,mistake
סופי,אחרון,מדכון,סוכת,final,ultimate
פגיעה,פציעה,פצודה,מניזה,wound,injury
פעיל,פעילות,רקילות,תגיל,active,activity
סעיף,פסקה,נארה,רביף,section,paragraph
אדום,צהוב,פקוב,טבום,red,yellow
קניה,מכירה,יוירה,גזיה,buy,sell
עייף,רעב,בדב,אחיף,tired,hungry
למנוע,לעצור,שמצור,תונוע,prevent,stop
יחידה,אוגדה,אועשה,רסידה,unit,division
חזית,עורף,עויו,פלית,front,rear
גבר,אחי,מטי,ינר,dude,bro
מנהל,אחראי,אחייד,מנכת,manager,boss
שסתום,איוורור,איטירור,יבתום,valve,ventilation
בחירה,אפשרות,שלברות,לתירה,choice,option
שידה,ארון,סוון,וודה,cabinet,closet
רגיל,בדרך כלל,סמרך כלל,גטיל,ordinary,usual
בתוקף,בחוזקה,בסוזין,בתמגף,firmly,strongly
הופעה,ביצוע,מקצול,הוליה,show,performance
משני,ראשוני,ראמעני,פניף,secondary,primary
בחוץ,בפנים,קענים,בחיע,outside,inside
תמיד,בקביעות,שדביעות,לגיד,always,constantly
כתף,ברך,עיך,אדף,shoulder,knee
גוף,גופה,גולי,למף,body,corpse
טבליה,גלולה,נפולה,גיליה,tablet,pill
גז,דלק,רוקף,הו,gas,fuel
האוקיינוס השקט,האוקיינוס האטלנטי,רצוקיינוס האלטני,פשוקיינוס הקשט,pacific,atlantic
לסביות,הומו,הודלך,לסעדות,lesbian,gay
תליה,הוצאה להורג,הוצבה מטורג,טגיה,hanging,execution
פקודה,הוראה,אחראה,מאודה,command,order
רושם,הרגשה,הרטפה,רוען,impression,feeling
אשפה,זבל,שלע,אנבי,trash,garbage
עצם בלתי מזוהה,זר,לר,עצם בלוב מגוזה,ufo,alien
תזמורת,להקה,להשל,דצמורת,orchestra,band
מכה,תקיפה,זרפיה,שקז,hit,strike
אחורה,חזרה,אדרה,כיורה,back,return
מספיק,מספק,מסוס,מסטבק,enough,sufficient
רסיס,חתיכה,העיכה,שביס,fragment,piece
מחנה,ישוב,גלובז,הונה,camp,village
מטרה,כוונה,חרונה,בורף,purpose,intention
תנור,כיריים,גלריים,וונר,oven,stove
להעניש,לאסור,לא נר,להפעיש,punish,arrest
לתאר,לבטא,מגטא,לתחן,describe,express
להמלט,לברוח,שמרוח,להשאט,flee,escape
להיווכח,להבין,להסרן,להקפוכך,realize,understand
יסורים,עינוי,ברנוי,המוריז,torment,torture
להודות,להתוודות,להתוצתאו,דוכבות,admit,confess
מינג,לינג,לינש,מיעת,ming,ling
לדחוף,למשוך,בושוך,פתחוף,push,pull
להעליב,לפגוע,תעגוע,להשביב,insult,offend
לטפס,לקפוץ,פהוץ,תפפס,climb,jump
להעסיק,לשכור,יכור,להגביק,hire,rent
לשלוט,לתפעל,לתחול,מסלוט,control,manipulate
שומר אמונים,נאמן,טבמן,שורזונים,loyal,faithful
מיליון,מיליארד,מיליזסד,מיבטזון,million,billion
מקום,מיקום,מירעם,הנום,place,location
רכב,מכונית,תלונית,נרב,vehicle,car
כלי,מכשיר,יוגיר,לני,tool,instrument
מלכותי,מלוכה,מלגנה,מלכוגר,royal,kingdom
מפתח,מנעול,מנגיל,מפפט,key,lock
מפסיד,מנצח,מנזה,מפשוד,loser,winner
חולצה,מעיל,תפיל,חודיה,shirt,jacket
דרומי,מערבי,חירבי,מזומי,southern,western
מרתון,מרוץ,למוץ,מרגשן,marathon,race
שימוע,משפט,שמאר,שיפשע,hearing,trial
מאדים,נוגה,נולו,מאזם,mars,venus
נוזל,נזיל,רביל,נומר,liquid,fluid
לנתח,ניתוח,לנתוב,לנהח,operate,surgery
שוחד,סחיטה,קפיטה,שוסל,bribe,blackmail
עד,עדות,כבגת,ען,witness,testimony
יוגה,עיסוי,עיבי,יובר,yoga,massage
גדול,ענק,חקף,גרול,big,huge
עירום,ערום,צבום,פורול,nude,naked
גנב,פושע,פועץ,גיב,thief,criminal
קטלני,סופני,חיפלי,קטמלי,deadly,fatal
חיוך,צחוק,המוק,מאוף,smile,laugh
תרבות,ציוויליזציה,ציויליאשה,מייסות,culture,civilization
תמונה,צילום,מזלום,לגונק,picture,photo
קהל,קהל מאזינים,נרל אמזינים,גשל,crowd,audience
רעש,קול,ליז,ביז,noise,sound
מתרחש,קורה,קולד,מתוקש,occur,happen
השתקפות,ראי,ותי,לגתקופת,reflection,mirror
שקט,רגיעה,ישעסה,אפט,quiet,calm
רקדן,ריקוד,ידקוד,רקזל,dancer,dance
אינטרנט,רשת,ערת,אינטמלט,internet,web
טיפש,אידיוט,אידירן,טיהל,fool,idiot
בית משפט,שופט,שויך,בית משהל,court,judge
אזור,שטח,היח,טרון,area,zone
מנוחה,שינה,שירו,ביוחה,rest,sleep
ימין,שמאל,שמבק,הביד,right,left
ירחי,שמשי,שמעק,יריו,lunar,solar
ניצחון,תבוסה,עלוסה,ניאדון,victory,defeat
שם,תואר,אמאר,ג'ר,name,title
גלריה,תצוגה,תצשלה,ידריה,gallery,exhibition
עוף,תרנגול הודו,רחנגול דוהו,ליסף,chicken,turkey
מענה,תשובה,תשגנה,מעות,answer,reply
אווז,ברווז,גאווז,אויט,goose,duck
איטי,מהיר,רינר,סנטי,slow,fast
חולה,איידס,אינוס,איפוב,aids,hiv
סלב,כוכב,כופל,כסב,celebrity,star
בחינה,בדיקה,ראיקה,בחודה,examination,inspection
בלתי רגיל,מוזר,מוטד,עכתי גירל,unusual,strange
אדם,פרט,נקס,יצם,person,individual
בן ערובה,אסיר,דתיר,הד רועבה,hostage,prisoner
בראוו,אלפא,אלרם,קיאוו,bravo,alpha
ברוטלי,אכזרי,הנזרי,עיוטלי,brutal,cruel
זומבי,ערפד,ערדו,זווהי,zombie,vampire
גזען,קומוניסט,קולדניסט,הידן,racist,communist
גידול,סרטן,סרנב,גיופל,tumor,cancer
גירושים,נישואים,נישושלם,אסרושים,divorce,marriage
גנרל,אלוף משנה,אלוף מדעה,גנקי,general,colonel
גשר,מנהרה,מנירה,ליר,bridge,tunnel
די. אן. אי.,טביעת אצבע,אסיעת צאבע,כת. אן. אף.,dna,fingerprint
תקליטור,סרטון,בלטון,מדליטור,dvd,video
דק,עבה,רגה,תד,thin,thick
דרישה,בקשה,בקיט,דרמטה,demand,request
הוגן,סביר,דריר,הואר,fair,reasonable
הוד מעלתו,הוד מלכותו,דהו מלמסתו,דהו קבלתו,majesty,highness
הורג,רוצח,רוכר,הוכם,killer,murderer
הכיר,ידע,נפע,טריר,recognize,knew
הערה,הצהרה,חרהרה,שלרה,comment,statement
התעניינות,דאגה,הקגה,קיעניינות,concern,worry
זיהום,קרינה,סמינה,פיקדם,contamination,radiation
זמר,מוסיקאי,מוסיסוי,תזר,singer,musician
זקן,צעיר,אקיר,עוך,old,young
זרם,חשמל,חשכף,שתם,current,electricity
חבל,מחוז,מחבן,גילד,county,district
חברה,סוכנות,סוגלות,שקרל,firm,agency
חוזק,כוח,מעדח,חולג,strength,force
מטופל,לקוח,לפגה,סקופל,patient,client
חוף ים,חוף,לחף,חושסים,beach,coast
אינסטינקט,אינטואיציה,אינטואשניה,אינסטיחוט,instinct,intuition
חייל,לוחם,העחם,ספיל,soldier,warrior
חמים,קריר,בביר,מלדים,warm,cool
חן,יופי,יואה,שץ,charm,beauty
חף מפשע,אשם,דלם,פם פמשע,innocent,guilty
טוסט,בייקון,ביצפון,שלסט,toast,bacon
טיפה,לגימה,טיימה,למפד,drop,sip
יומי,שבועי,דיועי,יווץ,daily,weekly
בצורה קיצונית,מאוד,מאזי,קנורה ציקונית,extremely,very
כינוס,פגישה,דקישה,מטנוס,conference,meeting
כיתה,בית ספר,תיב צדר,כיזל,class,school
כפתור,ללחוץ,הרחוך,יחלור,button,press
לעבד,תהליך,יפליך,לעצך,process,procedure
טבח,שף,ואר,נחף,cook,chef
להאכיל,לאכול,לא לם,להלפיל,feed,eat
להמעיט בערך,להגזים,להבוים,להצטיט עברך,underestimate,exaggerate
לקטוע,להפריע,להרסיע,לקמדע,interrupt,disturb
להרעיל,להרוג,ספרוג,להנדיל,poison,kill
להרצות,לדבר,כנבר,להוקות,talk,speak
להשבע,שבועה,שבמחה,להדוע,swear,oath
להתקדם,להמשיך,להרנך,להתשקך,proceed,continue
לנוע,להעביר,לצבהיר,רנדר,move,transfer
לחטוף,לתפוס,בחפוס,פרטוף,grab,catch
לידה,הריון,בטיון,לירו,birth,pregnancy
ליישם,להשתמש,להשתצג,ליארם,apply,use
למטה,למעלה,למוגה,סיטה,down,up
לסדר,לארגן,לאקון,שרדר,arrange,organize
לסדר,לתקן,לתאי,שרגר,fix,repair
לסרב,לקבל,הרבל,לסאר,refuse,accept
לצבוע,לצייר,לצפשר,חדבוע,paint,draw
לצבור,לאסוף,לאכסף,עמבור,collect,gather
לעורר השראה,השראה,לפראה,לעורד השליה,inspire,inspiration
לשמור,להגן,לגשף,לשדיר,protect,defend
מגעיל,מכוער,מכימר,מגפהל,disgusting,ugly
מושא,נושא,נווש,מורף,object,subject
מחילה,סליחה,חדיחה,חיילה,forgive,excuse
מחלקה,גדוד,סרוד,מחכנה,regiment,battalion
מסבאה,מסעדה,מסשמה,מסחנה,pub,restaurant
מסקנה,הנחה,תלחה,מסחיה,conclusion,assumption
מפלט,מקלט,לדלט,מסבק,refuge,shelter
מצב,עמדה,כסצה,תקב,status,position
מקדש,מנזר,מבקל,מקזל,temple,monastery
מרשים,מדהים,מדברם,גושיף,impressive,amazing
משא,מטען,מטורם,ביא,load,cargo
משאבה,צינור,צישכר,משסמה,pump,hose
משרה,עבודה,עבילה,טורב,job,work
מתנדב,מרצון,למצון,מתימב,volunteer,voluntarily
נחמד,יפה,עגד,נחוב,pretty,beautiful
נגרר,רכב מסחרי,באב מסרחי,גרחף,trailer,van
נובע,תוצאה,תווקה,נוגל,result,outcome
נייר,עט,מא,בביר,paper,pen
ניסוי,לנסות,ניסות,מצסוי,try,attempt
נציבות,ועדה,בזדה,קליבות,commission,committee
נתיחה,אנליזה,אנליבד,ימיחה,autopsy,analysis
סיכון,סכנה,חקנה,סיקהן,risk,danger
סמכות,רשות,ילות,ערשות,jurisdiction,authority
עוגן,מפרש,להרש,עונך,anchor,sail
עיוור,חירש,חישא,עיהיר,blind,deaf
עניו,צנוע,בזוע,נגיו,humble,modest
ערבון,הבטחה,הבעדה,בקבון,guarantee,promise
פיקח,אינטליגנטי,איטנלייצטי,פידק,smart,intelligent
פתח,שער,עסר,לרח,portal,gate
צר,רחב,צוב,מץ,narrow,wide
קעקוע,צלקת,צלדן,סדקוע,tattoo,scar
קצת,קטן,דטן,השת,little,small
קרוב,רחוק,תרוק,מפוב,near,far
קריעה,גזירה,קהירה,קרקסה,tear,cut
קשוח,קשה,לסה,גמוח,tough,hard
ראיה,הוכחה,הושרה,טויה,evidence,proof
רווק,נשוי,נשתא,רודר,single,married
רכוש,בעלים,תעלים,רכעה,property,owner
רצפה,שטיח,זקיח,נסרד,floor,carpet
שיעול,חום,לם,ללעול,cough,fever
שרלוק,ווטסון,בסטסון,שרריק,sherlock,watson
שתיה,בירה,בייד,בחיה,drink,beer
בדיקה,אישור,איאחר,סמיקה,check,verify
תחתון,עליון,חטיון,ללתון,lower,upper
תלמיד,מורה,מוים,הדמיד,student,teacher
תנ״ך,ספר,לתר,תנאח,bible,book
תקווה,אמונה,אמיפה,תקשפה,hope,faith
תשוקה,משאלה,משלקה,תשיפה,desire,wish
אזהרה,הודעה,הושפה,אזמאה,warning,message
אזורי,מקומי,מקצדי,יזורי,regional,local
אזרחי,צבאי,הגאי,אזמשי,civil,military
אחריות,חובה,ביבה,אחכנות,responsibility,duty
אחות,אח,כק,קיות,sister,brother
אטומי,גרעיני,פחעיני,קנומי,atomic,nuclear
אידאלי,מושלם,טודים,אינטלי,ideal,perfect
אירוניה,אירוני,אירובה,איטכניה,irony,ironic
אלבום,שיר,פרטר,אלאגם,album,song
אלוף,לוחם,העחם,אלנב,champion,fighter
אלמנה,אשה,צוחה,סומנה,widow,woman
אמא,אבא,מדא,גוא,mother,father
אמבולנס,מסוק,מסמד,אמבובס,ambulance,helicopter
אנטומיה,פסיכולוגיה,נאיכולוגיה,חלטומיה,anatomy,psychology
אנרכיה,קפיטליזם,קלפיטירה,תחרכיה,anarchy,capitalism
אסטרונאוט,טייס,טילר,אסטריקאוט,astronaut,pilot
אספירין,מורפין,מועיין,אסמפרין,aspirin,morphine
אפר,אבק,התק,סנקר,ash,dust
אפריקה,אמריקה,גוריקה,באריקה,africa,america
אצילי,אמיץ,אמחל,לפילי,noble,brave
אצבע,אגודל,קטודל,קטבע,finger,thumb
אצטדיון,בייסבול,ביקובול,צרטדיון,stadium,baseball
אקדח,נשק,חתק,אקצב,pistol,weapon
ארמון,טירה,טיעו,ארנקן,palace,castle
ארוחת ערב,ארוחת בוקר,ארוחגיקבור,ארותח צמב,dinner,breakfast
אש,להבה,להגי,רג,fire,flame
אשליה,הזיה,שדיה,וטליה,illusion,hallucination
אשור,לאשר,לאגל,גקור,confirmation,confirm
אשראי,להלוות,להכחות,דרראי,credit,loan
אבולוציה,מוטציה,מוקניה,מצולודיה,evolution,mutation
אביב,סתיו,אליש,מזיב,spring,autumn
אבקת שריפה,דינמיט,דינמגש,אבקתגלריפה,gunpowder,dynamite
אויב,יריב,ירם,אובג,enemy,opponent
אוכלוסיה,אנשים,תעשים,אוכלגריה,population,people
אומלל,מעורר רחמים,מעודר רחתום,אומיל,miserable,pathetic
אופטימי,מציאותי,לקיאותי,אווזימי,optimistic,realistic
אוצר,עושר,עובת,אויך,treasure,wealth
אורגזמה,זקפה,טגפה,אוך זמה,orgasm,erection
אוויר,חמצן,אסצן,אומלר,air,oxygen
אולי,כנראה,עכראה,ונלי,maybe,probably
אומנות,ספרות,ספטמת,אורדות,art,literature
אומץ,נחישות,חתישות,אוטל,courage,determination
אופי,אישיות,אישינה,אושן,character,personality
אופנתי,אלגנטי,סוגנטי,אופנסט,fashionable,elegant
אחד,שלושה,שללמה,ייד,one,three
אי סדר,בלבול,המקול,אי סקן,chaos,confusion
אי צדק,לא הוגן,לא הזיש,אי ציט,injustice,unfair
איזון,הרמוניה,הרמוולה,אירבן,balance,harmony
אירוסין,חתונה,הלונה,אייחסין,engagement,wedding
איש,בן אנוש,גד אדוש,טושם,man,human
אישי,אינטימי,אירוימי,מודקי,personal,intimate
אלוהים,אלוהי,חיוהי,מעוהים,god,divine
אלף,מאה,פיהן,שוף,thousand,hundred
אמון,להאמין,להגניס,מרוף,trust,believe
אמן,צייר,יפיר,טין,artist,painter
אמר,לאמר,לאץ,סשר,say,tell
אנגלית,צרפתית,הבפתית,תקגלית,english,french
אסור,לאסור,לאנר,מטור,forbidden,prohibit
ארון קבורה,הלוויה,סקוויה,ארורבורה,coffin,funeral
לנחות,לטוס,ממוס,תחחות,land,fly
בד,ממחטה,קצחטה,לף,cloth,handkerchief
בחופשיות,חופשי,חורלי,בחופילות,freely,free
בטחון,בטיחות,בטשטות,חלחון,security,safety
בטן,חזה,פקה,קבמן,stomach,chest
בטון,פלדה,פליש,לעון,concrete,steel
בית,דירה,אסרן,שגת,house,apartment
ריגול,חבלה,רילה,לדגוש,espionage,sabotage
בישוף,קרדינל,סודינל,מסשוף,bishop,cardinal
בכיר,זוטר,רגטר,אקיג,senior,junior
במקום אחר,אי שם,איכום,כדקום חאר,elsewhere,somewhere
בניה,לבנות,לברשן,וריה,construction,build
בנקאות,כספי,כסהל,בנשהות,banking,financial
בריא,נורמלי,סירמלי,מזיא,healthy,normal
בריאות,חינוך,אלנוך,מדיאות,health,education
ברק,רעם,בזם,התק,lightning,thunder
ברון,רוזנת,רולעת,עדוך,baron,countess
ברזל,מתכת,מתיו,כיזל,iron,metal
בת,בן,סא,רג,daughter,son
בובה,צעצוע,רבצוע,טוית,doll,toy
בוץ,חול,תכל,יתץ,mud,sand
בורות,יהירות,קרירון,בוסטת,ignorance,arrogance
מטבע הדברים,באופן כללי,באופה ללכי,מטעב מהומים,naturally,generally
באופן נורמלי,בדרך כלל,סמרך כלל,באונף נוסלי,normally,usually
בהחלט,לחלוטין,לחלובטן,בהאוט,absolutely,completely
בזבוז,לבלות,משקוד,נדבוז,waste,spend
חי,מת,טח,סו,alive,dead
בטוח,לבטח,לבסל,לנוץ,safe,secure
בטון,פלסטיק,אססטיק,לדוף,cement,plastic
בטעות,במזיד,אכזיד,אנעות,accidentally,intentionally
בינלאומי,עולם,עואק,ביתראומי,international,world
בית חולים,מרפאה,מרצרה,יבת חובהם,hospital,clinic
בית יתומים,מנזר,מנגש,בינליתומים,orphanage,convent
בית קולנוע,תיאטרון,תארון,מנת נוקולע,cinema,theater
בלתי אפשרי,קל,דס,עבתי אשפרי,impossible,easy
בנים,בנות,טטות,גמים,boys,girls
בננה,תות,זנתת,רענו,banana,strawberry
בסדר,כן,חק,אנדר,okay,yeah
בסיס,מטה,גשה,קליס,base,headquarters
בעילום שם,לא ידוע,לא ירבע,בע הושם,anonymous,unknown
בעל ערך,חשוב,שקוב,טול רעך,valuable,important
למעשה,באמת,באטר,למגדה,actually,really
בפשטות,פשוט,ג'וט,בפטעות,simply,simple
בשר חזיר,בשר,ריז,עתר זחיר,pork,meat
ג'ז,מוסיקה,מוסיוט,הבז,jazz,music
ג'יפ,משאית,אבצית,ג'סך,jeep,truck
גאון,מדען,אבען,נגוק,genius,scientist
גבעה,הר,רשד,גבטר,hill,mountain
ג'ונגל,יער,שלר,ג'ונלי,jungle,forest
גנבה,שוד,מרל,בלבה,theft,robbery
גן חיות,קרקס,מעקס,דק יוחת,zoo,circus
גן עדן,גיהנום,גיאדום,גן עוי,paradise,hell
גנרטור,כור אטומי,כומראטומי,גנמשור,generator,reactor
גשם,שלג,לרג,סום,rain,snow
גאה,נרגש,קצגש,שצה,proud,excited
גאווה,כבוד,כבפה,טעווה,pride,dignity
גולף,טניס,ביכש,גוטר,golf,tennis
גורל,יעוד,כדוד,גוקד,fate,destiny
גודל,אורך,אויא,גוטא,size,length
גורם,אלמנט,נאמנט,גובק,factor,element
גיבור,מושיע,מוגוע,חתבור,hero,savior
גרון,צוואר,רחואר,רבקון,throat,neck
דגל,סמל,צגל,קנל,flag,symbol
דגם,אבטיפוס,טסטישוס,יעם,model,prototype
דיקן,פרופסור,פרכיסור,דידר,dean,professor
דם,שתן,לין,כש,blood,urine
דמיון,יצירתיות,דיירתיות,טניון,imagination,creativity
דרמה,קומדיה,יהקוב,דרוף,drama,comedy
דרמטי,רומנטי,רווקטי,דררלי,dramatic,romantic
דרקון,אריה,ארבע,ביקוך,dragon,lion
דרום,צפון,סדון,דרמט,south,north
דבורה,נמלה,התלה,כדורה,bee,ant
דבש,חמאה,כתאה,נסש,honey,butter
דואר,פקס,קסס,ניאר,mail,fax
דוד,אבא,מדא,חפם,uncle,dad
דומה,שונה,לניה,תחמה,similar,different
דופק,לחץ,טרץ,דושך,pulse,pressure
דוב,זאב,דמב,כבב,bear,wolf
בהול,חרום,הנום,שרפול,urgent,emergency
תעודה,בוגר,בונל,אצודה,diploma,graduate
דעה,עמדה,בסדה,סמה,opinion,attitude
הגעה,עזיבה,קדיבה,אכעה,arrival,departure
הגון,ישר,אחג,תפון,decent,honest
הזדמנות,אפשרות,שקשרות,קסדמנות,chance,possibility
בחוץ,בסביבה,סרביבה,בחיע,out,about
הנהלה,אדמיניסטרטיבי,להמיניסטרטיבי,שכבלה,management,administrative
הסבר,סביר,דריר,סלבר,explanation,plausible
הסתברות,סביר,דרית,מבתברות,probability,likely
הפתעה,אכזבה,אכלטה,טנתעה,surprise,disappointment
להציע,לתת,פית,להפשע,offer,give
הצלחה,כישלון,אבשלון,הצבקה,success,failure
התאבדות,רצח,לשך,התקדדות,suicide,murder
התגלות,חזון,נאון,מזגלות,revelation,vision
התלהבות,תשוקה,גדוקה,חמלהבות,enthusiasm,passion
התנגדות,להתנגד,להתנקל,שינגדות,resistance,resist
התפרצות,להתפוצץ,להתפנפץ,התפרדית,burst,explode
הדק,להפעיל,להקשיל,נרק,trigger,activate
הוריקן,טורנדו,טורנוף,הוריאי,hurricane,tornado
הורמון,אדרנלין,אדרנזון,הוגנון,hormone,adrenaline
להחליף,תחליף,חלליף,להתחיף,replace,substitute
היום,אתמול,קעמול,הימו,today,yesterday
הימורים,פוקר,קיקש,עשמורים,gambling,poker
הכנה,תכנון,תכרין,באנה,preparation,planning
הכנסת אורחים,הכרת תודה,גרבת דותה,הכנסז חיאורים,hospitality,gratitude
הנאה,שמחה,שמעך,תעאה,pleasure,joy
הערכה,אמון,בוון,העצאה,respect,confidence
התפטרות,הדחה,ימשה,אופטרות,resignation,dismissal
התקדמות,התפתחות,התת חות,התקדרכת,progress,development
וריד,עורק,עועת,עסיד,vein,artery
וויסקי,וודקה,ישדקה,וויסלד,whiskey,vodka
וושינגטון,בוסטון,בוחלון,רישינגטון,washington,boston
פלוס,מינוס,תכנוס,פלגר,plus,minus
זהוב,כסף,מבף,נרוב,golden,silver
זירה,שדה קרב,תכה רקב,טורה,arena,battlefield
זכר,נקבה,היבה,וער,male,female
זכות,כבוד,כבפה,בטות,privilege,honor
זוהר,בהיר,רציר,זוקף,shine,bright
זכוכית,בקבוק,נגבוק,יווכית,glass,bottle
חברה,תאגיד,תאאחד,דמרה,company,corporation
חברה,קהילה,בצילש,שמבה,society,community
חג המולד,חג,צש,רד מהולד,christmas,holiday
חדר,חדר שינה,הכר מינה,ונר,room,bedroom
חזק,חלש,הרש,יצק,strong,weak
חטיף,ארוחת צהריים,אחורפץ הצרדים,אזיף,snack,lunch
חיה,בעל חיים,בעל חיצו,ללה,beast,animal
חיובי,שלילי,שלחרי,חיישי,positive,negative
חיל פרשים,ארטילריה,ארטירכיה,אלל רפשים,cavalry,artillery
חלבון,ויטמין,זעטמין,חלימן,protein,vitamin
חלוד,מאובק,מאמרק,בטוד,rusty,dusty
חלון,דלת,לחת,סיבם,window,door
חם,קר,טי,רבש,hot,cold
חסר תועלת,חסר ערך,טרר רעך,חסר תוקות,useless,worthless
חצי,רבע,צדע,לני,half,quarter
חקלאי,עובד,עועל,חקזרי,farmer,worker
חרב,סכין,קנין,בשב,sword,knife
חרדה,פחד,קטד,חרונ,horror,fear
חתם,צלם,תדם,טבם,autograph,photographer
חתן,כלה,ואה,גדן,groom,bride
חבר,מנהיג,במהיג,משר,member,leader
חובבן,מקצוען,מקלחען,חועשן,amateur,professional
חודש,שבוע,נאוע,חופא,month,week
חוזה,הסכם,הסמץ,חוחם,contract,agreement
חוטף,כופר,כוגל,חותו,kidnapper,ransom
חום,טמפרטורה,אפפרטורה,רים,heat,temperature
חומר,חלקיק,חלובק,חוגל,matter,particle
חופש,דמוקרטיה,ירוקטריה,חושס,freedom,democracy
חושך,אור,מבר,חוגן,darkness,light
מחלה,חולה,הלה,דילה,ill,sick
חום,כחול,עדול,יים,brown,blue
חוסר יכולת,לא מסוגל,לא תורשל,חורס יכוקד,inability,unable
חותמת,חתימה,פסימה,חודיף,stamp,signature
חטא,פשע,צרן,סעא,sin,crime
חיישן,משדר,משיד,חירגן,sensor,transmitter
חלב,מיץ,וצץ,בטב,milk,juice
חלק עליון,תחתית,רופית,קית לעבון,top,bottom
חמור,סוס,מפס,דעור,donkey,horse
חסר ישע,חסר אונים,אזר נואים,עצר שיע,helpless,powerless
חסר מזל,מזל רע,מלז אל,סנר מזל,unfortunate,misfortune
חפץ,מדליון,התליוט,וצץ,artifact,medallion
חצות,צהריים,טנריים,פקות,midnight,noon
טבעת,שרשרת,שראית,אסעת,ring,necklace
טבק,סיגריה,סיבניה,גיק,tobacco,cigarette
טבעי,מלאכותי,מלבודתי,אסעי,natural,artificial
טכני,מכני,דרני,לגני,technical,mechanical
טכנולוגיה,מדע,קיען,טכנולוטה,technology,science
טלסקופ,מיקרוסקופ,מיקרת קופ,טלסקעו,telescope,microscope
טעים,טעים מאוד,טרים מנכד,נמין,tasty,delicious
טעם,ריח,ישח,תנם,taste,smell
טקסט,שיר,פררל,טקוס,text,poem
טרי,לרענן,לרשון,וני,fresh,refresh
טרף,טורף,טוחי,בפף,prey,predator
טוב,רע,ויז,בעב,good,bad
טונה,לובסטר,לובסחד,טומית,tuna,lobster
טופס,לחתום,מרתום,צלפס,form,sign
טורניר,משחק,משוף,רערניר,tournament,match
טיפוסי,קלאסי,קלרדי,טיפוכף,typical,classic
טריק,בדיחה,כליחה,רכיק,trick,joke
יבש,רטוב,תשוק,זחש,dry,wet
יין,שמפנייה,שמפנמנה,נזן,wine,champagne
ים,אוקיינוס,אוקיינסר,רס,sea,ocean
יציאה,כניסה,כנבקה,אסיאה,exit,entrance
יצרן,מנהל,מנחק,אדרן,producer,director
יקר,זול,מתלו,בפר,expensive,cheap
יד,זרוע,טעוע,סג,hand,arm
יהלום,תכשיט,בצשיט,יהרים,diamond,jewel
יום השנה,יום הולדת,יומשלהודת,יון טומה,anniversary,birthday
יום שני,יום שלישי,יום שלנטי,יום ועי,monday,tuesday
יוצא דופן,ראוי לציון,רנוי לצינו,יוצתלקופן,exceptional,remarkable
יורה,צלף,סמף,יוים,shooter,sniper
יום שבת,יום ראשון,יום ראזקן,יולהקבת,saturday,sunday
יוני,יולי,מכליך,לזני,june,july
ימי,חיל הים,ליח רום,בניש,marine,navy
יצירה,הרס,תחס,גיירה,creation,destruction
ירוק,כתום,פסום,ירבע,green,orange
ירח,שמש,רשח,ליח,moon,sun
כבד,בכבדות,בכבדיח,הרדג,heavy,heavily
כביש,כביש מהיר,כשיב מעור,כבמר,road,highway
כבל,חוט,מנט,חדת,cable,wire
כבר,עדיין,סניין,דשר,already,still
כימי,ביולוגי,ביולחרי,כיוץ,chemical,biological
כימיה,ביולוגיה,בירהוגיה,כיבוה,chemistry,biology
כיס,ארנק,ארלל,בוסף,pocket,wallet
כלב,חתול,טבות,לרד,dog,cat
כלל,נוהל,שוצר,נחקן,rule,protocol
כליה,כבד,שרן,בדיק,kidney,liver
כמות,איכות,אימפת,גזות,quantity,quality
כנסיה,חדר תפילה,צור פתימה,ישסיה,church,chapel
כנופיה,קבוצה,גלוצה,כנלריה,gang,group
כעס,זעם,טוץ,בזס,anger,rage
כרטיס,דרכון,לזכון,בתטיס,ticket,passport
כתר,כס,יך,יבר,crown,throne
אלכוהול,סם,ויק,אלכונבל,alcohol,drug
כוח,אנרגיה,חגרליה,חיף,power,energy
כמוסה,בדיקה,ראיקה,הנוסה,capsule,probe
כתב,עתונאי,טנונאי,בציו,reporter,journalist
כאן,שם,כרב,טקן,here,there
כדורסל,כדורגל,פשורגל,לגורסל,basketball,football
כוכב לכת,מסלול,מסחרל,כוכבמתכת,planet,orbit
כינוי,שם משפחה,נק פמחשה,כיקאי,nickname,surname
כיסוי,להתחבא,להתחרו,שיורית,cover,hide
מזומן,כסף,מבף,מזבבן,cash,money
כף,מזלג,גולג,בף,spoon,fork
כריך,המבורגר,יסבורגר,ברחי,sandwich,hamburger
כריש,דג,להן,שדיש,shark,fish
לאפשר,לספק,לסבל,לאשרה,enable,provide
לאחל,לברך,מגרך,לאי,congratulate,greet
לבחון,לחקור,לחמרי,שמחוף,examine,investigate
לבלוע,ללעוס,מנעוס,לברדע,swallow,chew
לגיון,צבא,סכא,השיון,legion,army
לגנוב,לשדוד,לשימד,גרנוב,steal,rob
להביא,לשלוח,לשקמח,להרוא,bring,send
להגיע,לבוא,לבבץ,להרבע,arrive,come
להחזיק,לשמור,לשריש,להנקיג,hold,keep
להחלים,לרפא,לרלף,להוהים,recover,heal
להחמיא,להרשים,להענים,להסייא,flatter,impress
להטביע,לשחות,ייחות,להסתיץ,drown,swim
להכיל,תוכן,תויו,להגלב,contain,content
להכניס,לשים,עקים,להאכיס,insert,put
להכפיל,לשלש,לשדו,להגביד,double,triple
להפחיד,להבהיל,להחילי,להכייד,scare,frighten
להציל,לשמור,לשפיר,להודל,rescue,save
להשיג,לנצח,לנרב,להגבג,gain,win
להשפיע,השפעה,כמפעה,להוריף,influence,effect
להתפעל,להעריך,שיעריש,להתפסר,admire,appreciate
לחכות,לצפות,הרפוש,פשכות,wait,expect
לחסל,להסיר,להרגר,לחלג,eliminate,remove
לִתְפּוֹס,לחטוף,שיקון,פרטוף,kidnap,abduct
לחפור,לקבור,בטבורת,לחנר,dig,bury
לילה,ערב,רשב,ליבר,night,evening
ליגה,קבוצה,גלוצה,לייס,league,team
ליצור,לייצר,ליכבר,ליהזר,create,produce
לירה,דולר,דומש,טורה,pound,dollar
ללוות,להצטרף,להרשרף,ללעת,escort,accompany
ללמוד,ללמד,ללבל,תסמוד,learn,teach
לממן,להשקיע,להעניע,למטי,finance,invest
למצוץ,ללקק,ללעות,גוצוץ,suck,lick
לנסות,לבחון,מגחון,תחסות,experiment,test
לנקות,לשטוף,אנטוף,לנתחת,clean,wash
לעמוד,לשבת,לשגה,נימוד,stand,sit
לפעמים,לעתים תכופות,לעתיהסתפוכות,הדעמים,sometimes,often
לעתים קרובות,לעתים רחוקות,לעטין רחלחות,לעטין ברקנות,occasionally,rarely
לקנות,חנות,דכות,לקוחף,shop,store
לראות,לפגוש,נסגוש,לרוצת,see,meet
לרסק,לשבור,סיבור,עבסק,smash,break
לרוץ,ללכת,לליא,בעוץ,run,walk
לשחק,משחק,שמוך,לשדן,play,game
לתכנן,אסטרטגיה,אסטרקניה,סבכנן,plan,strategy
לא נוח,לא נעים,לא נלנם,לא נטס,uncomfortable,unpleasant
לא נכון,נכון,כדוף,לכיאון,wrong,correct
לא סביר,לא אחראי,לא אנואי,לא סזמר,unreasonable,irresponsible
לאומי,גלובלי,גלובם,לסאי,national,global
לאט,במהירות,עשהירות,ורט,slowly,quickly
לבד,בודד,בועי,ריד,alone,lonely
לבן,שחור,עכוץ,גדן,white,black
להגביר,להפחית,להכיית,להרעיר,increase,reduce
להגיש תלונה,לדווח,לדליח,להתפש לתונה,report,inform
להיכנס,ללכת,לליא,להיכדב,enter,go
להמיס,להקפיא,להעניא,להגרבד,melt,freeze
לִרְמוֹז,להציע,להפשם,להפשן,propose,suggest
להקשיב,לשמוע,לשפשע,להמייב,listen,hear
להתיר,לתת,פית,להנור,allow,let
לוח שנה,לוח זמנים,שבח מזנים,העך נשה,calendar,schedule
לזניה,ספגטי,ספטלי,קשניה,lasagna,spaghetti
לחיות,לשרוד,לשגיד,לחנת,live,survive
לחימה,מאבק,שמבק,לחפשד,combat,fight
לחם,גבינה,ירינה,שיל,bread,cheese
לחפש,למצוא,למכלא,לחצק,search,find
לחץ,דכאון,דכוכן,שיץ,stress,depression
להסתדר,הצליח,ונליח,להתודר,manage,succeed
לספור,לחשב,לבים,הרפור,count,calculate
לעולם לא,אי פעם,אי פשק,לגובם דק,never,ever
לעזוב,לנטוש,לננחש,מגזוב,leave,abandon
לעקוב אחר,לרדוף,סמדוף,לקולד חאר,follow,chase
לקרוא,לכתוב,עטתוב,נירוא,read,write
לשמור,לתחזק,בחחזק,שלסיר,preserve,maintain
לשקול,לחשוב,קטגוב,לשעיל,consider,think
מאה,עשור,זכוק,ריה,century,decade
מאמן,שחקן,ווקן,שמגם,coach,player
מבוגר,הורה,הוים,מבנתר,adult,parent
שימושי,פונקציונלי,פונקצייטלי,שימומך,operational,functional
מברק,מכתב,מכפך,תארק,telegram,letter
מגן,שריון,חליון,חבן,shield,armor
דוחה,מטונף,מטרהף,לנחה,nasty,filthy
מגף,נעל,רולן,דוף,boot,shoe
דֶבֶר,מגפה,מגוד,חבפה,plague,epidemic
מגדל,בניין,בנרון,מגוי,tower,building
מגוחך,אבסורדי,התסורדי,מגבתך,ridiculous,absurd
מגנטי,חשמלי,גבמלי,מגישין,magnetic,electric
מדיניות,פוליטיקאי,אבליטיקאי,קייניות,policy,politician
מדבר,עמק,ידק,מדהי,desert,valley
מזוייף,שיקרי,שימטי,קיוייף,fake,false
מחבר,שחקן,ווקן,ניבר,author,actor
מחט,מזרק,מזשך,ליט,needle,syringe
מחסן נשק,נשקיה,טרקיה,מחנס ניפ,arsenal,armory
מייל,סנטימטר,סנטירהר,וביל,mile,centimeter
מיני,גופני,טיפני,מיפר,sexual,physical
מינימום,מקסימום,מקסיסים,מיניינם,minimum,maximum
מיתוס,אגדה,גזדה,מילהס,myth,legend
מכללה,אוניברסיטה,אונירבמיסן,מכתעה,college,university
מכשול,אתגר,בפגר,מכלמל,obstacle,challenge
מלאך,שטן,גדן,מלשק,angel,devil
מילה,משפט,משיאט,מיקו,word,sentence
מלצר,מלצרית,מלחזית,עובץ,waiter,waitress
מלוכלך,מגעיל,מגסמל,מלוכאף,dirty,disgusting
מלחמה,קרב,חיסב,מללטה,war,battle
מלכה,מלך,הוך,מלוף,queen,king
מלכודת,פתיון,שטיון,מלכולא,trap,bait
מנה,זריקה,לדיקה,ציה,dose,injection
מניע,אליבי,אלבוי,מנעו,motive,alibi
מנתח,דוקטור,דואחור,מנוך,surgeon,doctor
מנתח,חוקר,חובחה,מנוך,analyst,investigator
מנהל,ממשלה,ממגנה,מנכת,administration,government
מנומס,ידידותי,ידידסוי,מנהיס,polite,friendly
מסחרי,סוחר,סולת,מסוגי,commercial,merchant
מסך,צג,יבן,ליך,screen,monitor
ציפורן,שן,דך,ציפוטן,nail,tooth
רוֹפֵף,מסוכן,ביוכן,מספון,risky,dangerous
טרמינל,שדה תעופה,פשה פעותה,יימינל,terminal,airport
מסלול,נתיב,גזיב,מסוכד,route,path
מעטפה,חבילה,עמילש,מעגדה,envelope,package
מענק,פרס,שיס,מערם,bonus,reward
מערב,מזרח,מזסי,מעחן,west,east
מעולה,גדול,טעול,מעהרה,excellent,great
מפחיד,מצמרר,מצסיר,מפוחג,scary,creepy
מאפיה,קרטל,קר״ך,מאובל,mafia,cartel
מפקד,סרן,הצן,מפתא,commander,captain
מפקח,ממונה,נתוסה,מפבק,inspector,commissioner
מפואר,תפארת,זכארת,אלואר,glorious,glory
מפלצת,יצור,בשורל,קרלצת,monster,creature
מפרץ,נמל,ענל,מפלב,bay,harbor
מצב,משבר,פבר,תקב,situation,crisis
מציאות,פנטזיה,מהטזיה,לניאות,reality,fantasy
מצלמה,מיקרופון,מיסקופון,מצנדה,camera,microphone
מקלחת,חדר אמבטיה,הכר משטביה,פולחת,shower,bathroom
מרגש,מעניין,ציניין,מרטל,exciting,interesting
מרחק,מהירות,בשירוק,מרשי,distance,speed
מטלה,משימה,פטימש,מטין,task,mission
משמעות,חשיבות,חששיום,משמענק,meaning,importance
משורר,סופר,סויק,סיורר,poet,writer
משקל,גובה,למבה,מחשר,weight,height
מאוחר,מוקדם,מוטצם,מאבשר,late,early
מאמר,עיתון,מדתון,מאיש,article,newspaper
מבחינה כספית,לממן,גומן,סלחינה סכפית,financially,financing
מגיע,ראוי,נבוי,לעיע,deserve,worthy
מדינה,אומה,אוגד,אבינה,country,nation
מה,זה,כע,בסה,what,that
מהנדס,אדריכל,אדריהר,קלנדס,engineer,architect
מודאג,מתוח,עיוח,מוכנג,worried,nervous
מודרני,מסורתי,מסורסג,סתדרני,modern,traditional
מוח,מוחי,מושם,וכח,brain,cerebral
מוכן,מכין,טמיש,מואה,ready,prepare
מוכר,קונה,חירה,מורף,seller,buyer
בַּר הָכֵי,מומחה,מושלה,מושפה,expert,specialist
מונית,לימוזינה,לימוזיהו,מודון,taxi,limousine
מועדון,בר,עיג,מורתון,club,bar
מועיל,יעיל,בסיל,מונדל,useful,effective
מועמד,בוחר,בוטא,מורשד,candidate,voter
להתמקד,להתרכז,להתרחן,להגזקד,focus,concentrate
מורשת,לרשת,לרזל,מולות,heritage,inherit
מושבה,פדרציה,יהרציה,לחבשה,colony,federation
מושג,הגדרה,זקדרה,מוכם,concept,definition
מושך,מקסים,מקמום,מווס,attractive,charming
מושל,סנטור,חסטור,מוצן,governor,senator
מוות,העלמות,העילות,תיות,death,disappearance
נגדי,להפך,להסי,נגגד,opposite,contrary
מותג,מוצר,מועי,מורד,brand,product
מזון,ארוחה,ארידה,רמוק,food,meal
מזכיר,עוזר,אכזד,מזרור,secretary,assistant
מחקר,לימוד,ליטיד,מסלן,research,study
מיוחד,ייחודי,צדחודי,מימעד,special,unique
מילון,ביטוי,בירחי,מיבבן,dictionary,phrase
"מכ""ם",לווין,לומטן,מכגז,radar,satellite
מכירה פומבית,מכירה,יוירה,מריכה פותייס,auction,sale
מלון,מלונית,נוונית,מנאן,hotel,motel
מנורה,נר,סיט,מניכה,lamp,candle
מספר,כתובת,חיולת,מבסת,number,address
מעגל,משולש,משאיש,מנעיש,circle,triangle
מערכת יחסים,חברות,שמבות,מערבת יחשם,relationship,friendship
מפעל,יצור,שפוג,מפגד,factory,production
מצפן,מפה,בקה,מצבץ,compass,map
מקל,פטיש,דציש,לבל,stick,hammer
מרגל,בוגד,בותא,מרא,spy,traitor
מרק,סלט,פתט,פיקש,soup,salad
משי,כותנה,כוזמן,והין,silk,cotton
משקפיים,כובע,כוקן,משניתים,glasses,cap
מתוק,חמוד,טבוד,עיוק,sweet,cute
נאמנות,מסירות,העירות,נאיאות,fidelity,devotion
נאמנות,יושר,יוגל,נאיאות,loyalty,honesty
נאום,דרשה,דרלא,ילום,speech,sermon
קנצלר,נשיא,חמיא,קנכתר,chancellor,president
נזיר,כומר,אלמר,צקיר,monk,priest
נחיתה,טיסה,טירג,נחדמה,landing,flight
נחמד,חביב,רדיב,נחוט,nice,lovely
נכד,אחיין,ענייש,גין,grandson,nephew
נכון,אמיתי,אמצרי,זקון,true,real
נמוך,גבוה,גבפן,זרוך,low,high
נעול,סגור,זרור,קתול,locked,closed
נפץ,טיימר,טיקבר,בסץ,detonator,timer
נפש,רוח,ביח,הצש,soul,spirit
נפלא,פנטסטי,גדטסטי,נפיט,wonderful,fantastic
מנטלי,רגשי,רגפש,מנהרי,mental,emotional
נצחי,לעד,שמד,כאחי,eternal,forever
נקמה,צדק,ולק,תעמה,revenge,justice
טיעון,מעיד,כויד,בועוף,point,indicate
נרתיק,פין,טמז,הדתיק,vagina,penis
נשיקה,לחבק,לחתה,ירימה,kiss,hug
נגיף,הדבקה,ימבקה,דביף,virus,infection
נהיגה,נסיעה,הייעה,נהקיה,drive,ride
נהר,אגם,הנלב,זבר,river,lake
נובמבר,דצמבר,יחמבר,מלבמבר,november,december
נוח,נעים,והין,חמך,comfortable,pleasant
נוסע,נהג,גהג,נובס,passenger,driver
נעורים,ילדות,גדדות,חרולים,youth,childhood
נובל,פרס,שיס,נוגץ,nobel,prize
נוגדן,חיסון,מסון,נואין,antidote,vaccine
נוכחות,העדרות,העדרמה,נולרות,presence,absence
נקודת מבט,פרספקטיבה,פרספקטשה,שנודת במט,view,perspective
נורא,מחריד,מחאחד,נונת,terrible,horrible
נחוץ,צורך,חוצק,אדוץ,necessary,need
ניווט,תקשורת,תקשושל,ניקהט,navigation,communication
נינג'ה,סמוראי,סמכואי,נינגרג,ninja,samurai
ניסיון,ידע,נפעץ,ניסיסם,experience,knowledge
ילדה,ילד,נמד,זודיה,girl,boy
נפילה,התמוטטות,התלטהות,ישילה,fall,collapse
נתונים,מידע,מיבר,אגונים,data,information
סבא,סבתא,סבדן,דרא,grandfather,grandmother
סבל,כאב,בכב,אול,suffering,pain
סידרה,פרק,קיקץ,מחדגה,series,episode
סכום,כמות,תכות,דגום,sum,amount
סליחה,רחמים,תימים,חשיחה,forgiveness,mercy
סמינר,הרצאה,הרמנה,סמשער,seminar,lecture
סנסציוני,מרהיב,מרחקב,חססציוני,sensational,spectacular
ספטמבר,אוקטובר,אוקטלנר,ספגטבר,september,october
ספריה,מוזיאון,דורגן,פשריה,library,museum
סתירה,מחלוקת,מחלורש,בדירו,conflict,dispute
סביבה,אווירה,אבזיל,אשיבה,environment,atmosphere
סבלנות,חמלה,שבלן,סבישות,patience,compassion
סדנה,מוסך,מועו,צענה,workshop,garage
סדק,חור,סיק,צהק,crack,hole
סוד,מסתורין,מסקנרין,חיד,secret,mystery
סוכן,בלש,שוג,סורך,agent,detective
סוף,סיים,דדים,ארף,end,finish
סופרמן,באטמן,רכטמן,סופרחה,superman,batman
לסבול,למות,גוות,חלבול,suffer,die
סוכר,שוקולד,לתקולד,מעגר,sugar,chocolate
סיבה,גורם,גותה,עובם,reason,cause
סיוט,חלום,רהום,סיגן,nightmare,dream
סיבוב הופעות,הופעה,מחפעה,סידוב הולנות,tour,concert
סימפטום,תסמונת,תסמופץ,סיביטום,symptom,syndrome
סך הכל,להשלים,להשלס,דעלכה,total,complete
סלע,אבן,סיש,שעבק,rock,stone
סמל,סגן,מתך,רשלי,sergeant,lieutenant
סנאי,דביבון,רציבון,חשיא,squirrel,raccoon
ספק,חשוד,הכוד,קובס,doubt,suspect
עבד,משרת,מששין,תנד,slave,servant
עגול,סביב,פייב,מעולח,round,around
עדין,רגיש,וויש,פתין,delicate,sensitive
עזרה,לסייע,בטייע,קפרה,help,assist
עין,אוזן,אודו,מדן,eye,ear
עכביש,חרק,נוק,שתבשי,spider,insect
עכשיו,לדעת,לדחו,עכדאו,now,know
על טבעי,פראנורמלית,פראנורמית,על טגטי,supernatural,paranormal
עצב,שריר,גזיש,צוב,nerve,muscle
עצם,גולגולת,גופעולת,שטם,bone,skull
עצוב,טרגי,בגיא,רבוך,sad,tragic
עקשן,אנוכי,אנכלי,תזשן,stubborn,selfish
דרוך,אזעקה,תאעקה,דרחי,alert,alarm
ערוץ,חדשות,סלשות,בנוץ,channel,news
עשן,סיגר,סיוס,כמן,smoke,cigar
יקום,גלקסיה,גליציה,סעום,universe,galaxy
עונש,מאסר,שמסר,עוכם,penalty,imprisonment
עוני,אומללות,אושבלות,לזני,poverty,misery
עור,רקמה,בממה,קשם,skin,tissue
עורך דין,תובע,תוצא,נועי דין,lawyer,prosecutor
עיר בירה,עיר,ורר,עיבסבירה,capital,city
עיתונאות,פוליטיקה,קיליטיקה,עיתורצות,journalism,politics
עכבר,עכברוש,פנברוש,הצברש,mouse,rat
עני,עשיר,מליר,לאיז,poor,rich
ענן,ערפל,ערעס,מהף,cloud,fog
להכין,לעשות,תקשות,הלמאן,make,do
פה,אף,בף,קף,mouth,nose
פחמן,מימן,מיוע,כדמן,carbon,hydrogen
פילגש,מאהבת,מאדית,פיטוש,mistress,lover
פיקניק,קמפינג,נקפינג,פיזריק,picnic,camping
פירמידה,מבנה,רחנה,פירמסיה,pyramid,structure
צלול,שיכור,שיחהר,רדול,sober,drunk
פליט,נמלט,קבלט,כתיט,refugee,fugitive
פלישה,לתקוף,לתכסף,העישה,invasion,attack
פנימי,חיצוני,חנויוני,קלימי,internal,external
פסנתר,גיטרה,גיעצה,פסאפר,piano,guitar
פצצה,חומר נפץ,חורם נאך,פצסל,bomb,explosive
פרה,חזיר,נפיר,בלה,cow,pig
פרטי,פרטיות,פריפות,פרחש,private,privacy
פרס,מדליה,מדראה,שיס,trophy,medal
פרפר,ציפור,גתפור,פרמן,butterfly,bird
פרלמנט,סנט,רכט,שילמנט,parliament,senate
פרסום,שיווק,לדווק,אבסום,advertising,marketing
פתיחה,סיום,סיקה,גביחה,opening,closure
פולחן,טקס,יהס,פורין,ritual,ceremony
פילוסופיה,דת,וע,פילוסורה,philosophy,religion
רציף,תחנה,בדנה,גריף,platform,station
פרויקט,תכנית,גזנית,פריעקט,project,program
פרופיל,תיאור,הסאור,פרבחיל,profile,description
פדרלי,מדינה,אחינה,עלרלי,federal,state
פוטנציאל,כשרון,הקרוף,פוטנצייט,potential,talent
פופולרי,מפורסם,חמורסם,פופומבי,popular,famous
פורנו,סרט,גמט,פושיו,porn,movie
פיזיקה,מתימטיקה,פטימטיקה,בחזיפה,physics,mathematics
הרעיש,צלצל,צלדן,אנעיש,ping,ding
פינה,סמטה,סמקר,פירי,corner,alley
פלייבוי,מגזין,מגצון,פלייורי,playboy,magazine
פרנואידית,מטורף,מטכתף,אנואידית,paranoid,crazy
פשוטו כמשמעו,בצורה מעשית,ברוצה אשנית,היוטו כמעמשו,literally,practically
ציוד,לצייד,לצסוד,צינות,equipment,equip
צפרדע,לטאה,אבצה,חגרדע,frog,lizard
צדקה,תרומה,תראוה,עגקה,charity,donation
צוללת,סירה,סידו,צוקאת,submarine,boat
צוות,ספינה,לתינה,בדות,crew,ship
צופר,לשרוק,לשובק,תיפר,horn,whistle
ציד,דיג,חתג,מזד,hunting,fishing
צמח,פרח,ווח,סתח,plant,flower
צרה,בעיה,צלישה,מוה,trouble,problem
קיץ,חורף,חווך,ידץ,summer,winter
קילו,גרם,תפם,מטלו,kilo,gram
קיסר,רומא,דועי,ברסר,caesar,rome
קיסרי,קיסר,קיבר,קישני,imperial,emperor
קיר,גדר,ורר,רור,wall,fence
קליבר,כדור,נרור,קלבגר,caliber,bullet
קן,ביצה,דיבי,סן,nest,egg
קנאי,כועס,כואח,קנצל,jealous,angry
קסם,אשף,ספף,יהם,magic,wizard
קסדה,כובע,כוקן,רבדה,helmet,hat
קערה,צלחת,צלמא,תברה,bowl,plate
מקצב,סגנון,תננון,מקזל,rhythm,style
קרנבל,פסטיבל,פסבלית,מפנבל,carnival,festival
מזימה,הונאה,הוקפה,אחימה,conspiracy,fraud
קתולי,נוצרי,נוובי,יפולי,catholic,christian
קבלת פנים,מסיבה,נתיבה,חרלת נפים,reception,party
קבר,בית קברות,בית סחתור,דפר,grave,cemetery
קול,מבטא,חשטא,קיל,voice,accent
קומבינציה,תערובת,הגרובת,קומבינשפה,combination,mixture
קוף,גורילה,אמרילה,ארף,monkey,gorilla
קוקאין,הרואין,רגואין,קואמין,cocaine,heroin
קוד,סיסמה,סיורה,מלד,code,password
קופסא,תיק,שפק,קורוא,box,bag
קורבן,תוקף,תוטח,קוופן,victim,attacker
קטשופ,מיונז,מיילז,שנשופ,ketchup,mayonnaise
קיבולת,יכולת,דתולת,קיבווי,capacity,ability
קינוח,עוגה,עובת,מדנוח,dessert,cake
קינמון,וניל,רפיל,קיצדון,cinnamon,vanilla
קללה,מכשפה,יושפה,קלסח,curse,witch
קמפיין,בחירות,דרירות,צרפיין,campaign,election
קצר,ארוך,ארתח,נדרף,short,long
קרוב משפחה,בת דודה,בתציודה,מפוב מפשחה,relative,cousin
קריאה,כתיבה,נחיבה,מפיאה,reading,writing
ביקורתי,פוליטי,מדליטי,בינלרתי,critical,political
קריירה,תדמית,קפמית,עניירה,career,reputation
קצפת,רוטב,רווף,קצתב,cream,sauce
רדיו,טלויזיה,טלויואה,טקיו,radio,television
רדיוס,היקף,כדקף,קעיוס,radius,perimeter
רחום,נדיב,הקיב,פתום,compassionate,generous
רך,עדין,נשין,רא,soft,gentle
רכילות,סקנדל,סקדול,עדילות,gossip,scandal
רעיון,תאוריה,גאורתי,פליון,idea,theory
רפואי,פסיכולוגי,חמיכולוגי,רפפשי,medical,psychological
זה עתה,לאחרונה,לאתאונה,מז תעה,just,recently
רקטה,טיל,מולש,תכטה,rocket,missile
רשת,מערכת,סורכת,בנת,network,system
רשות,הסכמה,הסטפה,סמות,permission,approval
ראשון,אחרון,מדרוף,ערשון,first,last
רוב,הצבעה,גלבעה,ציב,majority,vote
רובוט,מכונה,מכשיה,רופרט,robot,machine
רודאו,בוקר,בוחה,רולתו,rodeo,cowboy
רומי,יווני,יורהי,רווץ,roman,greek
רובה,אקדח,צנדך,רבית,rifle,gun
רווח,הכנסה,הכעשה,רוזנד,profit,income
רום,קוניאק,קוניכז,מיף,rum,cognac
רומיאו,יוליה,מכליה,רומירץ,romeo,juliet
ריק,מלא,צוא,ידק,empty,full
רכבת,אוטובוס,אוטופס,חדבת,train,bus
רעב,צמא,יהא,לגב,hunger,thirst
רעידת אדמה,פיצוץ,פייץ,פחידת דאמה,earthquake,explosion
רשמית,רשמי,טומית,בנמית,officially,official
רשע,אכזריות,זהזריות,ערט,evil,cruelty
שאלה,לשאול,ראוש,תזלה,question,ask
שבלול,צב,ימל,מחלול,snail,turtle
שבט,משפחה,משהלי,אדט,clan,family
שגעון,טפשות,ורשות,מהעון,madness,stupidity
שגריר,שר,לסש,שגבשר,ambassador,minister
שדרה,רחוב,מאוב,רקרה,avenue,street
שהות,להשאר,להלור,יסות,stay,remain
שיחה,דיון,צחוף,שיגות,conversation,discussion
להתקשר,טלפון,גרפון,להודשר,call,telephone
שכיר חרב,מתנקש,מתשמש,שריך חגן,mercenary,assassin
שכבה,משטח,מדלד,שהיר,layer,surface
גיל העשרה,מתבגר,מתתיר,ליג העלה,teenage,teenager
ימי,צי,רל,בניש,naval,fleet
עמוד שדרה,בטני,שרמי,גבוד דשרה,spinal,abdominal
שלשול,בחילה,דרילה,טושול,diarrhea,nausea
שמיים,שמיימי,שמייבו,לעיים,sky,heavenly
שמיכה,מגבת,לעבת,שחמין,blanket,towel
שניה,דקה,מבה,נגיה,second,minute
שנאה,אהבה,כפבה,שניו,hate,love
שנון,מצחיק,מצספק,בעון,witty,funny
שפה,לחי,וקי,בהא,lip,cheek
שפעת,מחלה,עולך,שפמד,flu,disease
שפתון,בושם,מפשם,כמתון,lipstick,perfume
שריף,ראש העיר,טוש המיר,לניף,sheriff,mayor
שירות,תחזוקה,לנזוקה,פכצות,service,maintenance
שירותים,כיור,לחור,שירועם,toilet,sink
שרשרת,חבל,ליג,תחשרת,chain,rope
שוכר,בעל בית,ברל תיב,שופק,tenant,landlord
שולחן כתיבה,משרד,משצג,שוחיל מכיבתה,desk,office
שועל,ארנב,ארתק,גולט,fox,rabbit
שושלת,אימפריה,אימפואה,שולדת,dynasty,empire
מרוצה,שמח,מגח,מרהרה,satisfied,happy
שגרירות,משרד ממשלתי,משבן משמתלי,גדרירות,embassy,ministry
שולחן,כסא,יראש,שורין,table,chair
שום,בצל,סדל,קדן,garlic,onion
שומר,סיור,בודס,שוגה,guard,patrol
שיח,עץ,דך,וכז,bush,tree
שיטה,טכניקה,אוניקה,פרטה,method,technique
שינוי,שיפור,ישירט,רפנוי,change,improvement
שיער,זקן,קמן,שיהו,hair,beard
שלב,תקופה,דופה,תוב,phase,period
שלום,להתראות,להמיאות,רעון,hello,bye
שמרני,ליברלי,ליטלי,מגרני,conservative,liberal
שקט,שתיקה,קניקה,אפט,silent,silence
שקיעה,שחר,בלר,תייעה,sunset,dawn
שקר,שקרן,מברן,באל,lie,liar
שריטה,חבורה,אנורה,כביטה,scratch,bruise
שתיים,ארבעה,ארדיה,לדיים,two,four
תא נוסעים,סיפון,תקפון,צע סונעים,cabin,deck
תא,כלא,בנא,דז,cell,prison
סמל,מדים,מדהי,שרל,badge,uniform
תחרות,אליפות,אלאכות,תחנהת,competition,championship
תחת,ישבן,ישנל,לתק,ass,butt
תחביב,ספורט,ספחוט,תחלב,hobby,sport
תינוק,ילד,נמד,תידסק,baby,child
תלונה,האשמה,האלחה,יעונה,complaint,accusation
תנומה,שיטוט,אוטוט,תנשנה,nap,stroll
תעשייה,עסק,חגק,עכשייה,industry,business
הבחנה,הערכה,דירכה,תעחנה,observation,evaluation
תקרית,תאונה,פתונה,תקובת,incident,accident
תרפיה,טיפול,טימלז,יופיד,therapy,treatment
תדר,אות,משת,מבר,frequency,signal
תוכנה,מחשב,מלחב,תוזמה,software,computer
תולעת,נחש,אסש,תורית,worm,snake
תוספת,נוסף,נותד,זובעת,extra,additional
תופעה,אירוע,איסלע,קותפה,phenomenon,event
תיק מסמכים,מזוודה,מזרקדה,קיד מסרשים,briefcase,suitcase
תמיכה,סיוע,סימף,הייכד,support,assistance
נאיבי,טיפש,טיכת,סשיבי,naïve,stupid
נאיבי,ציני,נפי,ביסבי,naive,cynical
תנועה,פעולה,מדולה,גרלנה,gesture,act
תפוח אדמה,עגבנייה,פצבנייה,טכוח מדאה,potato,tomato
תפוח עץ,פרי,גטי,תחפו פן,apple,fruit
תקליט,הקלטה,דתלטה,תקשבט,record,recording
אימון,תרגיל,תרעול,מידאן,practice,exercise
תשומת לב,מושך,מבוד,אידאן,attention,attract
