en_cue,en_target,hi_cue,hi_target,hi_fake_cue,hi_fake_target
carnival,festival,मेला,त्यौहार,लीली,त्तिहान
radius,perimeter,त्रिज्या,परिमाप,त्वन्या,परेदार
accidentally,intentionally,अकस्मात,जानबूझ कर,अकसगलना,जानबमक्खी
unreasonable,irresponsible,अकारण,गैर जिम्मेदार,अकदीर,गैर जाला /बार
alone,lonely,अकेले,अकेला,सेेला,दूेला
literally,practically,अक्षरशः,वास्तव में,अक्लवार,वासढ़ता से
arena,battlefield,अखाड़ा,लड़ाई का मैदान,सपाड़ा,लड़ाईका सत्त्व
english,french,अंग्रेज़ी,फ्रांसीसी,आन्सेही,फ़दिसे
suddenly,unexpectedly,अचानक से,अप्रत्याशित रूप से,अचाउंटेस,अप्रत्यारिणी समिति
good,bad,अच्छा,खराब,जुञ,खरशा
nice,lovely,अच्छा,प्यारा,जोघ,प्बुरा
dragon,lion,ड्रैगन,सिंह,द्त्रि,सिनस
ignorance,arrogance,अज्ञान,अभिमान,अजलवार,अभुराई
international,world,अंतरराष्ट्रीय,दुनिया,अंतररारांसीसी,दुनिष्
astronaut,pilot,अंतरिक्ष यात्री,पायलट,अंतरिक्य रूप से,पानाक
urgent,emergency,अति आवश्यक,आपातकालीन,अति आरामिड,आपातप्रिय
excellent,great,अति उत्कृष्ट,महान,अति उिकित्सक,महदा
final,ultimate,अंतिम,परम,अंशाम,लोम
superman,batman,अतिमानव,बैटमैन,अतिवस्थ,बैमदिन
extra,additional,अधिक,अतिरिक्त,अतिपत्ति,अतिरेरणा
extremely,very,अत्यंत,बहुत,अतरबंध,बह्व
internal,external,अंदर का,बाहरी,उङ्पेर,बाफ़ी
blind,deaf,अंधा,बहरा,अंटी,जोरा
heavy,heavily,अधिक वज़नदार,भारी,अधिक वरूप में,भागन
darkness,light,अंधेरा,रोशनी,अंत्रा,किशनी
reading,writing,पाठ,लिखना,रव़ना,दरखना
grain,flour,अनाज,आटा,अन्म,तुा
naïve,stupid,अनाड़ी,बेवकूफ,अनॊहि,बेवेषक
naive,cynical,अनाड़ी,निंदक,अनोपि,निदशक
orphanage,convent,अनाथालय,कान्वेंट,अनाटेशन,काजिमेंट
anonymous,unknown,अनाम,अनजान,अनगा,अनवरण
contract,agreement,अनुबंध,समझौता,अनसबॉल,जम्पथ
experience,knowledge,अनुभव,ज्ञान,अनरथम,दसञान
section,paragraph,अनुभाग,अनुच्छेद,अन्कार,अनुक्रिय
allow,let,अनुमति,होने देना,अन्षित,हो्य होना
permission,approval,अनुमति,अनुमोदन,अनुश्थ,अनुुनिक
escort,accompany,अनुरक्षण,संगत करना,अनुर्यालय,संगत्रालय
research,study,अनुसंधान,पढाई,अनुी रात,सलाई
injustice,unfair,अन्याय,अनुचित,अनलपाठ,प्रभ्दय
insult,offend,अपमान,कष्ट पहुंचाना,अपुमत,क्रश्त करनेब
conservative,liberal,अपरिवर्तनवादी,उदारवादी,अपरिवर्ट रूप से,उदारशंसा
kidnap,abduct,अपहरण करना,अपहरण,अपहरण हुआ कल,अपह्पना
africa,america,अफ्रीका,अमेरिका,अफर्खता,अम रचना
campaign,election,अभियान,चुनाव,अभलायम,लौनाव
record,recording,अभिलेख,रिकॉर्डिंग,अभिष्य,रिक्नामेंट
now,know,अभी,जानना,नती,जारी
just,recently,अभी - अभी,हाल ही में,उपी अभी,हाा के लिए
practice,exercise,अभ्यास,व्यायाम,अभ गया,व्तावास
anarchy,capitalism,अराजकता,पूंजीवाद,अरािसमस,पू्ठावान
meaning,importance,अर्थ,महत्त्व,पन्थ,महतावना
supernatural,paranormal,अलौकिक,पैरानॉर्मल,अलतकथा,पैरानेवाला
landing,flight,अवतरण,उड़ान,अवतंत्र,घृ़ान
observation,evaluation,अवलोकन,मूल्यांकन,अवलर्षक,मूल्यशाला
phase,period,अवस्था,अवधि,अवीदना,अवज़
illegal,legal,अवैध,कानूनी,अवूत,कानूया
chaos,confusion,अव्यवस्था,उलझन,अव्यक्षित,उल्मच
impossible,easy,असंभव,आसान,असेटर,पलन
inability,unable,असमर्थता,असमर्थ,असमरजधानी,असमुबंध
reality,fantasy,असलियत,कल्पना,असलाचार,कलर्शन
exceptional,remarkable,असाधारण,उत्कृष्ट,असा्पना,उत्ष्टतः
unusual,strange,असामान्य,अनोखा,असाषेत्र,अनसना
uncomfortable,unpleasant,असुविधाजनक,अप्रिय,असुविावस्था,अपर्शन
hospital,clinic,अस्पताल,क्लिनिक,अस्श्मन,कथमिक
data,information,आंकड़े,जानकारी,सेक्दे,जाावादी
attractive,charming,मनोहर,आकर्षक,आकरिवार,आकरशासन
charm,beauty,आकर्षण,सुंदरता,आकरुमति,सुग्यता
size,length,आकार,लंबाई,लर,ज्बाई
sky,heavenly,आकाश,स्वर्गीय,आकदू,स्वदिग्ध
lightning,thunder,आकाशीय विद्युत,बिजली,आकाशीयचिकित्सा,कमजली
invasion,attack,आक्रमण,हमला,आक्सबॉल,आयला
eye,ear,आंख,कान,युख,नून
finally,eventually,आखिरकार,अंततः,आखिकल्प,मन्धा
fire,flame,आग,ज्योति,धक,पढयोति
arrival,departure,आगमन,प्रस्थान,आग्षण,प्रग्नेक
proceed,continue,आगे बढ़ना,जारी रखें,आगेा सपना,जारूप में
today,yesterday,आज,बीता हुआ कल,वल,वतवल कला
freedom,democracy,आजादी,जनतंत्र,ध्वदी,जनतरगाह
freely,free,आज़ादी से,मुक्त,नवला कल,पाक्त
career,reputation,पेशा,प्रतिष्ठा,योश्न,प्रित कथा
suicide,murder,आत्महत्या,हत्या,आत्मुसूची,हतआधा
soul,spirit,प्राण,आत्मा,क्श्म,जू्मा
respect,confidence,आदर करना,आत्मविश्वास,आदर स्फोट,आत्मव बढ़ना
ideal,perfect,आदर्श,उत्तम,आदनाक,उतबूर
command,order,आदेश,गण,आदतक,शम
half,quarter,आधा,त्रिमास,इना,त्रतिभा
base,headquarters,आधार,मुख्यालय,प्वेर,मुखंसनीय
officially,official,आधिकारिक तौर पर,अधिकारी,आधिकारि विद्युत,अधकरानी
midnight,noon,आधी रात,दोपहर,आध खाता,दोमत
modern,traditional,आधुनिक,परंपरागत,आधुबंध,परंपाथमिक
pleasure,joy,आनंद,हर्ष,खेंद,टू्ष
arrive,come,आना,आइए,इलया,ततए
tomorrow,morning,आने वाला कल,प्रभात,आने य्तज्ज,प्षमता
operational,functional,आपरेशनल,कार्यात्मक,आपरेयक्ति,करुम्भिक
population,people,आबादी,लोग,रैादी,कॉग
grateful,thank,आभारी,धन्यवाद,गदारी,ध्न्लेन
general,colonel,आम,कर्नल,पोह,करदीर
commission,committee,आयोग,समिति,गोघ,समरवि
comfortable,pleasant,आरामदायक,सुखद,आरामंबकीय,सुपी
financially,financing,आर्थिक रूप से,फाइनेंसिंग,आर्थिवार सेना,फाइने देना
potato,tomato,आलू,टमाटर,भी,टमराव
cover,hide,आवरण,छिपाना,पेक गन,छिसेना
voice,accent,आवाज़,लहज़ा,घााज़,लहअसा
frequency,signal,आवृत्ति,संकेत,आवत्तीय,संअंत
hope,faith,आशा,आस्था,चैा,आसगला
optimistic,realistic,आशावादी,वास्तविक,आशाल की,वास्यारा
surprise,disappointment,आश्चर्य,निराशा,आश्नियर,निपोशा
tear,cut,आँसू,कट गया,ओफ़्फ़,कट्यास
unit,division,इकाई,विभाजन,स्पिद,विरैगन
engineer,architect,इंजीनियर,वास्तुकार,इंजभिन्न,वासकुमारी
internet,web,इंटरनेट,वेब,इंटभाजन,खाब
examination,inspection,इंतिहान,निरीक्षण,इंभिन्न,निरात्मक
refuse,accept,इनकार,स्वीकार करें,इन्षण,स्वीबीन करना
resignation,dismissal,इस्तीफा,पदच्युति,इसरतिभा,पदचज्ञता
jealous,angry,ईर्ष्या,गुस्सा,ईरवश्यक,गुस्थि
finger,thumb,उंगली,अंगूठा,हिङ्लिश,अंगूकी
sergeant,lieutenant,उच्च श्रेणी का वकील,लेफ्टिनेंट,उच्च श्रक प्रवृत्ति,लेफ्थ होना
kidnapper,ransom,अपहरणकर्ता,फिरौती,अपहरणके से ही,गेरौती
answer,reply,उत्तर,जवाब,उतवान,अजाब
exciting,interesting,उत्तेजित करनेवाला,दिलचस्प,उत्तेजित्ष यात्री,दिलगरेट
trigger,activate,उत्प्रेरक,सक्रिय,उत्पकृष्ट,सकर्शन
industry,business,उद्योग,व्यापार,उदरयास,व्यंत्र
equipment,equip,उपकरण,लैस,उपक़दमी,वकस
nickname,surname,लक़ब,उपनाम,उप्तर,उपलता
useful,effective,उपयोगी,प्रभावी,उपयवाद,प्जधानी
presence,absence,उपस्थिति,अनुपस्थिति,उपसीविजन,अनुपत करना
ufo,alien,उफौ,विदेशी,अटौ,विदेील
enthusiasm,passion,उमंग,जुनून,मुम्बग,रहनून
candidate,voter,उम्मीदवार,मतदाता,उम्मड़पति,मत्तान
fake,FALSE,नकली,असत्य,जीली,असेटर
top,bottom,ऊपर,तल,वेअर,घय
one,three,एक,तीन,इर,सैन
single,married,अकेला,विवाहित,सेेला,विलासिक
agent,detective,एजेंट,जासूस,एजलूट,जाविस
aids,hiv,एड्स,hiv,एडसा,धेव
album,song,एल्बम,गीत,एलटसन,झूत
ash,dust,एश,धूल,यक,इलल
aspirin,morphine,एस्पिरिन,अफ़ीम का सत्त्व,एस्त्रता,आफ़िम श्यत्रि
realize,understand,एहसास,समझ गए,एहएनए,समझर्बन
orchestra,band,ऑर्केस्ट्रा,बैंड,ऑर्करेक्ष्य,पुन्ध
orgasm,erection,ओगाज़्म,खड़ा होना,ओगानॉयड,खड़न करना
lip,cheek,ओंठ,गाल,मठठ,अधल
oven,stove,ओवन,स्टोव,लैन,स्आयव
room,bedroom,कक्ष,शयनकक्ष,ककशा,शयनकरहालय
cell,prison,कक्ष,कारागार,किक्श,काामारी
class,school,कक्षा,स्कूल,ककरना,स्सफल
trash,garbage,कूड़ा,कचरा,घृरा,लूरा
bowl,plate,कटोरा,प्लेट,तनोरा,प्शॉट
tough,hard,कठिन,मुश्किल,सबिन,मुत्रिम
move,transfer,कदम,स्थानांतरण,तंम,स्थारृंखला
shoulder,knee,कंधा,घुटना,चोधा,प्क़्ब्स
cup,coffee,कप,कॉफ़ी,एह,वैफ़ी
cloth,handkerchief,कपड़ा,रूमाल,आतड़ा,रूपहल
company,corporation,कंपनी,निगम,मकपनी,निछल
blanket,towel,कंबल,तौलिया,आधबल,तौराया
sometimes,often,कभी - कभी,अक्सर,कभकित्सा,अकएनए
occasionally,rarely,कभी - कभी,शायद ही कभी,कब्सिव्व,शायद का हार
never,ever,कभी नहीँ,कभी,कभीतिज्ञ,व्कि
low,high,कम,उच्च,उय,उचने
lower,upper,कम,अपर,ऐव,ब्र
short,long,कम,लंबा,प्फ़,लंयक
underestimate,exaggerate,कम समझना,अतिरंजना करना,कम सवश्यक,अतिरंज्टोरेंट
commander,captain,कमांडर,कप्तान,कमियार,कपलवार
shirt,jacket,कमीज,जैकेट,कममा,इसकेट
millionaire,entrepreneur,करोड़पति,उद्यमी,करोंदरता,उदरयास
crew,ship,कर्मी दल,समुंद्री जहाज,करेल कि,समुंदिम्मेदार
art,literature,कला,साहित्य,र्शा,साभिन्न
artist,painter,कलाकार,चित्रकार,कलार्थ,चिततकालय
collect,gather,कलेक्ट,इकट्ठा करना,कलयर्थ,इकट्ठ्भाग्य
imagination,creativity,कल्पना,रचनात्मकता,कलर्शन,रचनाततनवादी
myth,legend,कल्पित कथा,दंतकथा,कल्प्ताहिक,देव्लोप
poet,writer,कवि,लेखक,जिओ,लेषय
suffering,pain,कष्ट,दर्द,कषपी,दरशप
swear,oath,कसम खाता,क़सम,कसमबत्ती,क़िन
elsewhere,somewhere,और कहीं,कहीं,औरयक्रम,कह़े
say,tell,कहो,बताओ,चेो,बतणा
county,district,काउंटी,जिला,कांचटी,एय्ला
paper,pen,कागज़,कलम,काचड़,हैम
glass,bottle,कांच,बोतल,काबल,फातल
law,constitution,कानून,संविधान,कातान,संरिमास
job,work,रोजगार,काम,असम,तिम
playboy,magazine,प्लेबॉय,पत्रिका,प्काबला,पत्मकता
reason,cause,कारण,वजह,कादा,गणह
carbon,hydrogen,कार्बन,हाइड्रोजन,कासर्ट,हाइडनीयता
workshop,garage,कार्यशाला,गेराज,कार्यास्त,मैराज
colony,federation,कालोनी,फेडरेशन,काधमनी,फेडजकता
hire,rent,किराये का,किराया,किार करना,पहराया
mercenary,assassin,किराये का,हत्यारा,किर घय्ना,हतवस्था
tenant,landlord,किरायेदार,मकान मालिक,किर्तुकार,मकान पुण्य
kilo,gram,किलो,ग्राम,किनि,पहराम
kilometer,meter,किलोमीटर,मीटर,किलरोटीन,मीशा
teenage,teenager,किशोर का,किशोर,त कथा,किमार
farmer,worker,किसान,मज़दूर,कियौन,मजस्तर
examine,investigate,की जांच,छान - बीन करना,मक जांच,चन्बुशनी
recover,heal,स्वस्थ होना,ठीक होना,स्वसका भोजन,ठीह देना
mud,sand,कीचड़,रेत,खाचड़,दरत
worm,snake,कीड़ा,साँप,दिड़ा,सालक
nothing,something,कुछ नहीं,कोई चीज़,कुह देना,कोतावेज़
dog,cat,कुत्ता,बिल्ली,आधत्ता,बिनकली
chancellor,president,कुलाधिपति,अध्यक्ष,कुल्धिमान,अध्स्वी
focus,concentrate,केंद्र,ध्यान केंद्रित करना,केंदंड,ध्यान केेणी का वकील
cable,wire,केबल,वायर,भूबल,वा
cabin,deck,केबिन,डेक,भूबिन,पोक
banana,strawberry,केला,स्ट्रॉबेरी,मूला,स्ट्टिनेंट
simply,simple,सरलता से,सरल,सरलतकालय,दूल
hair,beard,केश,दाढ़ी,दरश,उपढ़ी
catholic,christian,कैथोलिक,ईसाई,कैरीरिक,झााई
capsule,probe,कैप्सूल,जांच,कैप्पणी,जाशा
camera,microphone,कैमरा,माइक्रोफ़ोन,खिमरा,माइक्रॉबेरी
cocaine,heroin,कोकीन,हेरोइन,असकीन,हेरोमि
coach,player,कोच,खिलाड़ी,चिच,हमलाड़ी
code,password,कोड,पासवर्ड,गरड,पास़दमी
corner,alley,कोने,गली,कोखद,यई
coal,oil,कोयला,तेल,कोवना,न्ल
court,judge,कोर्ट,न्यायाधीश,कोसनट,न्य्यांकन
try,attempt,कोशिश करो,प्रयास,कोशिश्वास,प्तमान
curse,witch,कोसना,डायन,कोकीा,डाोप
what,that,क्या,वह,सुया,झन
evolution,mutation,क्रमागत उन्नति,परिवर्तन,क्रमागत्टिनेंट,परिवमान्य
christmas,holiday,क्रिसमस,छुट्टी का दिन,क्रलियट,छुट्ली की छाप
brutal,cruel,क्रूर,निर्दयी,सरूर,निवर्ची
anger,rage,क्रोध,तेज़ी,क्षाध,इनज़ी
club,bar,क्लब,मधुशाला /बार,क्चा,मधुश संस्कार
capacity,ability,क्षमता,योग्यता,कथ्न,योरूरता
potential,talent,क्षमता,प्रतिभा,कवना,पवित
forgive,excuse,क्षमा करना,क्षमा करें,क्षम्राज्य,क्षबीन करना
area,zone,क्षेत्रफल,क्षेत्र,क्पोर्ट,क्पोर्ट
jurisdiction,authority,क्षेत्राधिकार,अधिकार,क्षेतद्योगिकी,अधापौर
regional,local,क्षेत्रीय,स्थानीय,क्षास्थ्य,सवनयध
treasure,wealth,खजाना,संपत्ति,ऊराना,सव्थिव्क
stand,sit,खड़ा होना,बैठिये,खडता देना,बैठिेऊ
buy,sell,खरीदना,बेचना,खरमानव,बेरसा
scratch,bruise,खरोंच,चोट,खराबच,कंट
bay,harbor,खाड़ी,बंदरगाह,चौड़ी,बंदुरोध
food,meal,खाना,भोजन,कह्ल्न,इलजन
empty,full,खाली,भरा हुआ,खा़,भराक्षर
cough,fever,खांसी,बुखार,खा्मी,बुसेर
window,door,खिड़की,द्वार,हेड़की,शैवार
dose,injection,खुराक,इंजेक्शन,उडराक,इंजित्सक
open,close,खुला हुआ,बंद करना,खुरा भाई,बंदर्माण
dig,bury,गड्ढा करना,गाड़ना,गड्ज्ञान,गाआधा
dirty,disgusting,गंदा,घिनौना,गुनथ्ना,आओनौना
donkey,horse,गधा,घोड़ा,धो,मकड़ा
gossip,scandal,गपशप,कांड,गप्षण,कालो
sober,drunk,होश में,नशे में,मकश में,अमे में
grave,cemetery,कब्र,कब्रिस्तान,सौऋ,कब्रम्हांड
smash,break,गरज,तोड़ना,किज,पंड़ना
warm,cool,गरम,ठंडा,असम,भौडा
hot,cold,गरम,सर्दी,मसम,दू्दी
poor,rich,गरीब,धनी,गरफल,बुरी
poverty,misery,गरीबी,कष्ट,किबी,कषनो
summer,winter,गर्मी,सर्दी,आत्मी,दू्दी
heat,temperature,गर्मी,तापमान,क़ेर्त्मी,ताेलना
proud,excited,गर्व,जोश में,गरयन,इंश में
wrong,correct,गलत,सही,यात,अकी
throat,neck,गला,गर्दन,मका,गरानक
cow,pig,गाय,सूअर,पेय,सूंक
singer,musician,गायक,संगीतकार,गाकर,संग्यवान
guarantee,promise,गारंटी,वादा,त्रंटी,र्दा
count,calculate,गिनती,आंकलन,अतनती,आंनाक
fall,collapse,गिरना,ढहना,अतरना,वफना
gang,group,गिरोह,समूह,हेरोह,समगण
squirrel,raccoon,गिलहरी,रैकून,गिपकली,रैयान
doll,toy,गुड़िया,खिलौना,सोड़िया,कभलौना
ping,ding,गुनगुनाहट,झंकार,गुनगीविजन,फैकार
secret,mystery,गुप्त,रहस्य,गुमौत,रहनाम
kidney,liver,गुर्दा,यकृत,गुर्ड़,यकजन
gallery,exhibition,गेलरी,प्रदर्शनी,गेाही,प्रदीमन्त
gas,fuel,गैस,ईंधन,घृस,दवधन
round,around,गोल,चारों तरफ,बकल,चारिश करो
tablet,pill,कैप्सूल,गोली,सहली,दूली
golf,tennis,गोल्फ़,टेनिस,गोल्मठ,न्निस
pride,dignity,गौरव,गरिमा,ससरव,गरंता
planet,orbit,ग्रह,ग्रहकक्ष,ग्चा,ग्रहत्कृष्ट
phenomenon,event,घटना,प्रतिस्पर्धा,बोना,प्रति्ध करना
incident,accident,घटना,दुर्घटना,क़ेना,दुरष्ट्र
occur,happen,घटित होना,होना,घटितीक्षा,गलना
deadly,fatal,घातक,जानलेवा,पजतक,जािनेता
wound,injury,घाव,चोट,मरव,केञ
cavalry,artillery,घुड़सवार सेना,आर्टिलरी,घुड़सक रूप से,लजह्बी
hate,love,घृणा,प्यार,घृआओ,प्विर
disgusting,ugly,घृणित,कुरूप,घृागत,गलरूप
snail,turtle,घोंघा,कछुआ,धनंघा,तसुआ
nest,egg,घोंसला,अंडा,लंंसला,अंंद
ring,necklace,छल्ला/घेरा,गले का हार,छ्लदेना,गले ही कभी
ketchup,mayonnaise,चटनी,मेयोनेज़,टुनी,मेई चीज़
rock,stone,चट्टान,पत्थर,चटर्ता,पतायन
climb,jump,चढना,कूदना,वंना,एलदना
shine,bright,चमक,चमकदार,अचक,चमकर्षक
spoon,fork,चम्मच,कांटा,चमराव,काछ
character,personality,चरित्र,व्यक्तित्व,चरकल्प,व्यक्ञानिक
church,chapel,चर्च,चैपल,हे्च,चैआग
drive,ride,चलाना,सवारी,एडाना,एहारी
glasses,cap,चश्मा,टोपी,यू्मा,टोखक
uncle,dad,चाचा,पिता,चाधि,योता
moon,sun,चांद,रवि,चादी,मरि
lunar,solar,च्नद्र,सौर,च्नीकी,धुर
flatter,impress,चापलूसी,प्रभावित करना,चाुसूची,प्रभावकक्ष
key,lock,चाभी,लॉक,पतभी,आसक
feed,eat,खिलाना,खाओ,खिलाइव,मकओ
therapy,treatment,चिकित्सा,इलाज,चिज्ञान,यकाज
zoo,circus,चिड़ियाघर,सर्कस,चिडक्यांश,सरवार
concern,worry,वास्ता,चिंता,चि़का,असंता
worried,nervous,चिंतित,बेचैन,चिंतमन,बेरचन
picture,photo,चित्र,तस्वीर,नृत्र,तस्तान
sugar,chocolate,चीनी,चॉकलेट,टिनी,चॉमेलन
choose,select,चुनना,चुनें,कमनें,बिनें
quiet,calm,चुप,शांत,रिप,शासी
magnetic,electric,चुंबकीय,बिजली,पोतिया,कमजली
kiss,hug,चुम्मा,झप्पी,चुम्गल,कह्पी
thief,criminal,चोर,अपराधी,नीर,अपरहार
steal,rob,चुराना,लूटना,चुचढना,टीटना
suck,lick,चूसना,चाटना,टोसना,योटना
mouse,rat,माउस,चूहा,फोहा,दसहा
alert,alarm,चेतावनी,अलार्म,चेंसनीय,अलापौर
warning,message,चेतावनी,संदेश,चेंसनीय,संवाश
channel,news,चैनल,समाचार,नौनल,सम्यास
champion,fighter,चैंपियन,योद्धा,चैपिरिन,योद्ंग
theft,robbery,चोरी होना,लूट,बेतिकर्न,फोट
stick,hammer,छड़ी,हथौड़ा,धक़ी,गतौड़ा
trick,joke,छल,मज़ाक,य्म,मजलॉक
student,teacher,छात्र,अध्यापक,सैत्र,अछत
leave,abandon,छुट्टी,छोड़ देना,सपट्टी,छोश्करना
rusty,dusty,ज़ंग खाया हुआ,मटमैला,ज़ंग्ष यात्री,मट्लाक
jungle,forest,जंगल,वन,दीगल,सू
chain,rope,जंजीर,रस्सी,पैजीर,रससदी
crowd,audience,भीड़,दर्शक,इतड़,दरकरण
generator,reactor,जनरेटर,रिएक्टर,जनरपताल,रिएवाजा
birth,pregnancy,जन्म,गर्भावस्था,हम्म,गर्भक होना
necessary,need,ज़रूरी,ज़रूरत,कुरूरी,ज़किरण
poison,kill,ज़हर,वध,ज़्म,नट
check,verify,जाँच,जांचना,जाजा,जासेना
jazz,music,जाज,संगीत,केज,संख्त
racist,communist,नस्लवादी,साम्यवादी,नसुबी,सामक्यांश
magic,wizard,जादू,जादूगर,जा्फ,जालवार
beast,animal,पशु,जानवर,जा्षण,जा्षण
trap,bait,जाल,प्रलोभन,गेल,प्रर्मी
spy,traitor,जासूस,गद्दार,जाविस,गदिणाम
espionage,sabotage,जासूसी,तोड़-फोड़,जासूठा,तोप्लोमा
stubborn,selfish,ज़िद्दी,स्वार्थी,ज़हर्दी,स्पदार्थ
responsibility,duty,ज़िम्मेदारी,कर्तव्य,ज़िद्वंद्वी,करेन्यी
jeep,truck,जीप,ट्रक,नकप,मकरक
alive,dead,जीवित,मृत,शरवित,कछत
gambling,poker,जुआ,पोकर,कृआ,सफकर
june,july,जून,जुलाई,ललन,फालाई
pocket,wallet,जेब,बटुआ,भवब,बटंह
risk,danger,जोखिम,खतरा,फ़खिम,चेरा
risky,dangerous,जोखिम भरा,खतरनाक,जोखव भाव,खतरकिरण
zombie,vampire,ज़ोंबी,पिशाच,ज़ोंनि,पिछलच
flag,symbol,झंडा,प्रतीक,शकडा,प्रागत
nap,stroll,झपकी,चहलक़दमी,खतकी,चहलकलेबॉय
lie,liar,झूठ,झूठा,आपठ,खुठा
conflict,dispute,टकराव,विवाद,टकएटर,विधवद
tattoo,scar,टैटू,चोट का निसान,टैुत,चोटबार
terminal,airport,टर्मिनल,हवाई अड्डा,टर्वाहे,हवाईयोक्ता
task,mission,कार्य,मकसद,कातिय,मकनाम
ticket,passport,टिकट,पासपोर्ट,गीकट,पासमान्य
comment,statement,टिप्पणी,बयान,टिपलूसी,हवएन
fragment,piece,खंड,टुकड़ा,मतकड़ा,टुकडनी
chip,device,टुकड़ा,युक्ति,पेक्दा,आंक्ति
tuna,lobster,टूना,लॉबस्टर,अखना,लॉबनसिक
tournament,match,टूर्नामेंट,मैच,टूर्रॉबेरी,कटच
table,chair,मेज,कुर्सी,युझ,होर्सी
tank,engine,टैंक,यन्त्र,टैेद,यनक्टर
taxi,limousine,टैक्सी,लिमोसिन,ध्क्सी,लिपिरिन
toast,bacon,टोस्ट,सूअर का मांस,रहस्ट,सूअरंबु पानी
trailer,van,ट्रेलर,वैन,ट्रैगन,हमन
trophy,medal,ट्रॉफी,पदक,ट्रॉखक,जंक
okay,yeah,ठीक,हां,गंक,चैं
fix,repair,ठीक करना,मरम्मत,ठीकप्रिय,मरमसबॉल
typical,classic,ठेठ,क्लासिक,यनठ,कथ्म्बिक
concrete,steel,ठोस,इस्पात,चबस,इस्चिम
scare,frighten,डराना,डरना,गेना,पोन
horror,fear,डरावनी,डर,डरपकली,क़ोह
stamp,signature,डाक टिकट,हस्ताक्षर,डाकिविधि,हस्तस्ताव
insert,put,डालना,रखना,भयलना,आजना
diploma,graduate,डिप्लोमा,स्नातक,डिरिल्ला,स्वाजा
box,bag,डिब्बा,थैला,छाब्बा,घडला
dna,fingerprint,डीएनए,अंगुली की छाप,डीरतट,अंगु का मैदान
dean,professor,डीन,प्रोफ़ेसर,सतन,प्रज़नदार
dvd,video,डीवीडी,वीडियो,डीवी्च,गधडियो
drown,swim,डूबना,तैरना,तंबना,ग्रना
desk,office,डेस्क,कार्यालय,सफस्क,कारस्थान
technical,mechanical,तकनीकी,यांत्रिक,तकन्ना,याेत्रीय
body,corpse,तन,लाश,शल,अतश
stress,depression,तनाव,डिप्रेशन,नेाव,डिप रचना
tobacco,cigarette,तंबाकू,सिगरेट,मलबाकू,सिगतना
liquid,fluid,द्रव,तरल,समल,युल
method,technique,तरीका,तकनीक,तरवचा,तकएटर
sword,knife,तलवार,चाकू,तलोकन,चाखद
divorce,marriage,तलाक,शादी,तलवध,शांड
search,find,तलाशी,पाना,वैाशी,हेना
strength,force,ताकत,बल,ताआज,टी
crown,throne,ताज,सिंहासन,इंज,सिरहालय
fresh,refresh,ताज़ा,ताज़ा करना,ता्षा,यजा बनना
coffin,funeral,ताबूत,अंतिम संस्कार,ताणित,अंतिमाला
telegram,letter,तार,पत्र,गिर,पतंद
rhythm,style,ताल,अंदाज,वुल,वादाज
butterfly,bird,तितली,चिड़िया,ति़की,रोड़िया
third,fourth,तीसरा,चौथा,पंसरा,धीथा
hurricane,tornado,तूफान,बवंडर,नदफान,बवमान
ready,prepare,उद्यत,तैयार,इंयार,श्यार
preparation,planning,तैयारी,योजना,तैक्री,उपजना
error,mistake,त्रुटि,गलती,त्रुतु,कंती
skin,tissue,त्वचा,ऊतक,त्अपा,औरक
tired,hungry,थका हुआ,भूखा,थकात्मक,लिखा
little,small,थोड़ा,छोटा,ढाड़ा,पकटा
south,north,दक्षिण,उत्तर,दक्त्व,उतस्य
southern,western,दक्षिण,वेस्टर्न,धकत्व,वेस्थिति
penalty,imprisonment,दंड,कैद होना,भगड,कैन करना
compassionate,generous,करुणा,उदार,वेर्छा,सकार
crack,hole,दरार,छेद,सवार,भुद
enter,go,आओ,जाओ,धु,सुओ
philosophy,religion,दर्शन,धर्म,दरंडर,खड्म
million,billion,दस लाख,एक अरब,दसेलना,एक न्ल्
diarrhea,nausea,दस्त,जी मिचलाना,कक्त,जि गिबना
nanny,maid,दाई,नौकरानी,पिई,पोख्ररी
grandfather,grandmother,दादा,दादी मा,दाढ़,दादीयला
charity,donation,दान पुण्य,दान,दान पकड़ना,बेन
cinnamon,vanilla,दालचीनी,वनीला,दागरानी,क़ेथला
slave,servant,दास,नौकर,वेस,आंकर
brain,cerebral,दिमाग,सेरिब्रल,यामाग,सेरनकारी
compass,map,दिशा सूचक यंत्र,नक्शा,दिशा सका सत्त्व,नकंघा
lamp,candle,दीपक,मोमबत्ती,सैपक,मोमयंत्र
wall,fence,दीवार,बाड़,नसवार,घोड़
shop,store,मिल,दुकान,पतकान,उपकान
miserable,pathetic,दीन,दयनीय,ककन,दय्शक
sad,tragic,दुखी,दुखद,दुएक,दुमा
unfortunate,misfortune,बदकिस्मत,दुर्भाग्य,दुरिज्ञान,दुरिज्ञान
enemy,opponent,दुश्मन,प्रतिद्वंद्वी,दु्यमी,प्रतिचिकित्सा
ambassador,minister,दूत,मंत्री,जनत,वृत्री
embassy,ministry,दूतावास,मंत्रालय,दूावादी,मंतवर्ची
milk,juice,दूध,रस,बंध,धू
telescope,microscope,दूरबीन,माइक्रोस्कोप,दूरनेट,मैक्स्दू
distance,speed,दूरी,गति,दूता,टी
groom,bride,दूल्हा,दुल्हन,गोल्हा,दुवाहे
contamination,radiation,दूषण,विकिरण,दूजी,विकायत
second,minute,सेकंड,मिनट,वल्कुन्द,मिठक
firm,agency,फर्म,एजेंसी,एम्म,वसेंसी
firmly,strongly,मजबूती से,दृढ़ता से,दृराये का,दृा डालना
view,perspective,दृश्य,परिप्रेक्ष्य,कीश्य,परिप्रांसीसी
look,watch,देखना,निगरानी,गुखना,निनकारी
see,meet,देखो,मिलना,देपक,ज़लना
late,early,देर,शीघ्र,गैर,चलघ्र
angel,devil,देवदूत,शैतान,देुद्र,बढतान
country,nation,देश,राष्ट्र,अतश,राोर्टर
two,four,दो,चार,जन,बेर
double,triple,दोहरा,तिहरा,पुहरा,वजहरा
run,walk,दौड़ना,टहलना,बलड़ना,टह्षण
portal,gate,द्वार,दरवाजा,वजवार,दरवर्ग
push,pull,धकेलना,खींचना,धकदाता,फूंचना
pulse,pressure,नाड़ी,दबाव,नांक,बराव
ritual,ceremony,धार्मिक संस्कार,समारोह,धार्मिध व्यक्ति,समांडर
slow,fast,धीरे,तेज़,चलरे,तेेन
slowly,quickly,धीरे से,जल्दी जल्दी,फैरे से,फ़ल्दी मर्ना
smoke,cigar,धुआं,सिगार,शकआं,सिंकर
patience,compassion,धैर्य,करुणा,ऑकर्य,सणा
attention,attract,ध्यान,आकर्षित,कषयान,आकररकार
useless,worthless,व्यर्थ,बेकार,व्र्बन,दुकार
cash,money,नकद,धन,क़ेद,युञ
nude,naked,नग्न,नंगा,नंंच,पीगा
result,outcome,नतीजा,परिणाम,चढीजा,परद्कर
river,lake,नदी,झील,ही,गधल
hello,bye,नमस्ते,अलविदा,नम्तकी,अलिणाम
model,prototype,नमूना,प्रोटोटाइप,मैना,प्ररोफ़ाइल
male,female,नर,नारी,गू,क्री
dancer,dance,नर्तकी,नृत्य,नरलहरी,लजत्य
november,december,नवंबर,दिसंबर,नवनीक,दियूमर
naval,fleet,नवल,बेड़ा,पथल,मोड़ा
nerve,muscle,नस,मांसपेशी,घु,मास्टिक
vein,artery,नस,धमनी,क़ु,उंनी
nail,tooth,नाखून,दांत,नाओवन,दाठा
civil,military,नागरिक,सैन्य,नावर्ड,न्न्य
critical,political,विकट,राजनीतिक,विम,रज्बुन्त्रा
delicate,sensitive,नाज़ुक,संवेदनशील,नाज़्य,संवेमिनार
drama,comedy,नाटक,कॉमेडी,नाबी,बटमेडी
dramatic,romantic,नाटकीय,रोमांच,ना्तकी,रोइनंच
name,title,नाम,शीर्षक,यसम,शीराथन
hero,savior,नायक,रक्षक,नाां,रकनवर
snack,lunch,अल्पाहार,दोपहर का भोजन,अल्रिमास,दोपहर उन्नति
swallow,chew,निगलना,चबाने,निलेख,क़ाने
ninja,samurai,निंजा,समुराई,निज़ा,समपमान
private,privacy,निजी,गोपनीयता,निटा,पोसि तरह
ass,butt,नितंब,बट,निसेब,ओज
control,manipulate,नियंत्रण,हेरफेर करना,नियार्थी,हेरफेादिष्ट
rule,protocol,नियम,मसविदा बनाना,निप,मसविदरोफ़ाइल
inspector,commissioner,निरीक्षक,आयुक्त,निरिभाषा,आयुनिक
creation,destruction,निर्माण,विनाश,पसेक्शा,आईनाश
construction,build,बनावट,निर्माण,वेक्शा,निरेरणा
producer,director,निर्माता,निर्देशक,नि्यशाला,निरलिनिक
forbidden,prohibit,निषिद्ध,निषेध,निहित्य,निनिध
conclusion,assumption,निष्कर्ष,कल्पना,निषकृष्ट,कलर्शन
loyalty,honesty,निष्ठा,ईमानदारी,निष्ंद,ईमापघेटी
loyal,faithful,निष्ठावान,वफादार,निष्यवादी,वफ्पाद
fair,reasonable,निष्पक्ष,तर्कसंगत,निषरिकोण,तर्कमिनार
down,up,नीचे,ऊपर,नीरस,पकर
policy,politician,नीति,राजनीतिज्ञ,खाति,राजन्यास्त
lemonade,soda,नींबु पानी,सोडा,नी का खाना,त्डा
auction,sale,नीलामी,बिक्री,नीला्य,बिक्लब
network,system,नेटवर्क,सिस्टम,नेटसीबत,नेइक्त
nobel,prize,नोबेल,इनाम,यनबेल,सताम
minimum,maximum,न्यूनतम,ज्यादा से ज्यादा,न्य़दूर,ज्यादक प्रवृत्ति
hold,keep,पकड़,रखना,खतड़,आजना
calendar,schedule,पंचांग,अनुसूची,पंचाधा,अनवर्ची
read,write,पढ़ना,लिखना,रव़ना,दरखना
thin,thick,पतला,मोटा,योला,पहटा
husband,wife,पति,पत्नी,घटि,पतंदी
journalism,politics,पत्रकारिता,राजनीति,पत्रायेदार,रानीयता
navigation,communication,पथ प्रदर्शन,संचार,पथ प्रे से ही,संगीर
submarine,boat,पनडुब्बी,नाव,पनडरुद्ध,आयव
pump,hose,पंप,नली,शहप,रू
pub,restaurant,पब,रेस्टोरेंट,टह,रेसष्ट्रीय
layer,surface,परत,सतह,आमत,चूह
atomic,nuclear,परमाणु,नाभिकीय,परशासन,नातिहीन
loser,winner,हारनेवाला,विजेता,हारल जाना,विकटता
project,program,परियोजना,कार्यक्रम,परिंदरता,कार्ग्यता
change,improvement,परिवर्तन,सुधार,परिवमान्य,सुब्र
situation,crisis,परिस्थिति,संकट,परिद्यालय,सम्भवे
enough,sufficient,काफ़ी,पर्याप्त,परश्क,पर्पत्ति
west,east,पश्चिम,पूर्व,पशमदिन,पूघाव
choice,option,पसंद,विकल्प,नोंद,वि्त्व
recognize,knew,पहचानना,जानता था,पहचभ्रम,जाशोर का
already,still,पहले से ही,फिर भी,पहल यु तर,एडर भी
hill,mountain,पहाड़ी,पहाड़,मोाड़ी,यााड़
madness,stupidity,पागलपन,मूर्खता,पागसबॉल,मूर्शनी
sin,crime,पाप,अपराध,मंप,अपअरब
follow,chase,पालन ​​करना,पीछा करना,पालना बनाना,पीछिस्तान
near,far,पास,दूर,उतस,खतर
picnic,camping,पिकनिक,डेरा डालना,पिक्षस,डेरित करना
melt,freeze,पिघल,फ्रीज,पिलो,शबरीज
daddy,mum,पिता,मां,उपता,परं
piano,guitar,पियानो,गिटार,पियादल,त्टार
pyramid,structure,पिरामिड,संरचना,पिचालित,संरूरत
pistol,weapon,पिस्तौल,हथियार,पिश्किल,हथर पर
drink,beer,पेय पदार्थ,बीयर,पेय यात्मक,तलयर
old,young,बूढा,युवा,बूहन,लेवा
man,human,पुरुष,मानव,सोरुष,माबी
bridge,tunnel,पुल,सुरंग,बेल,सुननग
confirmation,confirm,पुष्टीकरण,पुष्टि करना,पुष्स्थित,पुष्चिपूर्ण
library,museum,पुस्तकालय,संग्रहालय,पुस्रिमास,संग्ंसेवक
stomach,chest,पेट,छाती,बैट,ज्ती
pension,salary,पेंशन,वेतन,लिंशन,वेदर
paranoid,crazy,पैरानॉयड,पागल,पैरार्थी,पारम
porn,movie,पॉर्न,चलचित्र,टरर्न,चलच्पाद
grandson,nephew,पोता,भांजा,छाता,भाईमा
pound,dollar,पौंड,डॉलर,पौ्र,डॉ्व
plant,flower,पौधा,फूल,मनधा,डॉल
process,procedure,प्रगति,प्रक्रिया,प्र्राज्य,प्र्राज्य
progress,development,प्रगति,विकास,प्र्षक,विमुस
vagina,penis,योनि,लिंग,योधू,पेंग
reflection,mirror,प्रतिबिंब,आईना,प्रतिप्रद,युथ्मा
genius,scientist,प्रतिभावान,वैज्ञानिक,प्रतद होना,वैजारंभिक
resistance,resist,प्रतिरोध,विरोध,प्रविधान,विधवध
show,performance,दिखाओ,प्रदर्शन,प्रदैंगिक,प्रदेषज्ञ
form,sign,प्रपत्र,संकेत,प्रुचित,संअंत
management,administrative,प्रबंध,प्रशासनिक,प्रनेट,प्रशदर्शन
manager,boss,प्रबंधक,मालिक,प्रसबॉल,मासंक
manage,succeed,प्रतिबन्ध करना,सफल होना,प्रतिबन विद्युत,सफलेरिका
influence,effect,असर,प्रभाव,प्करना,प्करना
impression,feeling,प्रभाव,भावना,रकरना,भाफ़ा
impressive,amazing,प्रभावशाली,कमाल की,प्रभरिल्ला,कमामारी
experiment,test,प्रयोग,परीक्षा,पोरोध,पर्कर्ष
purpose,intention,प्रयोजन,इरादा,प्रेदार,इरवना
wonderful,fantastic,प्रशंसनीय,शानदार,प्रशा हुआ,शारभात
compliment,gift,प्रशंसा,उपहार,प्रूरता,उपययक
admire,appreciate,प्रशंसा करना,सराहना,प्रशंषाधिकार,सरविदा
administration,government,प्रशासन,सरकार,प्रदूगर,सरलना
question,ask,प्रश्न,पूछना,प्वस्थ,पूआटा
propose,suggest,प्रस्ताव,सुझाना,प्र्यालय,सुंदना
offer,give,प्रस्ताव,देना,वर्यलय,वेशो
natural,artificial,प्राकृतिक,कृत्रिम,प्र्ताहिक,कृपिरिन
opening,closure,प्रारंभिक,समापन,प्रवसायिक,समदार
motive,alibi,प्रेरणा,अनुपस्थिति,प््यारा,अनुपत करना
inspire,inspiration,प्रेरित करना,प्रेरणा,प्रेर्नामेंट,प्वस्था
protein,vitamin,प्रोटीन,विटामिन,प्स्टान,विर्मोन
profile,description,प्रोफ़ाइल,विवरण,प्र बनाना,विभवत
technology,science,प्रौद्योगिकी,विज्ञान,प्रौम्मेदारी,विविधान
plus,minus,जोड़,ऋण,चैड़,अफ
play,game,नाटक,खेल,रेलि,बोल
plague,epidemic,प्लेग,महामारी,प्अंग,महात्रा
file,document,फ़ाइल,दस्तावेज़,जनाइल,दस्ई चीज़
profit,income,फायदा,आय,फाअपा,मी
hanging,execution,फांसी,प्राणदण्ड,घोंसी,प्राश्राम
factor,element,कारक,तत्त्व,कानस,तताप्त
factory,production,फ़ैक्टरी,उत्पादन,फ़ेत्रीय,उथत
fashionable,elegant,फैशनेबल,सुरुचिपूर्ण,फैशस्वत,सुरुस्पर्धा
soldier,warrior,फोजी,योद्धा,आजजी,योद्ंग
burst,explode,फोड़ना,विस्फोट,पैड़ना,विस्ताव
tumor,cancer,ट्यूमर,कर्क रोग,तॊध,कर्ंदरता
flu,disease,फ़्लू,रोग,यु्लू,गरग
bonus,reward,अधिलाभ,इनाम,अध्राट,सताम
rescue,save,बचाव,बचाना,कव,वराना
budget,funding,आय-व्ययक,निधिकरण,आयव्प्पणी,निधलवार
button,press,बटन,दबाएँ,मजन,इकाएँ
big,huge,बड़ा,विशाल,तौ़ा,विदेल
gain,win,बढ़त,जीत,शी़त,मोत
increase,reduce,बढ़ना,कम करना,पोना,कम धारण
goose,duck,कलहंस,बत्तख,बतनाम,बतयोग
locked,closed,अवरोधित,बंद,सेद,दूद
monkey,gorilla,बंदर,गोरिल्ला,बंने,गोतिष्ठा
replace,substitute,बदलना,विकल्प,बदनवर,वि्त्व
revenge,justice,बदला,न्याय,घृला,बतयाय
hostage,prisoner,बंधक,बंदी,बंबी,गोदी
congratulate,greet,बधाई,अभिनन्दन,यूाई,अभिनथोलिक
make,do,बनाना,करना,दौाना,यिना
bomb,explosive,बम,विस्फोटक,रो,विसात्मक
baron,countess,बरोन,काउंटेस,वनोन,काट्रेस
strong,weak,बलवान,कमज़ोर,बलस्य,कमरहार
sister,brother,बहन,भाई,फान,व्ई
majority,vote,बहुमत,मतदान,बह्जन,मत गए
bible,book,बाइबिल,किताब,बाुकूल,जेताब
conversation,discussion,बातचीत,चर्चा,बााप्त,उद्चा
talk,speak,बातचीत,बोलना,वेब्त,छालना
cloud,fog,बादल,कोहरा,बाइन,कोनेा
bind,tie,छांदना,बाँधना,बापाना,बारखना
obstacle,challenge,बाधा,चुनौती,बााई,चुनौठा
interrupt,disturb,बाधा डालना,परेशान,बाधित करना,पररैगन
gunpowder,dynamite,पाउडर,बारूद,बाँधद,बाँधद
detonator,timer,विस्फोटक,घड़ी,विस्यारा,ऑऱी
basketball,football,बास्केटबाल,फ़ुटबॉल,बास्ंजीवाद,फ़लेबॉय
outside,inside,बाहर,अंदर,बााज,अंंह
out,about,बाहर,के बारे में,बफ़,के खाया हुआ
exit,entrance,बाहर जाएं,प्रवेश,बाहर्माता,पतिल्घ
point,indicate,बिंदु,संकेत,बिल्ु,संअंत
absolutely,completely,बिल्कुल,पूरी तरह,बिर्टेल,पूरीविजन
bishop,cardinal,बिशप,कार्डिनल,बि्च,कार्देशक
boot,shoe,बूट,जूता,धनट,युता
ill,sick,बुरा,बीमार,आंमार,जूमार
caliber,bullet,बन्दूक या तोप का मुंह,गोली,बन्दूक यकी हड में,दूली
smart,intelligent,होशियार,बुद्धिमान,होयापार,बुद्यांकन
fool,idiot,बुद्धू,मूर्ख,बुद्टल,मूआंख
nasty,filthy,बुरा,गंदा,अतरा,न्दा
nightmare,dream,बुरा सपना,सपना,बुर बढ़ना,राना
evil,cruelty,बुराई,क्रूरता,अतराई,क्पूर्ण
call,telephone,कॉल,टेलीफ़ोन,युल,टेद होना
bush,tree,झाड़ी,पेड़,वंड़ी,पेंश
drop,sip,बूंद,चुस्की,घटंद,डेस्की
waste,spend,बेकार,खर्च करना,अभकार,खर्चर्माण
daughter,son,बेटी,बेटा,उपटी,उपटा
banker,investor,बैंकर,निवेशक,बैनार,निदायक
banking,financial,बैंकिंग,वित्तीय,बैंकपाग,विृत्ति
badge,uniform,बैज,वर्दी,रीज,नक्दी
shower,bathroom,बौछार,स्नानघर,यकछार,स्नमेलन
universe,galaxy,ब्रम्हांड,आकाशगंगा,ब्रन्वेंट,आका रचना
brand,product,ब्रांड,उत्पाद,टैरांड,उतनदार
briefcase,suitcase,ब्रीफ़केस,सूटकेस,ब्रिश करो,सूवकूफ
lord,lady,श्रीमन्त,महिला,श्रीतकार,महआका
god,divine,भगवान,दिव्य,भग्तर,खरव्य
terrible,horrible,भयानक,भयंकर,भय्रय,भयशनल
scary,creepy,भयानक,डरावना,डराप्त,डरषमता
future,past,भविष्य,भूतकाल,भववर्ण,भूरमाण
flee,escape,भागना,पलायन,अपगना,पल्थर
fate,destiny,भाग्य,तकदीर,भावुय,तकियत
load,cargo,भार,नौभार,प्यिर,तलभार
bear,wolf,भालू,भेड़िया,भातट,झंड़िया
speech,sermon,भाषण,उपदेश,भबे,उपारण
suffer,die,भुगतना,मरना,भुायता,पैना
earthquake,explosion,भूकंप,विस्फोट,रककंप,विस्ताव
hunger,thirst,भूख,प्यास,शिख,प्गैस
land,fly,भूमि,उड़ना,भूगण,दय़ना
brown,blue,भूरा,नीला,पेरा,पूला
forget,remember,भूल जाना,याद रखना,भूह देना,यादतावनी
physics,mathematics,भौतिक विज्ञान,गणित,भौतिकका निसान,बदित
spider,insect,मकड़ी,कीट,खरड़ी,दिट
house,apartment,मकान,अपार्टमेंट,शरान,अपार्रागार
mars,venus,मंगल ग्रह,शुक्र,मंगलरतिभा,फलक्र
platform,station,मंच,स्टेशन,उतच,स्तव्ना
helpless,powerless,मजबूर,शक्तिहीन,मजझड़,शक्सिद्ध
floor,carpet,मंज़िल,कालीन,मंज़डर,कांडन
cabinet,closet,मंत्रिमंडल,कोठरी,मंत्तिबिंब,कोढ़ी
help,assist,मदद,सहायता देना,नोद,सहायमिचलाना
temple,monastery,मंदिर,मठ,हादिर,णा
bee,ant,मधुमक्खी,चींटी,मधुृत्ति,द्ंटी
patient,client,मरीज,ग्राहक,मरमा,ग्र्लिना
cream,sauce,मलाई,चटनी,इराई,नसनी
desire,wish,मंशा,तमन्ना,कमशा,तमनीकी
expensive,cheap,महंगा,सस्ता,महअचा,पल्ता
palace,castle,महल,किला,सुल,किशो
noble,brave,महान,बहादुर,महदा,बहसंबर
college,university,महाविद्यालय,विश्वविद्यालय,महाविनांतरण,विश्ववे से ही
majesty,highness,महिमा,महारानी,मह़का,महर्शनी
month,week,महीना,सप्ताह,मह्शा,सपमवार
mother,father,मां,पिता,ज़ं,योता
demand,request,मांग,अनुरोध,मरिप,अनुद्र
quantity,quality,मात्रा,गुणवत्ता,वृत्रा,गुणार्थी
secondary,primary,माध्यमिक,प्राथमिक,माधवाहित,प्रर्मोन
mental,emotional,मानसिक,भावुक,मा्चिम,भारीक
mafia,cartel,माफिया,कार्टेल,माएँया,काच्छेद
forgiveness,mercy,माफी,दया,मातु,छि
matter,particle,पदार्थ,कण,पदयक्ष,मस
hit,strike,मारो,प्रहार,मााओ,प्र्ता
avenue,street,मार्ग,सड़क,पूर्ग,नुम्क
route,path,मार्ग,पथ,पूर्ग,घञ
innocent,guilty,मासूम,दोषी,मानाम,दि
ming,ling,मिंग,लिंग,भूंग,पेंग
sweet,cute,मीठा,प्यारा,कभठा,प्बुरा
dessert,cake,मिठाई,केक,ज़ठाई,दरक
tower,building,मीनार,इमारत,चरनार,इमययक
mile,centimeter,मील,सेंटीमीटर,हेल,सेंज्घर
competition,championship,मुकाबला,चैंपियनशिप,मुरशाला,चैंपयास्पद
chicken,turkey,मुर्गा,तुर्की,मुअरम,ईसर्क
soft,gentle,मुलायम,सज्जन,मु्याय,सजंकर
trouble,problem,मुसीबत,समस्या,मुस्तर,समक्षस
smile,laugh,मुस्कुराओ,हसना,मुस्रागार,शौना
mouth,nose,मुंह,नाक,मुशप,र्क
silent,silence,शांत,शांति,शा्र,शाआखि
original,copy,असली,नकल,चिली,केल
text,poem,मूलपाठ,कविता,मू्यास,हसिता
value,price,मूल्य,कीमत,वाल्य,आधमत
valuable,important,मूल्यवान,जरूरी,मूली रात,ऊतूरी
medical,psychological,चिकित्सा,मनोवैज्ञानिक,चिज्ञान,मनोवैिकित्सक
frog,lizard,मेढक,छिपकली,मेजू,छिकार
combination,mixture,मेल,मिश्रण,सपल,मिर्बन
mail,fax,मेल,फैक्स,सगल,फैपुस
marathon,race,मैराथन,दौड़,मैदागर,चीड़
chance,possibility,मोका,संभावना,खाका,संरक्षा
turn,rotate,मोड़,घुमाएँ,बचड़,घुमासू
illusion,hallucination,भ्रम,मतिभ्रम,चढरम,मतिराधी
death,disappearance,मौत,लापता होने के,ईरत,लापत देनेवाला
glorious,glory,यशस्वी,वैभव,यशश्मन,वैटू
here,there,यहां,वहां,रूां,भेां
torment,torture,यातना,अत्याचार,पहतना,अतजिबशा
tour,concert,यात्रा,कंसर्ट,पहत्रा,कंनद्र
passenger,driver,यात्री,चालक,कुत्री,चापस
war,battle,युद्ध,लड़ाई,युगंध,सई
youth,childhood,युवा,बचपन,युजी,बचअरब
sum,amount,योग,रकम,पसग,बैम
yoga,massage,योग,मालिश,पतग,माकोश
deserve,worthy,योग्य होना,योग्य,योगना करना,पतग्य
plan,strategy,योजना,रणनीति,दाजना,रणदाता
sexual,physical,यौन,शारीरिक,कीन,शाथोलिक
blood,urine,रक्त,मूत्र,रकयक,केत्र
guard,patrol,रक्षक,पहरा,रकनवर,होरा
protect,defend,बचाना,रक्षा करना,रक्षेत्रीय,रक्षेत्रीय
preserve,maintain,रक्षित,बनाए रखना,रक्पाद,बनाए्यारा
paint,draw,रंग,चित्र बनाना,बौग,चित्ड़ देना
rodeo,cowboy,रदेऊ,चरवाहे,रदीन,चरावनी
rum,cognac,रम,कॉग्नेक,ग्द,कॉच्छेद
chemistry,biology,रसायन विज्ञान,जीवविज्ञान,रसायन नेंसिंग,जीववादिष्ट
cook,chef,रसोइया,बावर्ची,जोइया,बाकरानी
stay,remain,ठहरना,रहना,डीना,दसना
revelation,vision,श्रुति,दृष्टि,चैरुति,कीष्टि
rifle,gun,राइफल,बंदूक,राुमत,सेदूक
rocket,missile,राकेट,मिसाइल,राडाट,मिसाचा
monster,creature,राक्षस,जंतु,रार्ता,जंनो
princess,prince,राजकुमारी,राजकुमार,राज्कुराओ,राजष्ट्र
capital,city,राजधानी,शहर,राज्ञान,घ्र
dynasty,empire,राजवंश,साम्राज्य,राावरण,सामादिष्ट
governor,senator,राज्यपाल,सीनेटर,राजर्टेल,सीरहार
radar,satellite,राडार,उपग्रह,ठंडार,उपगनेबल
night,evening,रात,शाम,चित,तिम
dinner,breakfast,रात का खाना,सुबह का नाश्ता,रातवार सेना,सुबह क संस्कार
queen,king,रानी,राजा,विनी,राक
opinion,attitude,राय,रवैया,कीय,कृैया
national,global,राष्ट्रीय,वैश्विक,राष्टमेंट,वैत्रिम
chemical,biological,रासायनिक,जैविक,रासामारी,मछविक
report,inform,रिपोर्ट,सूचित करना,रिषेत्र,सूचिस्थिति
reporter,journalist,रिपोर्टर,पत्रकार,रिपिंगटन,पत्सीजन
relative,cousin,रिश्तेदार,चचेरा भाई,रिश्यवादी,चचेला हुआ
bribe,blackmail,रिश्वत,भयादोहन,रि्यंत,भयागरेट
spinal,abdominal,रीढ़ की हड्डी में,पेट,रीढ़ जा तोप का मुंह,बैट
wait,expect,प्रतीक्षा,अपेक्षा करना,प्ररिल्ला,अपेक्विज्ञान
desert,valley,रेगिस्तान,घाटी,रेगी कभी,अचटी
regiment,battalion,रेजिमेंट,बटालियन,रेबुलेंस,बटािसमस
radio,television,रेडियो,टेलीविजन,लिडियो,टेल्ञापन
train,bus,रेल गाडी,बस,रेकुमारी,कॆ
silk,cotton,रेशम,कपास,रेखी,कपखी
prevent,stop,मना करना,रोकना,गरकना,चिकना
ambulance,helicopter,एम्बुलेंस,हेलीकॉप्टर,एम्न्वेंट,हेलीास्टिक
daily,weekly,रोज,साप्ताहिक,असज,सापनता था
bread,cheese,रोटी,पनीर,चिटी,बढीर
robot,machine,रोबोट,मशीन,रोलूट,मशेद
roman,greek,रोमन,यूनानी,रोरम,धकनानी
romeo,juliet,रोमियो,जूलियट,रोमिठा,जूसर्ट
symptom,syndrome,लक्षण,सिंड्रोम,लकलना,सिप्लोमा
anchor,sail,लंगर,जलयात्रा,लम्का,जलयवर्ची
lasagna,spaghetti,लज़ान्या,स्पघेटी,लजनात्मक,स्प्पणी
dude,bro,लड़का,भाई,लडंजा,व्ई
girl,boy,लड़की,लड़का,लडकभी,लडकना
boys,girls,लड़के,लड़कियाँ,अक़के,लड़ान्या
combat,fight,संग्राम,लड़ाई,अक़ाई,गूऎ
grab,catch,लपकना,पकड़,लपअरब,शहड़
garlic,onion,लहसुन,प्याज,लहावर,प्बैज
live,survive,लाइव,बच जाना,लाजय,बचारानी
bring,send,लाओ,भेजना,देओ,बरजना
apply,use,लागू,उपयोग,लाआम,उपलना
red,yellow,लाल,पीला,अधल,लॉला
lipstick,perfume,लिपस्टिक,इत्र,लिपग्यता,भर्र
envelope,package,लिफ़ाफ़ा,पैकेज,रकफ़ाफ़ा,बतकेज
article,newspaper,लेख,अखबार,आशख,अखरतट
author,actor,लेखक,अभिनेता,लेपी,अभ्मकता
popular,famous,लोकप्रिय,प्रसिद्ध,लोकलेबॉय,प्र्पक्ष
fox,rabbit,लोमड़ी,खरगोश,आंमड़ी,खरनाक
iron,metal,लोहा,धातु,लोंद,धाकर
lawyer,prosecutor,वकील,अभियोक्ता,चशील,अभि़ान्या
weight,height,वजन,ऊंचाई,यलन,यूचाई
adult,parent,बालिग,माता-पिता,बािंग,मातिबिंब
senior,junior,वरिष्ठ,जूनियर,वरसर्ट,जूदुर
describe,express,वर्णन करना,व्यक्त करना,वर्णनस्थिति,व्यक्च्या
current,electricity,वर्तमान,बिजली,वर्लेख,कमजली
rain,snow,वर्षा,बर्फ,मक्षा,लह्फ
clan,family,वंश,परिवार,मठश,परधारण
spring,autumn,वसंत,पतझड़,छोंत,पतदान
object,subject,वस्तु,विषय,कच्तु,वियर
wine,champagne,वाइन,शैंपेन,वाडी,धुंपेन
virus,infection,वाइरस,संक्रमण,वादान,संकराहक
environment,atmosphere,वातावरण,वायुमंडल,वातपादन,वायुसूची
back,return,वापस,वापसी,वाी,वाअभी
air,oxygen,वायु,ऑक्सीजन,पेल्ल,ऑक्पताल
valve,ventilation,वाल्व,हवादार,वामसव,हवरभात
washington,boston,वाशिंगटन,बोस्टान,वाश्रेशन,बो्ञापन
actually,really,सचमुच,वास्तव में,वासित करना,वासढ़ता से
vehicle,car,वाहन,कार,वाकण,अनर
bravo,alpha,शाबाश,अल्फा,शायदश,की्फा
seller,buyer,विक्रेता,क्रेता,विह देना,क्सीता
idea,theory,विचार,सिद्धांत,विशेर,सिम्हांड
consider,think,विचार करना,सोच,विचाक्रिया,पदच
victory,defeat,विजय,परास्त करना,विनी,परास्च्य
advertising,marketing,विज्ञापन,विपणन,विज्रकार,विझड़
irony,ironic,विडंबना,ताने के तौर पर,वि होना,ताने का नाश्ता
finance,invest,वित्त,निवेश,विकात,नितंश
widow,woman,विधवा,महिला,विआपा,महआका
humble,modest,विनीत,शालीन,विरेत,शाबान
witty,funny,सरस,मजेदार,अकस,मजीदना
heritage,inherit,विरासत,विरासत में प्राप्त करना,विुचित,विरासत मेंकी हड्डी में
artifact,medallion,विरूपण साक्ष्य,प्राचीन पदक,विरूपणय टुकड़ी,प्राचकॉप्टर
protest,demonstration,विरोध,प्रदर्शन,विदेध,प्रदेषज्ञ
opposite,contrary,विलोम,विरुद्ध,विचाम,विर्दयी
special,unique,विशेष,अनोखा,विराष,अनसना
expert,specialist,प्रतिष्ठित,विशेषज्ञ,विशयाप्त,विशरिक्त
privilege,honor,विशेषाधिकार,सम्मान,विशेला,समिकार
rest,sleep,विश्राम,सोना,विक्रीन,अधना
analyst,investigator,विश्लेषक,अन्वेषक,विशधाजनक,अन्दोहन
trust,believe,विश्वास,मानना,विट्रेस,माएँ
antidote,vaccine,विषहर औषध,टीका,विषहरृत्ति,फैका
circle,triangle,वृत्त,त्रिकोण,बसत्त,त्र्मोन
waiter,waitress,वेटर,वेट्रेस,अलटर,वेश्राम
person,individual,व्यक्ति,व्यक्तिगत,व्क्षक,व्यकनलेवा
personal,intimate,निजी,अभिन्न,निटा,अभरैगन
arrange,organize,व्यवस्था,व्यवस्थित,व्यस्फोट,व्यव ग्रह
explanation,plausible,व्याख्या,प्रशंसनीय,व्रिज्या,प्रशाक्षर
commercial,merchant,व्यावसायिक,सोदागर,व्याकारिता,सोचालय
whiskey,vodka,व्हिस्की,वोडका,व्वस्था,वोचना
doubt,suspect,संदेह,संदिग्ध,संसतह,संभिन्न
power,energy,शक्ति,ऊर्जा,भे्ति,वी्जा
Saturday,Sunday,शनिवार,रविवार,शनरभाव,रवरभाव
word,sentence,शब्द,वाक्य,जल्द,वायुय
dictionary,phrase,शब्दकोश,वाक्यांश,शब्पताल,वाद्यालय
refuge,shelter,शरण,आश्रय,कुण,आशदेश
refugee,fugitive,शरणार्थी,भगोड़ा,शरणेक्शन,टूोड़ा
alcohol,drug,शराब,दवाई,कुब,लैाई
anatomy,psychology,शरीर रचना,मनोविज्ञान,शरीरिब्रल,मनोवादिष्ट
sherlock,watson,शर्लाक,वाटसन,शर्योग,वायलट
surgeon,doctor,शल्य चिकित्सक,चिकित्सक,शल्य चर बनाना,चिकाथमिक
autopsy,analysis,शव परीक्षण,विश्लेषण,शव पर्राज्य,विश्युति
arsenal,armory,शस्त्रागार,शस्रशाला,शस्त्तित्व,शस्ग्यता
honey,butter,शहद,मक्खन,दंद,मकर्श
pacific,atlantic,शांतिप्रद,अटलांटिक,शरिज्या,अटलित्सक
contain,content,शामिल होना,विषय,शाम्ध करना,वियर
maybe,probably,शायद,संभवत,सुयद,संसुन
shark,fish,शार्क,मछली,शाऊतक,दौली
eternal,forever,शास्वत,हमेशा के लिए,शाश्मन,हमेशल ही में
royal,kingdom,शाही,साम्राज्य,शौइय,सामादिष्ट
imperial,emperor,शाही,सम्राट,शाषय,समियार
complaint,accusation,शिकायत,आरोप,शिदाता,आरये
prey,predator,शिकार,दरिंदा,रिकर,मूदा
victim,attacker,शिकार,हमलावर,रेकार,हमलन्ना
hunting,fishing,शिकार करना,मछली पकड़ना,शिकाकित्सा,मछली्यशाला
camp,village,शिविर,गाँव,शिक्र,गाूह
baby,child,शिशु,बच्चा,शिमी,मक्चा
shield,armor,ढाल,कवच,वृल,डेच
shooter,sniper,शूटर,निशानची,घिटर,निारानी
sheriff,mayor,शेरिफ,महापौर,सवरिफ,महसंबर
shot,shoot,शॉट,गोली मारना,नतट,गोलना करना
noise,sound,शोर,ध्वनि,चचर,सतवनि
hobby,sport,शौक,खेल,आमक,ब्सुल
amateur,professional,शौक़ीन व्यक्ति,पेशेवर,शौक़ीूचक यंत्र,पेांडर
toilet,sink,शौचालय,हौदी,शौतकाल,कन्दि
series,episode,श्रृंखला,प्रकरण,क्श्ब्ता,प्रनातक
credit,loan,श्रेय,ऋण,बीरेय,अफ
conspiracy,fraud,षड़यंत्र,धोखा,षड़ुद्री,सिखा
concept,definition,संकल्पना,परिभाषा,संकयापार,लर जना
positive,negative,सकारात्मक,नकारात्मक,सकाररेरणा,नकारस्फोट
narrow,wide,संकीर्ण,चौड़ा,संत्ना,ऋणड़ा
active,activity,सक्रिय,गतिविधि,सककरना,गतीविजन
enable,provide,सक्षम,प्रदान करना,सकइरस,प्रदाास्थ्य
number,address,संख्या,पता,संनिया,याचा
engagement,wedding,सगाई,शादी,शेाई,शांड
league,team,संघ,टीम,काघ,वसम
federal,state,संघीय,राज्य,संध्य,राशाय
TRUE,real,सच,वास्तविक,रधा,वास्यारा
operate,surgery,संचालित,शल्य चिकित्सा,संकालीन,शल्य साक्ष्य
secretary,assistant,सचिव,सहायक,सचफल,सह्तम
punish,arrest,सज़ा देना,गिरफ़्तार करना,सजसा करना,गिरफ़्य टुकड़ी
road,highway,सड़क,हाइवे,वह़क,हापसे
balance,harmony,संतुलन,सद्भाव,संरेशन,सदतकाल
satisfied,happy,संतुष्ट,प्रसन्न,संता से,प्ररगाह
hospitality,gratitude,सत्कार,कृतज्ञता,सतमारक,कृतच्छेद
fidelity,devotion,सत्य के प्रति निष्ठा,भक्ति,सत्य के प्राप्त करना,रू्ति
member,leader,सदस्य,नेता,सदनाम,एद्ता
century,decade,सदी,दशक,चू,धोक
property,owner,संपत्ति,मालिक,संषेत्र,मासंक
contact,connection,संपर्क,संबंध,संंत्र,संगीध
total,complete,संपूर्ण,पूर्ण,संंत्रण,प्रुना
success,failure,सफलता,असफलता,सफ्षण,असफाप्त
white,black,सफेद,काला,सफगण,धुला
relationship,friendship,संबंध,मित्रता,संनिध,मितिरोध
first,last,प्रथम,अंतिम,प्मत,अंशाम
evidence,proof,सबूत,प्रमाण,कछूत,प्वर्ण
probability,likely,संभावना,संभावित,संतवीक,संरभावी
polite,friendly,विनम्र,अनुकूल,विवर्ण,अऩदूर
decent,honest,सभ्य,ईमानदार,सभलक,ईमा्त्व
lesbian,gay,लेस्बियन,समलैंगिक,समल्फोटक,समलात्मक
society,community,समाज,समुदाय,समका,समुचित
similar,different,समान,विभिन्न,यरन,विहित्य
end,finish,अंत,समाप्त,समावना,समतचीत
sea,ocean,समुद्र,सागर,समिष्ठ,सासद
marine,navy,समुद्री,नौसेना,समामारी,नौखाना
pirate,sailor,समुद्री डाकू,नाविक,समुद का खाना,नाटकक
conference,meeting,सम्मेलन,बैठक,समिणाम,बैतट
advice,advise,सलाह,सलाह देना,सलआज,सलाक्रेता
sensational,spectacular,संवेदनात्मक,दर्शनीय,संवेद्कुराओ,दर्तुलन
parliament,senate,संसद,प्रबंधकारिणी समिति,संषय,प्रबंधकाशित रूप से
culture,civilization,संस्कृति,सभ्यता,संक्रेता,सभ्टान
naturally,generally,सहज रूप में,आम तौर पर,सहजनेंट,आम तरवादी
support,assistance,सहयोग,सहायता,सह्तर,सहलायम
right,left,दाहिने,बाएं,दाहिरक,बाबम
witness,testimony,साक्षी,गवाही,साक्गल,चबाही
beach,coast,सागरतट,तट,सागाचार,घि
colleague,friend,सहकर्मी,दोस्त,सहककलेट,दोहरत
tool,instrument,औजार,उपकरण,ऊंर,उपकसंगत
ordinary,usual,साधारण,सामान्य,सारभाव,सायाप्त
monk,priest,साधु,पुजारी,सादो,पुरुरी
clean,wash,साफ,धुलाई,रिफ,मछलाई
front,rear,सामने,पिछला,ओल से,पिअना
normally,usually,सामान्य रूप से,आमतौर पर,सामान्ष यात्री,आमतौत्रिम
shadow,dark,साया,अंधेरा,परया,युन्त्रा
anniversary,birthday,सालगिरह,जन्मदिन,सालल्हन,जन्र्म
courage,determination,साहस,दृढ़ निश्चय,सालर,दृढ़रेक्ष्य
september,october,सितंबर,अक्टूबर,सितव्य,अक्चित
cinema,theater,सिनेमा,थिएटर,सिनेकर,थिशनल
learn,teach,सीखना,सिखाना,सीमे,सिघटना
horn,whistle,सींग,सीटी,सीई,गोटी
caesar,rome,सीज़र,रोम,सीगार,असम
direct,directly,सीधा,सीधे,गोधा,सीनल
cement,plastic,सीमेंट,प्लास्टिक,सीमेवध,प्लयात्मक
pork,meat,सुअर का मांस,मांस,सुअर साक्ष्य,माजू
needle,syringe,सुई,सिरिंज,मैइ,सिरिआओ
pretty,beautiful,सुंदर हे,सुंदर,सुद होना,सुननर
listen,hear,सुनना,सुनो,सुंदा,दुकर
hearing,trial,सुनवाई,परीक्षण,सुमान,परीरभात
security,safety,रक्षा,सुरक्षा,सुक्षित,सुक्षित
safe,secure,निरापद,सुरक्षित,सुरस्फोट,सुरस्फोट
dry,wet,सूखा,गीला,रुज,भगला
soup,salad,सूप,सलाद,लिप,सलकत
sunset,dawn,सूर्यास्त,प्रभात,सूर्ञानिक,प्षमता
create,produce,सृजन करना,उत्पाद,सृजनैंगिक,उतनदार
apple,fruit,सेब,फल,अकब,गेह्व्व
seminar,lecture,सेमिनार,भाषण,सेदवार,भागा
celebrity,star,प्रसिद्ध व्यक्ति,प्रसिद्ध अभिनेता/अभिनेत्री,प्रसिद््ष यात्री,प्रसिद्ध अभि प्राप्त करना
service,maintenance,सेवा,रखरखाव,केवर,रखरदकोश
sensor,transmitter,सेंसर,ट्रांसमीटर,घोंसर,ट्रांड्रोम
sandwich,hamburger,सैंडविच,हैमबर्गर,सैश्विक,हैमबलिनिक
legion,army,सैन्य टुकड़ी,सेना,सैन्ट रूप से,कलना
software,computer,सॉफ्टवेयर,कंप्यूटर,सॉफ् रचना,कंप्रेरक
sofa,bed,सोफ़ा,बिस्तर,सोबना,बिभ्रम
monday,tuesday,सोमवार,मंगलवार,सोपताल,मंगराहक
skirt,dress,स्कर्ट,पोशाक,स्र्षक,पोलोक
screen,monitor,स्क्रीन,मॉनिटर,क्शान,मॉनीकी
stadium,baseball,स्टेडियम,बेसबॉल,स्टरतिमा,बेस्वी
place,location,जगह,स्थान,स्लीन,स्लीन
status,position,स्थिति,स्थान,स्योति,स्लीन
clearly,obviously,स्पष्ट रूप से,स्पष्टतः,स्पष्ल ही में,स्पर्मोन
monument,statue,स्मारक,प्रतिमा,स्राई,प्रूरता
source,informant,स्रोत,सूचना देनेवाला,स्सात,सूचना बारे में
volunteer,voluntarily,स्वयंसेवक,स्वेच्छा से,स्वयर्शनी,स्वट रूप से
paradise,hell,स्वर्ग,नरक,स्वकूफ,तेक
golden,silver,स्वर्ण,चांदी,स्गरेट,चा्सी
healthy,normal,स्वस्थ,साधारण,स्वेषक,सारभाव
reception,party,स्वागत,दल,बल्वर,यक
taste,smell,स्वाद,गंध,स्कीद,डिध
tasty,delicious,सुखद,स्वादिष्ट,स्व्भाग्य,स्व्भाग्य
instinct,intuition,स्वाभाविक प्रवृत्ति,सहज बोध,स्वाभाविंद्रित करना,सहजरंतर
mistress,lover,स्वामिनी,प्रेम करनेवाला,स्वसायिक,प्रेमहाज
health,education,स्वास्थ्य,शिक्षा,स्व्ट्रीय,शिक्एँ
admit,confess,करते,स्वीकार करना,स्वीकरांसीसी,स्वीकविज्ञान
thousand,hundred,हज़ार,सौ,रोर,शस
eliminate,remove,हटाना,निकालना,तंना,नियोजना
bone,skull,हड्डी,खोपड़ी,हडंटी,रंपड़ी
killer,murderer,हत्यारा,कातिल,हतस्ताव,कांटल
always,constantly,हमेशा,निरंतर,खिशा,निानघर
green,orange,हरा,नारंगी,छु,नारंचा
wind,storm,हवा,आंधी,बुगा,बीधी
autograph,photographer,हस्ताक्षर,फोटोग्राफर,हस्तंसनीय,फोटो्यवादी
hand,arm,हाथ,बाजू,मुथ,बाथा
hormone,adrenaline,हार्मोन,एड्रेनालाईन,हा्रेशन,एड्रना करना
gesture,act,हाव - भाव,कृत्य,हािम भरा,आमत्य
ridiculous,absurd,हास्यास्पद,बेतुका,हास्रिज्या,बेचैका
diamond,jewel,हीरा,गहना,यहरा,हिना
helmet,hat,हेलमेट,टोपी,हेिलेख,टोखक
hotel,motel,होटल,मोटेल,होपक,बहटेल
