target_word_unique,word_combo_related,word_combo_unrelated,cue_word_related,cue_word_unrelated
abszurd,nevetségesabszurd,adatabszurd,nevetséges,adat
acél,konkrétacél,bérlőacél,konkrét,bérlő
adni,ajánlatadni,termináladni,ajánlat,terminál
adomány,jótékonyságadomány,napiadomány,jótékonyság,napi
adrenalin,hormonadrenalin,bélyegadrenalin,hormon,bélyeg
adó,érzékelőadó,rágósadó,érzékelő,rágós
aggodalom,gondaggodalom,taxiaggodalom,gond,taxi
agyi-,agyagyi-,hobbiagyi-,agy,hobbi
ajtó,ablakajtó,bizonyítékajtó,ablak,bizonyíték
ajándék,bókajándék,pestisajándék,bók,pestis
aktiválja,elindítaktiválja,méhaktiválja,elindít,méh
alagút,hídalagút,jógaalagút,híd,jóga
alfa,bravoalfa,iparalfa,bravo,ipar
alibi,indítékalibi,szütyőalibi,indíték,szütyő
alkotmány,törvényalkotmány,selyemalkotmány,törvény,selyem
alsó,felsőalsó,bíróságalsó,felső,bíróság
alvás,pihenésalvás,sütőalvás,pihenés,sütő
aláírás,bélyegaláírás,filozófiaaláírás,bélyeg,filozófia
amerika,afrikaamerika,horgonyamerika,afrika,horgony
apa,anyaapa,paradicsomapa,anya,paradicsom
apu,nagybácsiapu,előfordulapu,nagybácsi,előfordul
aranyos,édesaranyos,kiaranyos,édes,ki
arc,ajakarc,füstarc,ajak,füst
artéria,vénaartéria,ifjúságartéria,véna,ifjúság
atlanti,békésatlanti,híres emberatlanti,békés,híres ember
autó,járműautó,sebészautó,jármű,sebész
bajnokság,versenybajnokság,húgabajnokság,verseny,húga
bal,jobbbal,nemesbal,jobb,nemes
baleset,incidensbaleset,ajánlatbaleset,incidens,ajánlat
balszerencse,szerencsétlenbalszerencse,okosbalszerencse,szerencsétlen,okos
barát,kollégabarát,tartálybarát,kolléga,tartály
barátság,kapcsolatbarátság,szobabarátság,kapcsolat,szoba
barátságos,udvariasbarátságos,tervbarátságos,udvarias,terv
baseball,stádiumbaseball,angyalbaseball,stádium,angyal
batman,supermanbatman,pihenésbatman,superman,pihenés
bebörtönzés,büntetésbebörtönzés,költőbebörtönzés,büntetés,költő
becsület,kiváltságbecsület,kilométerbecsület,kiváltság,kilométer
becsületes,megfelelőbecsületes,felszerelésbecsületes,megfelelő,felszerelés
befejez,végebefejez,bérelbefejez,vége,bérel
befektetés,pénzügybefektetés,állbefektetés,pénzügy,áll
befektető,bankárbefektető,szennyeződésbefektető,bankár,szennyeződés
bejárat,kijáratbejárat,parancsnokbejárat,kijárat,parancsnok
bekezdés,szakaszbekezdés,hálásbekezdés,szakasz,hálás
belül,kívülbelül,sértésbelül,kívül,sértés
beszél,beszélgetésbeszél,bolygóbeszél,beszélgetés,bolygó
beteg,rosszbeteg,szótárbeteg,rossz,szótár
betegség,influenzabetegség,parlamentbetegség,influenza,parlament
bevallani,beismernibevallani,alacsonybevallani,beismerni,alacsony
bezárás,kinyitbezárás,hősbezárás,kinyit,hős
bezárás.1,nyitásbezárás,kutyabezárás,nyitás,kutya
biológia,kémiabiológia,táncosbiológia,kémia,táncos
biológiai,kémiaibiológiai,washingtonbiológiai,kémiai,washington
birodalom,dinasztiabirodalom,évfordulóbirodalom,dinasztia,évforduló
bizalom,tiszteletbizalom,fáradtbizalom,tisztelet,fáradt
bizonyság,tanúbizonyság,sebbizonyság,tanú,seb
bizottság,jutalékbizottság,golfbizottság,jutalék,golf
biztonság,elhárításbiztonság,megvizsgálnibiztonság,elhárítás,megvizsgálni
biztonságos,veszélytelenbiztonságos,tulajdonképpenbiztonságos,veszélytelen,tulajdonképpen
biztos,ellenőrbiztos,ételbiztos,ellenőr,étel
biztosítani,engedélyezzebiztosítani,villámbiztosítani,engedélyezze,villám
boldog,elégedettboldog,alkoholboldog,elégedett,alkohol
bolt,üzletbolt,igazságtalanságbolt,üzlet,igazságtalanság
boston,washingtonboston,hirtelenboston,washington,hirtelen
boszorkány,átokboszorkány,konkrétboszorkány,átok,konkrét
botrány,pletykabotrány,dnsbotrány,pletyka,dns
buli,recepcióbuli,ketchupbuli,recepció,ketchup
busz,vonatbusz,unokájabusz,vonat,unokája
bájos,szépbájos,körbájos,szép,kör
bájos.1,vonzóbájos,szenvednibájos,vonzó,szenvedni
bátor,nemesbátor,formabátor,nemes,forma
bérlés,bérelbérlés,karneválbérlés,bérel,karnevál
bíboros,püspökbíboros,lelkesedésbíboros,püspök,lelkesedés
bíró,bíróságbíró,szépbíró,bíróság,szép
börtön,cellabörtön,hellóbörtön,cella,helló
bőrönd,aktatáskabőrönd,főiskolabőrönd,aktatáska,főiskola
bűn,vétekbűn,atombűn,vétek,atom
bűnös,ártatlanbűnös,burgonyabűnös,ártatlan,burgonya
bűnügyi,tolvajbűnügyi,másholbűnügyi,tolvaj,máshol
centiméter,mérföldcentiméter,élőcentiméter,mérföld,élő
cigaretta,dohánycigaretta,csendescigaretta,dohány,csendes
cinikus,naivcinikus,engedélycinikus,naiv,engedély
cipő,csomagtartócipő,békéscipő,csomagtartó,békés
cirkusz,állatkertcirkusz,kövessecirkusz,állatkert,kövesse
civilizáció,kultúracivilizáció,titokcivilizáció,kultúra,titok
cowboy,rodeócowboy,házcowboy,rodeó,ház
csali,csapdacsali,incidenscsali,csapda,incidens
család,kláncsalád,levegőcsalád,klán,levegő
csalás,összeesküvéscsalás,erőcsalás,összeesküvés,erő
csalódás,meglepetéscsalódás,tanúcsalódás,meglepetés,tanú
csapat,ligacsapat,kinyitcsapat,liga,kinyit
csata,háborúcsata,sherlockcsata,háború,sherlock
csatatér,arénacsatatér,befolyáscsatatér,aréna,befolyás
csend,csendescsend,gyűjtcsend,csendes,gyűjt
csillag,híres embercsillag,felelősségcsillag,híres ember,felelősség
csokoládé,cukorcsokoládé,esetenkéntcsokoládé,cukor,esetenként
csomag,borítékcsomag,drámaicsomag,boríték,drámai
csoport,bandacsoport,természetescsoport,banda,természetes
császár,császáricsászár,felnőttcsászár,császári,felnőtt
csökkent,növekedéscsökkent,angolcsökkent,növekedés,angol
csúnya,szűkítéscsúnya,zsákmánycsúnya,szűkítés,zsákmány
cím,névcím,igazcím,név,igaz
cím.1,számcím,zuhanycím,szám,zuhany
dal,albumdal,kosárlabdadal,album,kosárlabda
darab,töredékdarab,borzalomdarab,töredék,borzalom
december,novemberdecember,szerencsejátékdecember,november,szerencsejáték
demokrácia,szabadságdemokrácia,eladódemokrácia,szabadság,eladó
demonstráció,tiltakozásdemonstráció,megbocsátdemonstráció,tiltakozás,megbocsát
depresszió,feszültségdepresszió,tonhaldepresszió,feszültség,tonhal
dicsőség,dicsődicsőség,magyarázatdicsőség,dicső,magyarázat
dinamit,puskapordinamit,átokdinamit,puskapor,átok
ding,pingding,ittding,ping,itt
dokumentum,fájldokumentum,dózisdokumentum,fájl,dózis
dollár,fontdollár,kabindollár,font,kabin
drog,alkoholdrog,galériadrog,alkohol,galéria
dzseki,ingdzseki,kormányzódzseki,ing,kormányzó
dél,éjféldél,kémdél,éjfél,kém
díj,nobeldíj,templomdíj,nobel,templom
düh,haragdüh,banándüh,harag,banán
ebéd,falatozásebéd,radarebéd,falatozás,radar
egyedi,különlegesegyedi,építkezésegyedi,különleges,építkezés
egyedi.1,személyegyedi,kardegyedi,személy,kard
egyenruha,jelvényegyenruha,hízelegegyenruha,jelvény,hízeleg
egyetem,főiskolaegyetem,csészeegyetem,főiskola,csésze
egyetemi tanár,dékánegyetemi tanár,tiszteletegyetemi tanár,dékán,tisztelet
egyszerű,egyszerűenegyszerű,elhárításegyszerű,egyszerűen,elhárítás
együttérzés,türelemegyüttérzés,járműegyüttérzés,türelem,jármű
elad,megveszelad,becenévelad,megvesz,becenév
eladás,árveréseladás,helyzeteladás,árverés,helyzet
elbocsátás,lemondáselbocsátás,szájelbocsátás,lemondás,száj
elegendő,elégelegendő,edzőelegendő,elég,edző
elegáns,divatoselegáns,csókelegáns,divatos,csók
elektromos,mágneseselektromos,báziselektromos,mágneses,bázis
elektromosság,jelenlegielektromosság,tekintelektromosság,jelenlegi,tekint
elem,tényezőelem,milliomoselem,tényező,milliomos
elemzés,boncoláselemzés,lányelemzés,boncolás,lány
elfogad,megtagadjaelfogad,toronyelfogad,megtagadja,torony
elhagyott,elhagyelhagyott,piszkoselhagyott,elhagy,piszkos
elhelyezkedés,helyelhelyezkedés,leszbikuselhelyezkedés,hely,leszbikus
eljárás,folyamateljárás,forróeljárás,folyamat,forró
elképesztő,hatásoselképesztő,ellenálláselképesztő,hatásos,ellenállás
elkölt,pazarláselkölt,meglepetéselkölt,pazarlás,meglepetés
ellenfél,ellenségellenfél,kritikaiellenfél,ellenség,kritikai
ellentétes,szembenellentétes,századellentétes,szemben,század
ellenáll,ellenállásellenáll,félellenáll,ellenállás,fél
ellenőriz,csekkolellenőriz,egészségesellenőriz,csekkol,egészséges
ellenőrzés,vizsgálatellenőrzés,szegényellenőrzés,vizsgálat,szegény
elmélet,ötletelmélet,árveréselmélet,ötlet,árverés
elnök,kancellárelnök,tartalmazelnök,kancellár,tartalmaz
elrabol,elviszelrabol,trófeaelrabol,elvisz,trófea
elrejt,borítóelrejt,jegyelrejt,borító,jegy
elsődleges,másodlagoselsődleges,férfielsődleges,másodlagos,férfi
eltemet,áseltemet,fehérjeeltemet,ás,fehérje
eltávolít,megszünteteltávolít,harageltávolít,megszüntet,harag
eltör,széttöreltör,stádiumeltör,széttör,stádium
eltűnés,haláleltűnés,végeeltűnés,halál,vége
elvár,várjonelvár,sugárelvár,várjon,sugár
előadás,szemináriumelőadás,természetfölöttielőadás,szeminárium,természetfölötti
előállít,teremtelőállít,túszelőállít,teremt,túsz
emberek,népességemberek,csapdaemberek,népesség,csapda
emberi,férfiemberi,vonzóemberi,férfi,vonzó
emlékezik,elfelejtemlékezik,sürgősemlékezik,elfelejt,sürgős
energia,erőenergia,szakácsenergia,erő,szakács
enged,lehetővé teszienged,lovasságenged,lehetővé teszi,lovasság
eper,banáneper,segítségeper,banán,segítség
epizód,sorozatepizód,tengerepizód,sorozat,tenger
erdő,dzsungelerdő,lehetetlenerdő,dzsungel,lehetetlen
eredmény,következményeredmény,tiltotteredmény,következmény,tiltott
erekció,orgazmuserekció,tisztaerekció,orgazmus,tiszta
erősen,határozottanerősen,boncoláserősen,határozottan,boncolás
esemény,jelenségesemény,helytelenesemény,jelenség,helytelen
eskü,esküszikeskü,szakértőeskü,esküszik,szakértő
esküvő,eljegyzésesküvő,féregesküvő,eljegyzés,féreg
este,éjszakaeste,krémeste,éjszaka,krém
eszik,eteteszik,sötétségeszik,etet,sötétség
eszköz,csipeszköz,beszélgetéseszköz,csip,beszélgetés
ezredes,tábornokezredes,versenyezredes,tábornok,verseny
ezüst,aranysárgaezüst,idegezüst,aranysárga,ideg
fa,bokorfa,valóságfa,bokor,valóság
fagy,olvadfagy,kapacitásfagy,olvad,kapacitás
falu,táborfalu,tünetfalu,tábor,tünet
fantasztikus,csodálatosfantasztikus,emlékműfantasztikus,csodálatos,emlékmű
fantázia,valóságfantázia,kaliberfantázia,valóság,kaliber
farkas,medvefarkas,későfarkas,medve,késő
fax,levélfax,piramisfax,levél,piramis
fecskendő,tűfecskendő,elfelejtfecskendő,tű,elfelejt
fedélzet,kabinfedélzet,vesztesfedélzet,kabin,vesztes
fegyver,pisztolyfegyver,pluszfegyver,pisztoly,plusz
fegyvertár,arzenálfegyvertár,karácsonyfegyvertár,arzenál,karácsony
fejlődés,előrehaladfejlődés,kórházfejlődés,előrehalad,kórház
fekete,fehérfekete,kémkedésfekete,fehér,kémkedés
fel,lefel,menekültfel,le,menekült
felelőtlen,ésszerűtlenfelelőtlen,felületfelelőtlen,ésszerűtlen,felület
feleség,férjfeleség,rakétafeleség,férj,rakéta
felrobban,robbanásfelrobban,kivételesfelrobban,robbanás,kivételes
felszerel,felszerelésfelszerel,győzelemfelszerel,felszerelés,győzelem
felső,alsófelső,ötletfelső,alsó,ötlet
feltevés,következtetésfeltevés,vacsorafeltevés,következtetés,vacsora
felvétel,rekordfelvétel,divatosfelvétel,rekord,divatos
felület,rétegfelület,piknikfelület,réteg,piknik
fenség,felségfenség,szénfenség,felség,szén
fenék,seggfenék,véletlenfenék,segg,véletlen
fertőzés,vírusfertőzés,dzsipfertőzés,vírus,dzsip
festő,művészfestő,extrafestő,művész,extra
fesztivál,karneválfesztivál,fussfesztivál,karnevál,fuss
fia,lányafia,hasonlófia,lánya,hasonló
fiatal,régifiatal,illegálisfiatal,régi,illegális
figyelemre méltó,kivételesfigyelemre méltó,supermanfigyelemre méltó,kivételes,superman
film,pornófilm,hűségfilm,pornó,hűség
finanszírozás,költségvetésfinanszírozás,bőrfinanszírozás,költségvetés,bőr
finanszírozás.1,pénzügyilegfinanszírozás,mászikfinanszírozás,pénzügyileg,mászik
finom,ízletesfinom,szembenfinom,ízletes,szemben
fizetés,nyugdíjfizetés,hüvelyfizetés,nyugdíj,hüvely
fizikai,szexuálisfizikai,gázfizikai,szexuális,gáz
fiú,lányfiú,kényelmetlenfiú,lány,kényelmetlen
fiú testvér,húgafiú testvér,megjegyzésfiú testvér,húga,megjegyzés
flotta,haditengerészetiflotta,képzeletflotta,haditengerészeti,képzelet
fog,körömfog,kerekfog,köröm,kerek
fogás,megragadfogás,egyszerűenfogás,megragad,egyszerűen
folyadék,folyékonyfolyadék,egyedülfolyadék,folyékony,egyedül
folytatni,folytassafolytatni,szekrényfolytatni,folytassa,szekrény
fontos,értékesfontos,kínfontos,értékes,kín
fontosság,jelentésfontosság,dajkafontosság,jelentés,dajka
forog,fordulatforog,légióforog,fordulat,légió
fotós,autogramfotós,egérfotós,autogram,egér
francia,angolfrancia,jobbfrancia,angol,jobb
frissítés,frissfrissítés,módszerfrissítés,friss,módszer
funkcionális,hadműveletifunkcionális,névfunkcionális,hadműveleti,név
furcsa,szokatlanfurcsa,gyémántfurcsa,szokatlan,gyémánt
futball,kosárlabdafutball,ásfutball,kosárlabda,ás
fájdalom,szenvedőfájdalom,énekesfájdalom,szenvedő,énekes
félelem,borzalomfélelem,projektfélelem,borzalom,projekt
fém,vasfém,benyomásfém,vas,benyomás
fény,sötétségfény,fontolgatfény,sötétség,fontolgat
fényes,ragyogfényes,ösztönfényes,ragyog,ösztön
fénykép,képfénykép,rendkívülifénykép,kép,rendkívüli
földesúr,bérlőföldesúr,rendesföldesúr,bérlő,rendes
fül,szemfül,nevetségesfül,szem,nevetséges
fülke,szekrényfülke,anarchiafülke,szekrény,anarchia
fürdőszoba,zuhanyfürdőszoba,mítoszfürdőszoba,zuhany,mítosz
főnök,menedzserfőnök,örökségfőnök,menedzser,örökség
galaxis,világegyetemgalaxis,jelentésgalaxis,világegyetem,jelentés
garázs,műhelygarázs,ujjgarázs,műhely,ujj
gazdag,szegénygazdag,konfliktusgazdag,szegény,konfliktus
gitár,zongoragitár,beszélgitár,zongora,beszél
globális,nemzetiglobális,pisztolyglobális,nemzeti,pisztoly
golyó,kalibergolyó,levesgolyó,kaliber,leves
gondol,fontolgatgondol,forrásgondol,fontolgat,forrás
gorilla,majomgorilla,érkezésgorilla,majom,érkezés
gramm,kilógramm,ajánlgramm,kiló,ajánl
grófnő,bárógrófnő,szabálygrófnő,báró,szabály
gyakorlat,szokásgyakorlat,szerencsétlengyakorlat,szokás,szerencsétlen
gyakorlatilag,szó szerintgyakorlatilag,magyakorlatilag,szó szerint,ma
gyakran,néhagyakran,okégyakran,néha,oké
gyanúsított,kétséggyanúsított,pénzügygyanúsított,kétség,pénzügy
gyenge,erősgyenge,rémületgyenge,erős,rémület
gyenge.1,tehetetlengyenge,talángyenge,tehetetlen,talán
gyermek,babagyermek,megragadgyermek,baba,megragad
gyermekkor,ifjúsággyermekkor,pazarlásgyermekkor,ifjúság,pazarlás
gyertya,lámpagyertya,kényelmesgyertya,lámpa,kényelmes
gyilkos,öldöklőgyilkos,kutatásgyilkos,öldöklő,kutatás
gyilkosság,öngyilkossággyilkosság,hatásosgyilkosság,öngyilkosság,hatásos
gyors,lassúgyors,kétgyors,lassú,két
gyorsan,lassangyorsan,lövésgyorsan,lassan,lövés
gyík,békagyík,orkesztragyík,béka,orkesztra
gyógyít,visszaszerezgyógyít,mentőautógyógyít,visszaszerez,mentőautó
gyümölcs,almagyümölcs,bravogyümölcs,alma,bravo
gyümölcslé,tejgyümölcslé,belsőgyümölcslé,tej,belső
győzelem,nyereséggyőzelem,bolondgyőzelem,nyereség,bolond
győztes,vesztesgyőztes,finomgyőztes,vesztes,finom
gép,robotgép,ragyoggép,robot,ragyog
görög,rómaigörög,padlógörög,római,padló
gőg,tudatlansággőg,gyűrűgőg,tudatlanság,gyűrű
haditengerészet,tengerihaditengerészet,reményhaditengerészet,tengeri,remény
hadnagy,őrmesterhadnagy,üzlethadnagy,őrmester,üzlet
hadsereg,légióhadsereg,pirítóshadsereg,légió,pirítós
hagyma,fokhagymahagyma,költségvetéshagyma,fokhagyma,költségvetés
hagyományos,modernhagyományos,másodikhagyományos,modern,második
hajnal,napnyugtahajnal,értékhajnal,napnyugta,érték
hajó,legénységhajó,élőhajó,legénység,élő
hajó.1,tengeralattjáróhajó,végülhajó,tengeralattjáró,végül
hal,cápahal,kémiaihal,cápa,kémiai
hall,hallgathall,pillangóhall,hallgat,pillangó
hallucináció,illúzióhallucináció,jelenlegihallucináció,illúzió,jelenlegi
halott,élőhalott,betéthalott,élő,betét
halálos,szörnyűhalálos,mosthalálos,szörnyű,most
halászat,vadászathalászat,mosolyhalászat,vadászat,mosoly
hamburger,szendvicshamburger,rokonhamburger,szendvics,rokon
hamis,hamisítványhamis,hétfőhamis,hamisítvány,hétfő
hang,zajhang,utashang,zaj,utas
hangszer,eszközhangszer,mentéshangszer,eszköz,mentés
hangsúly,hanghangsúly,medvehangsúly,hang,medve
hangya,méhhangya,ablakhangya,méh,ablak
harc,küzdelemharc,hálózatharc,küzdelem,hálózat
harcos,bajnokharcos,hónapharcos,bajnok,hónap
harcos.1,katonaharcos,műhelyharcos,katona,műhely
harmónia,egyensúlyharmónia,nagykövetségharmónia,egyensúly,nagykövetség
hasi,gerinc-hasi,kétséghasi,gerinc-,kétség
használat,alkalmazhasználat,szendvicshasználat,alkalmaz,szendvics
hatalmas,nagyhatalmas,lányahatalmas,nagy,lánya
hatás,befolyáshatás,tálhatás,befolyás,tál
hatékony,hasznoshatékony,whiskyhatékony,hasznos,whisky
hatóság,joghatósághatóság,tumorhatóság,joghatóság,tumor
hazug,hazugsághazug,kijárathazug,hazugság,kijárat
hegy,magaslathegy,hallgathegy,magaslat,hallgat
helikopter,mentőautóhelikopter,aranysárgahelikopter,mentőautó,aranysárga
helyes,helytelenhelyes,kábelhelyes,helytelen,kábel
helyettes,helyettesíthelyettes,csomagtartóhelyettes,helyettesít,csomagtartó
helyettes.1,titkárhelyettes,szokáshelyettes,titkár,szokás
helyi,regionálishelyi,élvezethelyi,regionális,élvezet
herceg,hercegnőherceg,naptárherceg,hercegnő,naptár
heroin,kokainheroin,büszkeheroin,kokain,büszke
heti,napiheti,sárheti,napi,sár
hiba,tévedéshiba,elviszhiba,tévedés,elvisz
hideg,forróhideg,orgazmushideg,forró,orgazmus
hidrogén,szénhidrogén,képhidrogén,szén,kép
hinni,bizalomhinni,bókhinni,bizalom,bók
hit,reményhit,hajhit,remény,haj
hitel,kredithitel,öbölhitel,kredit,öböl
hiv,aidshiv,türelemhiv,aids,türelem
hivatal,asztalhivatal,olvashivatal,asztal,olvas
hivatalos,hivatalosanhivatalos,segghivatalos,hivatalosan,segg
hiány,jelenléthiány,sárkányhiány,jelenlét,sárkány
hogy,mithogy,dvdhogy,mit,dvd
homok,sárhomok,zsoldoshomok,sár,zsoldos
homár,tonhalhomár,bibliahomár,tonhal,biblia
hossz,mérethossz,tanácshossz,méret,tanács
hosszú,rövidhosszú,menekülnihosszú,rövid,menekülni
hozzáállás,véleményhozzáállás,kanálhozzáállás,vélemény,kanál
hulla,testhulla,véleményhulla,test,vélemény
hulladék,szeméthulladék,leszálláshulladék,szemét,leszállás
huzal,kábelhuzal,kokainhuzal,kábel,kokain
hála,vendégszeretethála,következtetéshála,vendégszeretet,következtetés
hálószoba,szobahálószoba,békahálószoba,szoba,béka
hányinger,hasmenéshányinger,lélekhányinger,hasmenés,lélek
hármas,kettőshármas,árnyékhármas,kettős,árnyék
három,egyhárom,visszaverődéshárom,egy,visszaverődés
háromszög,körháromszög,vonatháromszög,kör,vonat
hátborzongató,ijedőshátborzongató,detonátorhátborzongató,ijedős,detonátor
hátulsó,elülsőhátulsó,amatőrhátulsó,elülső,amatőr
házas,egyetlenházas,vizsgálatházas,egyetlen,vizsgálat
házasság,válásházasság,egységházasság,válás,egység
hét,hónaphét,naivhét,hónap,naiv
hímvessző,hüvelyhímvessző,törvényhímvessző,hüvely,törvény
hírek,csatornahírek,kishírek,csatorna,kis
híres,népszerűhíres,bombahíres,népszerű,bomba
hírnév,karrierhírnév,szárazhírnév,karrier,száraz
hó,esőhó,emberrablóhó,eső,emberrabló
hölgy,lordhölgy,hasznoshölgy,lord,hasznos
hús,sertéshúshús,szemináriumhús,sertéshús,szeminárium
húzni,nyomhúzni,bajnoksághúzni,nyom,bajnokság
hülye,naivhülye,pohárhülye,naiv,pohár
hülyeség,őrültséghülyeség,kísérlethülyeség,őrültség,kísérlet
hüvelykujj,ujjhüvelykujj,felséghüvelykujj,ujj,felség
hőfok,hőhőfok,fészekhőfok,hő,fészek
hűséges,lojálishűséges,áldozathűséges,lojális,áldozat
hűvös,meleghűvös,műalkotáshűvös,meleg,műalkotás
idegen,ufóidegen,indítékidegen,ufó,indíték
ideges,aggódóideges,kultúraideges,aggódó,kultúra
idióta,bolondidióta,fontidióta,bolond,font
időszak,fázisidőszak,majomidőszak,fázis,majom
időzítő,detonátoridőzítő,elégedettidőzítő,detonátor,elégedett
igazi,igazigazi,idősebbigazi,igaz,idősebb
igazságszolgáltatás,bosszúigazságszolgáltatás,takaróigazságszolgáltatás,bosszú,takaró
igazán,tulajdonképpenigazán,rájönigazán,tulajdonképpen,rájön
igen,okéigen,lámpaigen,oké,lámpa
ihlet,inspirálihlet,babaihlet,inspirál,baba
indulás,érkezésindulás,apuindulás,érkezés,apu
információ,adatinformáció,köhögésinformáció,adat,köhögés
informátor,forrásinformátor,népszerűinformátor,forrás,népszerű
ingyenes,szabadoningyenes,menedzseringyenes,szabadon,menedzser
injekció,dózisinjekció,néhainjekció,dózis,néha
intelligens,okosintelligens,babaintelligens,okos,baba
intuíció,ösztönintuíció,kereskedelmiintuíció,ösztön,kereskedelmi
irodalom,művészetirodalom,tehénirodalom,művészet,tehén
ironikus,iróniaironikus,gabonaironikus,irónia,gabona
iskola,osztályiskola,generátoriskola,osztály,generátor
ismeretlen,névtelenismeretlen,védelemismeretlen,névtelen,védelem
isteni,istenisteni,nyáriisteni,isten,nyári
izgatott,büszkeizgatott,asztalizgatott,büszke,asztal
izom,idegizom,játékizom,ideg,játék
javasol,ajánljavasol,katolikusjavasol,ajánl,katolikus
javulás,változásjavulás,kanapéjavulás,változás,kanapé
javítás,javítjavítás,rókajavítás,javít,róka
jegyzőkönyv,szabályjegyzőkönyv,kalózjegyzőkönyv,szabály,kalóz
jel,formajel,agyjel,forma,agy
jel.1,frekvenciajel,szolgáltatásjel,frekvencia,szolgáltatás
jelez,pontjelez,trükkjelez,pont,trükk
jelszó,kódjelszó,cápajelszó,kód,cápa
jogi,illegálisjogi,hozzajogi,illegális,hozza
junior,idősebbjunior,tényezőjunior,idősebb,tényező
jutalom,bónuszjutalom,helyettesítjutalom,bónusz,helyettesít
járvány,pestisjárvány,látjárvány,pestis,lát
járőr,őrjárőr,fordulatjárőr,őr,fordulat
"játszma, meccs","játékjátszma, meccs","lejátszma, meccs",játék,le
játék,babajáték,konzervatívjáték,baba,konzervatív
játékos,edzőjátékos,megerősítésjátékos,edző,megerősítés
jólét,kincsjólét,dékánjólét,kincs,dékán
jóváhagyás,engedélyjóváhagyás,keskenyjóváhagyás,engedély,keskeny
jön,megérkezikjön,űrhajósjön,megérkezik,űrhajós
jövedelem,nyereségjövedelem,édesjövedelem,nyereség,édes
júlia,rómeójúlia,szállodajúlia,rómeó,szálloda
július,júniusjúlius,körömjúlius,június,köröm
kacsa,libakacsa,milliókacsa,liba,millió
kalap,sisakkalap,orvosikalap,sisak,orvosi
kalapács,rúdkalapács,influenzakalapács,rúd,influenza
kamion,dzsipkamion,foglalkozáskamion,dzsip,foglalkozás
kapcsolat,kapcsolatba lépnikapcsolat,wckapcsolat,kapcsolatba lépni,wc
kapitalizmus,anarchiakapitalizmus,szakaszkapitalizmus,anarchia,szakasz
kapitány,parancsnokkapitány,torokkapitány,parancsnok,torok
kapu,portálkapu,bandakapu,portál,banda
kar,kézkar,lehetségeskar,kéz,lehetséges
karbantart,megőrzikkarbantart,szenzációskarbantart,megőrzik,szenzációs
karbantartás,szolgáltatáskarbantartás,dobozkarbantartás,szolgáltatás,doboz
kartell,maffiakartell,zongorakartell,maffia,zongora
katonai,civilkatonai,szellemeskatonai,civil,szellemes
kedd,hétfőkedd,szövetkedd,hétfő,szövet
kedves,finomkedves,függőkedves,finom,függő
kegyelem,megbocsátáskegyelem,pontkegyelem,megbocsátás,pont
kegyetlen,brutáliskegyetlen,rekordkegyetlen,brutális,rekord
kegyetlenség,gonoszkegyetlenség,júniuskegyetlenség,gonosz,június
keleti,nyugatkeleti,büntetéskeleti,nyugat,büntetés
kellemes,kényelmeskellemes,jelöltkellemes,kényelmes,jelölt
kellemetlen,kényelmetlenkellemetlen,megérkezikkellemetlen,kényelmetlen,megérkezik
kemping,piknikkemping,többségkemping,piknik,többség
kemény,rágóskemény,teremtkemény,rágós,teremt
kereskedő,kereskedelmikereskedő,egyensúlykereskedő,kereskedelmi,egyensúly
keresztény,katolikuskeresztény,előrehaladkeresztény,katolikus,előrehalad
kerítés,falkerítés,olvadkerítés,fal,olvad
kerület,megyekerület,öldöklőkerület,megye,öldöklő
kerület.1,sugárkerület,optimistakerület,sugár,optimista
keverék,kombinációkeverék,novemberkeverék,kombináció,november
kezelés,terápiakezelés,akadálykezelés,terápia,akadály
kicsi,kiskicsi,fáziskicsi,kis,fázis
kifejez,leírkifejez,ártatlankifejez,leír,ártatlan
kifejezés,szótárkifejezés,pornókifejezés,szótár,pornó
kihívás,akadálykihívás,internetkihívás,akadály,internet
kikötő,öbölkikötő,őrültségkikötő,öböl,őrültség
király,királynőkirály,dohánykirály,királynő,dohány
királyság,királyikirályság,navigációkirályság,királyi,navigáció
kiszámítja,számolkiszámítja,édesemkiszámítja,számol,édesem
kiválaszt,választkiválaszt,táviratkiválaszt,választ,távirat
kiállítás,galériakiállítás,hasmenéskiállítás,galéria,hasmenés
klasszikus,tipikusklasszikus,klubklasszikus,tipikus,klub
klinika,kórházklinika,rozsdásklinika,kórház,rozsdás
kolostor,árvaházkolostor,feleletkolostor,árvaház,felelet
kolostor.1,templomkolostor,karcoláskolostor,templom,karcolás
kommunikáció,navigációkommunikáció,alázatoskommunikáció,navigáció,alázatos
kommunista,rasszistakommunista,elülsőkommunista,rasszista,elülső
kompletten,teljesenkompletten,jókompletten,teljesen,jó
komédia,drámakomédia,tárgykomédia,dráma,tárgy
koncert,túrakoncert,asztalkoncert,túra,asztal
konyak,rumkonyak,kampánykonyak,rum,kampány
koponya,csontkoponya,választkoponya,csont,választ
korai,későkorai,képernyőkorai,késő,képernyő
kormány,adminisztrációkormány,lassúkormány,adminisztráció,lassú
korty,cseppkorty,naivkorty,csepp,naiv
kreativitás,képzeletkreativitás,tűkreativitás,képzelet,tű
kudarc,sikerkudarc,festékkudarc,siker,festék
kápolna,templomkápolna,szörnyetegkápolna,templom,szörnyeteg
kávé,csészekávé,erőkávé,csésze,erő
kék,barnakék,meghallgatáskék,barna,meghallgatás
kényszerítés,erőkényszerítés,egészségkényszerítés,erő,egészség
képesség,kapacitásképesség,aktatáskaképesség,kapacitás,aktatáska
képtelen,képtelenségképtelen,bizalomképtelen,képtelenség,bizalom
kérdez,kérdéskérdez,szerződéskérdez,kérdés,szerződés
kérés,igénykérés,kémiakérés,igény,kémia
kés,kardkés,koncepciókés,kard,koncepció
készít,készkészít,valószínűségkészít,kész,valószínűség
kígyó,féregkígyó,maratonkígyó,féreg,maraton
kínzás,kínkínzás,egykínzás,kín,egy
kísérő,kíséretkísérő,sírkísérő,kíséret,sír
kívánság,vágykívánság,területkívánság,vágy,terület
köd,felhőköd,sorozatköd,felhő,sorozat
könnyen,lehetetlenkönnyen,mozikönnyen,lehetetlen,mozi
könyv,bibliakönyv,mókuskönyv,biblia,mókus
körül,kerekkörül,gesztuskörül,kerek,gesztus
köszönet,hálásköszönet,napnyugtaköszönet,hálás,napnyugta
kötelesség,felelősségkötelesség,lövészkötelesség,felelősség,lövész
kötél,lánckötél,barnakötél,lánc,barna
közigazgatási,irányításközigazgatási,puskaközigazgatási,irányítás,puska
központ,bázisközpont,garanciaközpont,bázis,garancia
közvetlenül,közvetlenközvetlenül,izgalmasközvetlenül,közvetlen,izgalmas
közönség,tömegközönség,figyelemközönség,tömeg,figyelem
közösség,társadalomközösség,megpróbálközösség,társadalom,megpróbál
küld,hozzaküld,éjfélküld,hozza,éjfél
küldetés,feladatküldetés,számolküldetés,feladat,számol
külső,belsőkülső,híváskülső,belső,hívás
különböző,hasonlókülönböző,készkülönböző,hasonló,kész
kő,sziklakő,katonakő,szikla,katona
lakás,házlakás,folyékonylakás,ház,folyékony
legenda,mítoszlegenda,visszaszerezlegenda,mítosz,visszaszerez
lehetőség,véletlenlehetőség,limonádélehetőség,véletlen,limonádé
lenyűgöz,hízeleglenyűgöz,gerinc-lenyűgöz,hízeleg,gerinc-
letartóztatás,büntetletartóztatás,sohaletartóztatás,büntet,soha
levél,táviratlevél,szomorúlevél,távirat,szomorú
leírás,profilleírás,országleírás,profil,ország
liberális,konzervatívliberális,férjliberális,konzervatív,férj
limuzin,taxilimuzin,kincslimuzin,taxi,kincs
ling,mingling,italling,ming,ital
liszt,gabonaliszt,csendesliszt,gabona,csendes
lovagol,hajtáslovagol,tapasztalatlovagol,hajtás,tapasztalat
lyuk,réslyuk,diplomalyuk,rés,diploma
láng,tűzláng,sertéshúsláng,tűz,sertéshús
lányok,fiúklányok,megvesztegetlányok,fiúk,megveszteget
látomás,kinyilatkoztatáslátomás,etetlátomás,kinyilatkoztatás,etet
látványos,szenzációslátványos,olvasáslátványos,szenzációs,olvasás
láz,köhögésláz,jutalékláz,köhögés,jutalék
légkör,környezetlégkör,értékeslégkör,környezet,értékes
ló,szamárló,eljegyzésló,szamár,eljegyzés
lövedék,rakétalövedék,képtelenséglövedék,rakéta,képtelenség
lő,lövéslő,kódlő,lövés,kód
macska,kutyamacska,feszültségmacska,kutya,feszültség
madár,pillangómadár,parancsmadár,pillangó,parancs
magas,alacsonymagas,megtagadjamagas,alacsony,megtagadja
magasság,súlymagasság,aggódómagasság,súly,aggódó
magazin,selyemfiúmagazin,veszélytelenmagazin,selyemfiú,veszélytelen
magányos,egyedülmagányos,nemzetközimagányos,egyedül,nemzetközi
magánélet,magánmagánélet,lordmagánélet,magán,lord
magától értetődően,tisztánmagától értetődően,őrmestermagától értetődően,tisztán,őrmester
majonéz,ketchupmajonéz,folytassamajonéz,ketchup,folytassa
malac,tehénmalac,szeptembermalac,tehén,szeptember
mama,apumama,szertartásmama,apu,szertartás
manipulál,ellenőrzésmanipulál,falmanipulál,ellenőrzés,fal
marad,támaszmarad,jövőmarad,támasz,jövő
marketing,hirdetőmarketing,kapcsolatba lépnimarketing,hirdető,kapcsolatba lépni
masszázs,jógamasszázs,rövidmasszázs,jóga,rövid
matematika,fizikamatematika,sarokmatematika,fizika,sarok
maximális,minimálismaximális,tábornokmaximális,minimális,tábornok
mechanikai,műszakimechanikai,strandmechanikai,műszaki,strand
medál,műalkotásmedál,tipikusmedál,műalkotás,tipikus
megegyezés,szerződésmegegyezés,növénymegegyezés,szerződés,növény
megerősít,megerősítésmegerősít,nyugdíjmegerősít,megerősítés,nyugdíj
meghal,szenvednimeghal,jelenségmeghal,szenvedni,jelenség
meghatározás,bátorságmeghatározás,diákmeghatározás,bátorság,diák
meghatározás.1,koncepciómeghatározás,ezredmeghatározás,koncepció,ezred
meghitt,személyesmeghitt,kilómeghitt,személyes,kiló
megijeszt,rémületmegijeszt,inváziómegijeszt,rémület,invázió
megkísérel,megpróbálmegkísérel,filmelőzetesmegkísérel,megpróbál,filmelőzetes
megment,mentésmegment,frissmegment,mentés,friss
megmentő,hősmegmentő,elégmegmentő,hős,elég
megsemmisítés,teremtésmegsemmisítés,dicsőmegsemmisítés,teremtés,dicső
megsérti,sértésmegsérti,készpénzmegsérti,sértés,készpénz
megtalálja,keresésmegtalálja,háborúmegtalálja,keresés,háború
megtilt,tiltottmegtilt,fókuszmegtilt,tiltott,fókusz
megvizsgál,megvizsgálnimegvizsgál,büszkeségmegvizsgál,megvizsgálni,büszkeség
megvéd,védelemmegvéd,teremtésmegvéd,védelem,teremtés
megy,belépmegy,bankimegy,belép,banki
megzavar,megszakítmegzavar,hurrikánmegzavar,megszakít,hurrikán
megállít,megelőzmegállít,cellamegállít,megelőz,cella
megért,rájönmegért,tűzmegért,rájön,tűz
megöl,méregmegöl,szokatlanmegöl,méreg,szokatlan
meleg,leszbikusmeleg,technológiameleg,leszbikus,technológia
mellkas,gyomormellkas,kezelmellkas,gyomor,kezel
menedék,óvóhelymenedék,szénmenedék,óvóhely,szén
menetrend,naptármenetrend,délimenetrend,naptár,déli
mennydörgés,villámmennydörgés,szómennydörgés,villám,szó
mennyei,égmennyei,ingatlanmennyei,ég,ingatlan
mennyiség,összegmennyiség,karriermennyiség,összeg,karrier
mentség,megbocsátmentség,hajtásmentség,megbocsát,hajtás
menyasszony,vőlegénymenyasszony,délimenyasszony,vőlegény,déli
messze,közelmessze,rummessze,közel,rum
mesterlövész,lövészmesterlövész,pénzügyilegmesterlövész,lövész,pénzügyileg
mesterséges,természetesmesterséges,titkármesterséges,természetes,titkár
mikrofon,kameramikrofon,alábecsülmikrofon,kamera,alábecsül
mikroszkóp,távcsőmikroszkóp,csinosmikroszkóp,távcső,csinos
milliárd,milliómilliárd,természetesenmilliárd,millió,természetesen
miniszter,nagykövetminiszter,visszaminiszter,nagykövet,vissza
minisztérium,nagykövetségminisztérium,sugárútminisztérium,nagykövetség,sugárút
minőség,mennyiségminőség,terápiaminőség,mennyiség,terápia
mocskos,csúnyamocskos,állapotmocskos,csúnya,állapot
mond,beszélmond,dinasztiamond,beszél,dinasztia
mondat,szómondat,vőlegénymondat,szó,vőlegény
monitor,képernyőmonitor,fiúkmonitor,képernyő,fiúk
morfin,aszpirinmorfin,helymorfin,aszpirin,hely
mosogató,wcmosogató,ufómosogató,wc,ufó
mostanában,éppenmostanában,zombimostanában,éppen,zombi
mosás,tisztamosás,ébermosás,tiszta,éber
mosómedve,mókusmosómedve,hold-mosómedve,mókus,hold-
motel,szállodamotel,jogászmotel,szálloda,jogász
motor,tartálymotor,szenvedőmotor,tartály,szenvedő
munka,foglalkozásmunka,koronamunka,foglalkozás,korona
munkás,gazdamunkás,megszüntetmunkás,gazda,megszüntet
mutáció,evolúciómutáció,gondmutáció,evolúció,gond
máj,vesemáj,ellenségmáj,vese,ellenség
másolat,eredetimásolat,nemzetimásolat,eredeti,nemzeti
még mindig,mármég mindig,születésmég mindig,már,születés
méltányol,csodálméltányol,felhőméltányol,csodál,felhő
méltó,megérdemelméltó,tejméltó,megérdemel,tej
méltóság,büszkeségméltóság,zöldméltóság,büszkeség,zöld
mérges,irigymérges,töredékmérges,irigy,töredék
mérkőzés,bajnokságmérkőzés,tehetetlenmérkőzés,bajnokság,tehetetlen
méter,kilométerméter,albumméter,kilométer,album
mínusz,pluszmínusz,tetoválásmínusz,plusz,tetoválás
múlt,jövőmúlt,zsenimúlt,jövő,zseni
múzeum,könyvtármúzeum,javítmúzeum,könyvtár,javít
műanyag,cementműanyag,ízműanyag,cement,íz
műhold,radarműhold,szopásműhold,radar,szopás
nagy,kiválónagy,marsnagy,kiváló,mars
nagylelkű,könyörületesnagylelkű,szemüvegnagylelkű,könyörületes,szemüveg
nagymama,nagyapanagymama,sziklanagymama,nagyapa,szikla
nagyon,rendkívülinagyon,nyomnagyon,rendkívüli,nyom
nap,holdnap,bájnap,hold,báj
nap-,hold-nap-,betöltésnap-,hold-,betöltés
narancssárga,zöldnarancssárga,megelőznarancssárga,zöld,megelőz
nedves,száraznedves,kockázatnedves,száraz,kockázat
negatív,pozitívnegatív,semminegatív,pozitív,semmi
negyed,félnegyed,megfelelőnegyed,fél,megfelelő
negyedik,harmadiknegyedik,változásnegyedik,harmadik,változás
nehezen,nehéznehezen,libanehezen,nehéz,liba
nemzet,országnemzet,nagyapanemzet,ország,nagyapa
nevetés,mosolynevetés,császárinevetés,mosoly,császári
normál,egészségesnormál,szemétnormál,egészséges,szemét
nukleáris,atomnukleáris,lojálisnukleáris,atom,lojális
nyak,toroknyak,belépnyak,torok,belép
nyakkendő,kötődiknyakkendő,rabszolganyakkendő,kötődik,rabszolga
nyaklánc,gyűrűnyaklánc,megyenyaklánc,gyűrű,megye
nyalás,szopásnyalás,leírnyalás,szopás,leír
nyilatkozat,megjegyzésnyilatkozat,tengeralattjárónyilatkozat,megjegyzés,tengeralattjáró
nyomja meg,gombnyomja meg,távolságnyomja meg,gomb,távolság
nyomozó,elemzőnyomozó,irányelvnyomozó,elemző,irányelv
nyomozó.1,ügynöknyomozó,szó szerintnyomozó,ügynök,szó szerint
nyomás,impulzusnyomás,szűkítésnyomás,impulzus,szűkítés
nyugati,délinyugati,ügynöknyugati,déli,ügynök
nyugodt,csendesnyugodt,súlynyugodt,csendes,súly
nyúl,rókanyúl,rádiónyúl,róka,rádió
négy,kétnégy,bajnoknégy,két,bajnok
néz,tekintnéz,nagybácsinéz,tekint,nagybácsi
nő,özvegynő,felsőnő,özvegy,felső
női,férfinői,széttörnői,férfi,széttör
odaadás,hűségodaadás,tolvajodaadás,hűség,tolvaj
ok,tekintok,árvaházok,tekint,árvaház
oktatás,egészségoktatás,számoktatás,egészség,szám
október,szeptemberoktóber,ellenméregoktóber,szeptember,ellenméreg
olaj,szénolaj,kapcsolatolaj,szén,kapcsolat
olcsó,drágaolcsó,joghatóságolcsó,drága,joghatóság
orgyilkos,zsoldosorgyilkos,zászlóorgyilkos,zsoldos,zászló
oroszlán,sárkányoroszlán,igényoroszlán,sárkány,igény
orr,szájorr,vadállatorr,száj,vadállat
országút,útországút,összegországút,út,összeg
orvos,sebészorvos,csiporvos,sebész,csip
osztály,egységosztály,szerzetesosztály,egység,szerzetes
ott,ittott,szabadonott,itt,szabadon
oxigén,levegőoxigén,afrikaoxigén,levegő,afrika
pamut-,selyempamut-,bosszúpamut-,selyem,bosszú
pap,szerzetespap,vékonypap,szerzetes,vékony
paradicsom,burgonyaparadicsom,rodeóparadicsom,burgonya,rodeó
paranormális,természetfölöttiparanormális,anyaparanormális,természetfölötti,anya
parfüm,ajakrúzsparfüm,rémálomparfüm,ajakrúzs,rémálom
patkány,egérpatkány,magánpatkány,egér,magán
perc,másodikperc,jótékonyságperc,második,jótékonyság
perspektíva,kilátásperspektíva,levélperspektíva,kilátás,levél
pezsgő,borpezsgő,közelpezsgő,bor,közel
pilóta,űrhajóspilóta,caesarpilóta,űrhajós,caesar
pincérnő,pincérpincérnő,totálispincérnő,pincér,totális
pisztoly,puskapisztoly,ellenőrpisztoly,puska,ellenőr
pokol,paradicsompokol,lehetővé teszipokol,paradicsom,lehetővé teszi
polgármester,seriffpolgármester,megőrzikpolgármester,seriff,megőrzik
politika,újságíráspolitika,kíséretpolitika,újságírás,kíséret
politikai,kritikaipolitikai,különlegespolitikai,kritikai,különleges
politikus,irányelvpolitikus,minimálispolitikus,irányelv,minimális
por,hamupor,folyópor,hamu,folyó
poros,rozsdásporos,alsóporos,rozsdás,alsó
pozíció,állapotpozíció,egyetlenpozíció,állapot,egyetlen
probléma,bajprobléma,halálprobléma,baj,halál
program,projektprogram,rendezniprogram,projekt,rendezni
prototípus,modellprototípus,falatozásprototípus,modell,falatozás
próba,meghallgatáspróba,ajakrúzspróba,meghallgatás,ajakrúzs
pszichológia,anatómiapszichológia,réspszichológia,anatómia,rés
pszichológiai,orvosipszichológiai,várjonpszichológiai,orvosi,várjon
pucér,meztelenpucér,almapucér,meztelen,alma
pulyka,csirkepulyka,gyógyszerpulyka,csirke,gyógyszer
pálya,bolygópálya,aszpirinpálya,bolygó,aszpirin
pálya.1,útvonalpálya,lasagnapálya,útvonal,lasagna
páncél,pajzspáncél,brutálispáncél,pajzs,brutális
pénz,készpénzpénz,frekvenciapénz,készpénz,frekvencia
pénztárca,szütyőpénztárca,varázslatpénztárca,szütyő,varázslat
pénzügyi,bankipénzügyi,testpénzügyi,banki,test
póker,szerencsejátékpóker,gyomorpóker,szerencsejáték,gyomor
rab,túszrab,pletykarab,túsz,pletyka
rablás,lopásrablás,nagykövetrablás,lopás,nagykövet
rabol,loprabol,teljesenrabol,lop,teljesen
ragadozó,zsákmányragadozó,ritmusragadozó,zsákmány,ritmus
rajzol,festékrajzol,könyörületesrajzol,festék,könyörületes
reaktor,generátorreaktor,magaslatreaktor,generátor,magaslat
reggel,holnapreggel,gyárreggel,holnap,gyár
reggeli,vacsorareggeli,gonoszreggeli,vacsora,gonosz
rejtély,titokrejtély,láncrejtély,titok,lánc
rendelés,parancsrendelés,mágnesesrendelés,parancs,mágneses
rendező,producerrendező,pirosrendező,producer,piros
rendszer,hálózatrendszer,fogrendszer,hálózat,fog
repül,földrepül,impulzusrepül,föld,impulzus
repülési,leszállásrepülési,támaszrepülési,leszállás,támasz
repülőtér,terminálrepülőtér,kollégarepülőtér,terminál,kolléga
reális,optimistareális,beismernireális,optimista,beismerni
riasztás,éberriasztás,betegriasztás,éber,beteg
ritkán,esetenkéntritkán,vénaritkán,esetenként,véna
robbanás,földrengésrobbanás,hamisítványrobbanás,földrengés,hamisítvány
robbanó,bombarobbanó,ideálrobbanó,bomba,ideál
romantikus,drámairomantikus,márkaromantikus,drámai,márka
rossz,jórossz,összeesküvésrossz,jó,összeesküvés
rovar,pókrovar,kenyérrovar,pók,kenyér
ruha,szoknyaruha,elhagyruha,szoknya,elhagy
rágás,nyelrágás,kreditrágás,nyel,kredit
rák,tumorrák,névtelenrák,tumor,névtelen
részecske,anyagrészecske,úrnőrészecske,anyag,úrnő
részeg,józanrészeg,eszközrészeg,józan,eszköz
róma,caesarróma,sisakróma,caesar,sisak
rúd,klubrúd,szellemirúd,klub,szellemi
sajt,kenyérsajt,tévedéssajt,kenyér,tévedés
saláta,levessaláta,ligasaláta,leves,liga
sapka,szemüvegsapka,nyereségsapka,szemüveg,nyereség
sebesség,távolságsebesség,készítsebesség,távolság,készít
sebhely,tetoválássebhely,kombinációsebhely,tetoválás,kombináció
sebészet,operálsebészet,jelentéssebészet,operál,jelentés
segít,segítségsegít,szivattyúsegít,segítség,szivattyú
segítség,támogatássegítség,éppensegítség,támogatás,éppen
sikerül,kezelsikerül,gyűlölsikerül,kezel,gyűlöl
sikátor,saroksikátor,növekedéssikátor,sarok,növekedés
sofőr,utassofőr,sivatagsofőr,utas,sivatag
sors,végzetsors,állatkertsors,végzet,állatkert
spagetti,lasagnaspagetti,jelenlétspagetti,lasagna,jelenlét
sport,hobbisport,önkéntessport,hobbi,önkéntes
stratégia,tervstratégia,kocsmastratégia,terv,kocsma
stílus,ritmusstílus,földstílus,ritmus,föld
sugárzás,szennyeződéssugárzás,osztálysugárzás,szennyeződés,osztály
szabotázs,kémkedésszabotázs,szundiszabotázs,kémkedés,szundi
szag,ízszag,meztelenszag,íz,meztelen
szakember,szakértőszakember,fővárosszakember,szakértő,főváros
szakmai,amatőrszakmai,harmadikszakmai,amatőr,harmadik
szakáll,hajszakáll,megérdemelszakáll,haj,megérdemel
szalonna,pirítósszalonna,végzetszalonna,pirítós,végzet
szamuráj,nindzsaszamuráj,tömegszamuráj,nindzsa,tömeg
szavazás,többségszavazás,bokorszavazás,többség,bokor
szavazó,jelöltszavazó,mérnökszavazó,jelölt,mérnök
szellem,lélekszellem,cikkszellem,lélek,cikk
szellőzés,szelepszellőzés,hivatalosanszellőzés,szelep,hivatalosan
személyiség,karakterszemélyiség,vakszemélyiség,karakter,vak
szentbeszéd,beszédszentbeszéd,irigyszentbeszéd,beszéd,irigy
szenvedély,lelkesedésszenvedély,pincérszenvedély,lelkesedés,pincér
szenvedés,szegénységszenvedés,könyvtárszenvedés,szegénység,könyvtár
szenátor,kormányzószenátor,bajszenátor,kormányzó,baj
szenátus,parlamentszenátus,hangszenátus,parlament,hang
szerelem,gyűlölszerelem,kolóniaszerelem,gyűlöl,kolónia
szerető,úrnőszerető,hirdetőszerető,úrnő,hirdető
szerkezet,piramisszerkezet,csúnyaszerkezet,piramis,csúnya
szervez,rendezniszervez,szelepszervez,rendezni,szelep
szerény,alázatosszerény,koporsószerény,alázatos,koporsó
szimbólum,zászlószimbólum,éjszakaszimbólum,zászló,éjszaka
szindróma,tünetszindróma,csodálatosszindróma,tünet,csodálatos
szivar,füstszivar,mozogszivar,füst,mozog
szobalány,dajkaszobalány,paranoidszobalány,dajka,paranoid
szobor,emlékműszobor,nyitásszobor,emlékmű,nyitás
szokásos,rendesszokásos,kötődikszokásos,rendes,kötődik
szolgáló,rabszolgaszolgáló,kilátásszolgáló,rabszolga,kilátás
szomjúság,éhségszomjúság,személyesszomjúság,éhség,személyes
szonda,kapszulaszonda,bátorságszonda,kapszula,bátorság
szállítmány,betöltésszállítmány,csontszállítmány,betöltés,csont
szállítás,mozogszállítás,örökszállítás,mozog,örök
számítógép,szoftverszámítógép,mindigszámítógép,szoftver,mindig
szánalmas,nyomorultszánalmas,szerzőszánalmas,nyomorult,szerző
szándék,céljaszándék,pókszándék,célja,pók
szándékosan,véletlenülszándékosan,hídszándékosan,véletlenül,híd
száz,ezerszáz,lopszáz,ezer,lop
szék,asztalszék,társadalomszék,asztal,társadalom
széles,keskenyszéles,józanszéles,keskeny,józan
szép,csinosszép,hadműveletiszép,csinos,hadműveleti
szépség,bájszépség,szövetségiszépség,báj,szövetségi
színház,moziszínház,szamárszínház,mozi,szamár
színész,szerzőszínész,tisztánszínész,szerző,tisztán
szóda,limonádészóda,királynőszóda,limonádé,királynő
szósz,krémszósz,esküszikszósz,krém,esküszik
szökevény,menekültszökevény,puskaporszökevény,menekült,puskapor
szökés,menekülniszökés,udvariasszökés,menekülni,udvarias
szörnyű,rettenetesszörnyű,őrszörnyű,rettenetes,őr
szövet,bőrszövet,nobelszövet,bőr,nobel
szövetség,kolóniaszövetség,esőszövetség,kolónia,eső
szükség,szükségesszükség,vendégszeretetszükség,szükséges,vendégszeretet
születésnap,évfordulószületésnap,vétekszületésnap,évforduló,vétek
szülő,felnőttszülő,nagyszülő,felnőtt,nagy
szőnyeg,padlószőnyeg,tengeriszőnyeg,padló,tengeri
sárga,pirossárga,karaktersárga,piros,karakter
séf,szakácsséf,szoknyaséf,szakács,szoknya
sérülés,sebsérülés,dzsungelsérülés,seb,dzsungel
séta,fussséta,csatornaséta,fuss,csatorna
séta.1,szundiséta,fizikaséta,szundi,fizika
síp,kürtsíp,világegyetemsíp,kürt,világegyetem
sör,italsör,pozitívsör,ital,pozitív
sötét,árnyéksötét,gombsötét,árnyék,gomb
süket,vaksüket,szabadságsüket,vak,szabadság
sűrítmény,fókuszsűrítmény,elsősűrítmény,fókusz,első
tabletta,gyógyszertabletta,megbocsátástabletta,gyógyszer,megbocsátás
találkozik,láttalálkozik,rúdtalálkozik,lát,rúd
találkozó,konferenciatalálkozó,megvesztalálkozó,konferencia,megvesz
tantárgy,tárgytantárgy,férfitantárgy,tárgy,férfi
tanulmány,kutatástanulmány,püspöktanulmány,kutatás,püspök
tanácsol,tanácstanácsol,csirketanácsol,tanács,csirke
tanár,diáktanár,csepptanár,diák,csepp
tanít,tanultanít,arénatanít,tanul,aréna
tanújel,bizonyítéktanújel,feladattanújel,bizonyíték,feladat
tart,fogtart,adminisztrációtart,fog,adminisztráció
tartalom,tartalmaztartalom,rómeótartalom,tartalmaz,rómeó
technika,módszertechnika,kancellártechnika,módszer,kancellár
tedd,betéttedd,művészettedd,betét,művészet
tegnap,mategnap,nyeltegnap,ma,nyel
tegye,készíttegye,lemondástegye,készít,lemondás
tehetség,lehetségestehetség,utolsótehetség,lehetséges,utolsó
teknősbéka,csigateknősbéka,folyamatteknősbéka,csiga,folyamat
telefon,hívástelefon,csodáltelefon,hívás,csodál
televízió,rádiótelevízió,legénységtelevízió,rádió,legénység
teljes,totálisteljes,beszédteljes,totális,beszéd
teljes.1,üresteljes,hamuteljes,üres,hamu
teljesítmény,előadásteljesítmény,rasszistateljesítmény,előadás,rasszista
temetés,koporsótemetés,mérettemetés,koporsó,méret
temető,sírtemető,alkalmaztemető,sír,alkalmaz
tengerpart,strandtengerpart,dzsezztengerpart,strand,dzsezz
tengerész,kalóztengerész,előadástengerész,kalóz,előadás
tenisz,golftenisz,ürestenisz,golf,üres
teremtmény,szörnyetegteremtmény,túrateremtmény,szörnyeteg,túra
terhesség,születésterhesség,iránytűterhesség,születés,iránytű
termelés,gyártermelés,kívültermelés,gyár,kívül
termék,márkatermék,szombattermék,márka,szombat
tervezés,készítménytervezés,serifftervezés,készítmény,seriff
teszt,kísérletteszt,holnapteszt,kísérlet,holnap
tesó,havertesó,káosztesó,haver,káosz
tevékenység,aktívtevékenység,rétegtevékenység,aktív,réteg
tisztességtelen,igazságtalanságtisztességtelen,pajzstisztességtelen,igazságtalanság,pajzs
tizenéves,serdülőkorútizenéves,vértizenéves,serdülőkorú,vér
tojás,fészektojás,maffiatojás,fészek,maffia
toll,papírtoll,recepciótoll,papír,recepció
tornádó,hurrikántornádó,fehértornádó,hurrikán,fehér
torta,desszerttorta,regionálistorta,desszert,regionális
további,extratovábbi,illúziótovábbi,extra,illúzió
tragikus,szomorútragikus,cementtragikus,szomorú,cement
tréfa,trükktréfa,kéztréfa,trükk,kéz
trón,koronatrón,megfigyeléstrón,korona,megfigyelés
tud,mosttud,kinyilatkoztatástud,most,kinyilatkoztatás
tudomány,technológiatudomány,úttudomány,technológia,út
tudta,elismeriktudta,jelvénytudta,elismerik,jelvény
tudás,tapasztalattudás,autogramtudás,tapasztalat,autogram
tudós,zsenitudós,éhségtudós,zseni,éhség
tulajdonos,ingatlantulajdonos,desszerttulajdonos,ingatlan,desszert
tájékoztat,jelentéstájékoztat,ijedőstájékoztat,jelentés,ijedős
támadás,inváziótámadás,csigatámadás,invázió,csiga
támadó,áldozattámadó,konferenciatámadó,áldozat,konferencia
tánc,táncostánc,hormontánc,táncos,hormon
tányér,táltányér,moderntányér,tál,modern
táska,doboztáska,szükségestáska,doboz,szükséges
téli,nyáritéli,céljatéli,nyári,célja
térd,válltérd,mingtérd,váll,ming
térkép,iránytűtérkép,becsületestérkép,iránytű,becsületes
tó,folyótó,csekkoltó,folyó,csekkol
tökéletes,ideáltökéletes,ezertökéletes,ideál,ezer
tömlő,szivattyútömlő,cégtömlő,szivattyú,cég
történik,előfordultörténik,szexuálistörténik,előfordul,szexuális
törvény,gesztustörvény,inspiráltörvény,gesztus,inspirál
törülköző,takarótörülköző,haditengerészetitörülköző,takaró,haditengerészeti
túloz,alábecsültúloz,serdülőkorútúloz,alábecsül,serdülőkorú
túlél,élőtúlél,tiltakozástúlél,élő,tiltakozás
tükör,visszaverődéstükör,népességtükör,visszaverődés,népesség
tüzérségi,lovasságtüzérségi,zárttüzérségi,lovasság,zárt
tűzhely,sütőtűzhely,következménytűzhely,sütő,következmény
ugrás,mászikugrás,kulcsugrás,mászik,kulcs
ujjlenyomat,dnsujjlenyomat,ízletesujjlenyomat,dns,ízletes
undorító,piszkosundorító,földrengésundorító,piszkos,földrengés
unokatestvér,rokonunokatestvér,evolúcióunokatestvér,rokon,evolúció
unokaöcs,unokájaunokaöcs,civilunokaöcs,unokája,civil
utca,sugárútutca,operálutca,sugárút,operál
utolsó,elsőutolsó,robbanásutolsó,első,robbanás
vaj,édesemvaj,keresésvaj,édesem,keresés
vakcina,ellenméregvakcina,nehézvakcina,ellenméreg,nehéz
valaha,sohavalaha,cukorvalaha,soha,cukor
valahol,másholvalahol,lopásvalahol,máshol,lopás
valami,semmivalami,hazugságvalami,semmi,hazugság
valamiről,kivalamiről,hiábavalóvalamiről,ki,hiábavaló
vallás,filozófiavallás,szörnyűvallás,filozófia,szörnyű
valószínű,magyarázatvalószínű,ingvalószínű,magyarázat,ing
valószínűleg,talánvalószínűleg,irányításvalószínűleg,talán,irányítás
valószínűleg.1,valószínűségvalószínűleg,tekintvalószínűleg,valószínűség,tekint
vanília,fahéjvanília,vállvanília,fahéj,váll
varázsló,varázslatvarázsló,megfulladvarázsló,varázslat,megfullad
vastag,vékonyvastag,drámavastag,vékony,dráma
vasárnap,szombatvasárnap,bónuszvasárnap,szombat,bónusz
vereség,győzelemvereség,templomvereség,győzelem,templom
vers,szövegvers,engedélyezzevers,szöveg,engedélyezze
verseny,maratonverseny,büntetverseny,maraton,büntet
veszély,kockázatveszély,papírveszély,kockázat,papír
veszélyes,kockázatosveszélyes,válásveszélyes,kockázatos,válás
vevő,eladóvevő,havervevő,eladó,haver
vezetéknév,becenévvezetéknév,ésszerűtlenvezetéknév,becenév,ésszerűtlen
vezető,tagvezető,rettenetesvezető,tag,rettenetes
vicces,szellemesvicces,égvicces,szellemes,ég
videó-,dvdvideó-,palotavideó-,dvd,palota
vihar,szélvihar,kiváltságvihar,szél,kiváltság
villa,kanálvilla,tavaszivilla,kanál,tavaszi
világ,nemzetközivilág,tanulvilág,nemzetközi,tanul
virág,növényvirág,másodlagosvirág,növény,másodlagos
visszatérés,visszavisszatérés,véletlenülvisszatérés,vissza,véletlenül
viszlát,hellóviszlát,veseviszlát,helló,vese
vita,beszélgetésvita,nyomorultvita,beszélgetés,nyomorult
vita.1,konfliktusvita,óvóhelyvita,konfliktus,óvóhely
vitamin,fehérjevitamin,mitvitamin,fehérje,mit
vitorla,horgonyvitorla,támogatásvitorla,horgony,támogatás
vizelet,vérvizelet,kockázatosvizelet,vér,kockázatos
vodka,whiskyvodka,személyvodka,whisky,személy
vonz,figyelemvonz,küzdelemvonz,figyelem,küzdelem
vád,filmelőzetesvád,borvád,filmelőzetes,bor
vád.1,panaszvád,özvegyvád,panasz,özvegy
vágott,tépettvágott,távcsővágott,tépett,távcső
válasz,feleletválasz,szemválasz,felelet,szem
választás,kampányválasztás,márválasztás,kampány,már
választási lehetőség,választásválasztási lehetőség,elindítválasztási lehetőség,választás,elindít
vállalat,cégvállalat,hővállalat,cég,hő
vállalkozó,milliomosvállalkozó,tudatlanságvállalkozó,milliomos,tudatlanság
válság,helyzetválság,érzékelőválság,helyzet,érzékelő
váltságdíj,emberrablóváltságdíj,mérföldváltságdíj,emberrabló,mérföld
vámpír,zombivámpír,beszélgetésvámpír,zombi,beszélgetés
vár,palotavár,anatómiavár,palota,anatómia
váratlanul,hirtelenváratlanul,fájlváratlanul,hirtelen,fájl
város,fővárosváros,panaszváros,főváros,panasz
végrehajtás,függővégrehajtás,kürtvégrehajtás,függő,kürt
végső,utolsóvégső,tagvégső,utolsó,tag
végül is,végülvégül is,elismerikvégül is,végül,elismerik
vénusz,marsvénusz,műszakivénusz,mars,műszaki
vészhelyzet,sürgősvészhelyzet,modellvészhelyzet,sürgős,modell
völgy,sivatagvölgy,kapszulavölgy,sivatag,kapszula
watson,sherlockwatson,anyagwatson,sherlock,anyag
webes,internetwebes,klánwebes,internet,klán
zavar,káoszzavar,mennyiségzavar,káosz,mennyiség
zene,dzsezzzene,borítékzene,dzsezz,boríték
zenekar,orkesztrazenekar,kiválózenekar,orkesztra,kiváló
zenész,énekeszenész,esikzenész,énekes,esik
zsarolás,megvesztegetzsarolás,gazdazsarolás,megveszteget,gazda
zsebkendő,szövetzsebkendő,nindzsazsebkendő,szövet,nindzsa
zár,kulcszár,elemzőzár,kulcs,elemző
zárva,zártzárva,fokhagymazárva,zárt,fokhagyma
zászlóalj,ezredzászlóalj,fahéjzászlóalj,ezred,fahéj
zóna,területzóna,selyemfiúzóna,terület,selyemfiú
zúzódás,karcolászúzódás,megszakítzúzódás,karcolás,megszakít
ágy,kanapéágy,újságíráságy,kanapé,újságírás
állam,szövetségiállam,lassanállam,szövetségi,lassan
állandóan,mindigállandóan,iróniaállandóan,mindig,irónia
állat,vadállatállat,gratulálállat,vadállat,gratulál
állomás,felületállomás,sikerállomás,felület,siker
álom,rémálomálom,normálisanálom,rémálom,normálisan
általában,normálisanáltalában,robotáltalában,normálisan,robot
általában.1,természetesenáltalában,széláltalában,természetesen,szél
ár,értékár,királyiár,érték,királyi
áruló,kémáruló,öngyilkosságáruló,kém,öngyilkosság
éhes,fáradtéhes,szoftveréhes,fáradt,szoftver
ékszer,gyémántékszer,közvetlenékszer,gyémánt,közvetlen
épít,építkezésépít,kameraépít,építkezés,kamera
építészmérnök,mérnöképítészmérnök,törékenyépítészmérnök,mérnök,törékeny
épület,toronyépület,melegépület,torony,meleg
érdekes,izgalmasérdekes,cégérdekes,izgalmas,cég
érem,trófeaérem,útvonalérem,trófea,útvonal
érettségizni,diplomaérettségizni,arzenálérettségizni,diploma,arzenál
értékelés,megfigyelésértékelés,méregértékelés,megfigyelés,méreg
értéktelen,hiábavalóértéktelen,holdértéktelen,hiábavaló,hold
érzelmi,szellemiérzelmi,határozottanérzelmi,szellemi,határozottan
érzékeny,törékenyérzékeny,nyereségérzékeny,törékeny,nyereség
érzés,benyomásérzés,régiérzés,benyomás,régi
ésszerű,becsületesésszerű,rómaiésszerű,becsületes,római
északi,déliészaki,producerészaki,déli,producer
étkezés,ételétkezés,nyugatétkezés,étel,nyugat
étterem,kocsmaétterem,aidsétterem,kocsma,aids
évtized,századévtized,rosszévtized,század,rossz
ígéret,garanciaígéret,találatígéret,garancia,találat
ír,olvasír,választásír,olvas,választás
írás,olvasásírás,aktívírás,olvasás,aktív
író,költőíró,ajakíró,költő,ajak
óceán,tengeróceán,profilóceán,tenger,profil
ölelés,csókölelés,eredetiölelés,csók,eredeti
önkéntesen,önkéntesönkéntesen,portálönkéntesen,önkéntes,portál
önző,makacsönző,vasönző,makacs,vas
ördög,angyalördög,kérdésördög,angyal,kérdés
örökké,örökörökké,zajörökké,örök,zaj
örököl,örökségörököl,táborörököl,örökség,tábor
öröm,élvezetöröm,környezetöröm,élvezet,környezet
összegyűjt,gyűjtösszegyűjt,hercegnőösszegyűjt,gyűjt,hercegnő
összeomlás,esikösszeomlás,vadászatösszeomlás,esik,vadászat
újság,cikkújság,hűségújság,cikk,hűség
újságíró,riporterújságíró,drágaújságíró,riporter,drága
úszás,megfulladúszás,riporterúszás,megfullad,riporter
útlevél,jegyútlevél,makacsútlevél,jegy,makacs
üdvözöl,gratulálüdvözöl,szövegüdvözöl,gratulál,szöveg
ügyfél,betegügyfél,vírusügyfél,beteg,vírus
ügynökség,cégügynökség,báróügynökség,cég,báró
ügyész,jogászügyész,ellenőrzésügyész,jogász,ellenőrzés
ül,állül,készítményül,áll,készítmény
üldözés,kövesseüldözés,erősüldözés,kövesse,erős
ünnep,karácsonyünnep,vágyünnep,karácsony,vágy
ünnepség,szertartásünnepség,tépettünnepség,szertartás,tépett
ütés,találatütés,művészütés,találat,művész
üveg,pohárüveg,pingüveg,pohár,ping
üzemanyag,gázüzemanyag,kettősüzemanyag,gáz,kettős
üzenet,figyelemüzenet,szegénységüzenet,figyelem,szegénység
üzleti,iparüzleti,istenüzleti,ipar,isten
őrült,paranoidőrült,borítóőrült,paranoid,borító
ősz,tavasziősz,figyelemősz,tavaszi,figyelem
őszinteség,hűségőszinteség,bankárőszinteség,hűség,bankár
