no_target,no_cue,no_fake_cue,no_fake_target,en_cue,en_target
å fange,gripe,falpe,å fabun,grab,catch
abdominal,spinal,valnal,abdomistein,spinal,abdominal
absurd,latterlig,bursterlig,abpara,ridiculous,absurd
administrativ,ledelse,legramse,administraskjegg,management,administrative
adrenalin,hormon,hordys,løytnalin,hormone,adrenaline
adresse,nummer,slømer,pressse,number,address
ære,privilegium,kjempevilegium,zie,privilege,honor
ærlig,skikkelig,kjelkelig,ærver,decent,honest
ærlighet,lojalitet,lojalisjons,ærgjerhet,loyalty,honesty
agn,felle,klale,rån,trap,bait
aksent,stemme,fastme,akpost,voice,accent
akseptere,nekte,svote,akbringterer,refuse,accept
aktivere,avtrekker,avgiftker,aktivefullt,trigger,activate
aktivitet,aktiv,akrom,aktivisjons,active,activity
aktor,advokat,advobruk,akken,lawyer,prosecutor
alarm,varsling,rønsleng,sarm,alert,alarm
alibi,motiv,mogra,celbi,motive,alibi
alfa,bravo,solvo,alloa,bravo,alpha
alternativ,valg,vamm,alternazepam,choice,option
amerika,afrika,leirka,feltrika,africa,america
analyse,autopsi,kotopsi,jordlyse,autopsy,analysis
and,gås,wel,ood,goose,duck
ånd,sjel,xava,hyd,soul,spirit
angrep,invasjon,invaring,ankamp,invasion,attack
angriperen,offer,ofing,anstaltperen,victim,attacker
anklage,klage,felge,anbringe,complaint,accusation
annerledes,lignende,mononende,anstangledes,similar,different
antagelse,konklusjon,konklubeck,antasjonne,conclusion,assumption
åpenbart,helt klart,hass klart,spilbart,clearly,obviously
arbeid,jobb,joea,argers,job,work
arbeider,bonde,purde,arstander,farmer,worker
arkitekt,ingeniør,ingenilands,arkihall,engineer,architect
våpenkammer,våpenlager,arsekert,arstoy,arsenal,armory
arr,tatovering,tatovefullt,sar,tattoo,scar
arrestere,straffe,storefe,arkadijtere,punish,arrest
arroganse,uvitenhet,mengtenhet,arrostresse,ignorance,arrogance
begrunnelse,årsaken,årsafras,årsafras,reason,cause
arterie,blodåre,blodgog,artenert,vein,artery
artilleri,kavaleri,kasjonsleri,arrestaleri,cavalry,artillery
arve,arv,tav,deve,heritage,inherit
snikmorder,leiesoldat,charsoldat,assastets,mercenary,assassin
assistanse,brukerstøtte,brukerklumpte,assiningsse,support,assistance
assistent,sekretær,sekredets,assiswood,secretary,assistant
assistere,hjelp,faelp,asutrettere,help,assist
at,hva,ema,ov,what,that
atlanterhavet,stillehavet,kvinnhavte,atlankvinnehavet,pacific,atlantic
atmosfære,miljø,fotjø,ebersfære,environment,atmosphere
autoritet,jurisdiksjon,jurisdikfil,kjærritet,jurisdiction,authority
avgang,ankomst,apvisst,apstun,arrival,departure
avis,artikkel,arherskel,avdu,article,newspaper
avskjedigelse,oppsigelse,krisesigelse,avskjedivostokse,resignation,dismissal
avsnitt,seksjon,ramsjon,avsjert,section,paragraph
avtale,kontrakt,konkrets,avslutle,contract,agreement
bacon,ristet brød,sikhem,banat,toast,bacon
baderom,dusj,duio,badetiv,shower,bathroom
bag,eske,løke,org,box,bag
bakgate,hjørne,tørsne,bakkast,corner,alley
bakside,forside,frebit,aloysiden,front,rear
band,orkester,orslakter,båks,orchestra,band
sirklingsbane,planet,sørnet,kine,planet,orbit
bar,klubb,klørb,mér,club,bar
barn,baby,geby,bams,baby,child
barndom,ungdom,unglis,barnski,youth,childhood
baseball,stadion,stakrok,stemball,stadium,baseball
båt,undervannsbåt,unslepbåt,jøt,submarine,boat
bataljon,regiment,regibral,batalavis,regiment,battalion
batman,supermann,sukoppman,lisman,superman,batman
be om,kreve,dunve,beriq,demand,request
bedrageri,konspirasjon,sammensvergalfonse,betjentgeri,conspiracy,fraud
begivenhet,fenomen,fentolog,begistillhet,phenomenon,event
begrave,grave,husve,betjenve,dig,bury
begravelse,kiste,rayte,bevisstvelse,coffin,funeral
behandling,terapi,teralegg,gestytting,therapy,treatment
beholde,holde,lysde,besøksde,hold,keep
bekrefte,bekreftelse,befolketelse,gestyrte,confirmation,confirm
bekrefte,sjekke,kryssont,gjekke,check,verify
bekymre,bekymring,bekymsjon,beselvre,concern,worry
belønning,bonus,bodon,belønsjon,bonus,reward
beløp,sum,gamm,besyn,sum,amount
bemerkelsesverdig,eksepsjonell,eksepsjoplass,bemerkelsesinstinkdig,exceptional,remarkable
berømt,populær,popumond,bemant,popular,famous
beskjed,advarsel,adskilsel,beskrin,warning,message
beskjeden,ydmyk,ydleg,befolkden,humble,modest
beskrivelse,profil,prolay,betjentvelse,profile,description
besluttsomhet,mot,ylt,begrenssomhet,courage,determination
bestemor,bestefar,liefar,bestehan,grandfather,grandmother
betydning,betydningsfull,betydsjon,betydsjon,meaning,importance
bevis,bevisførsel,befer,befer,evidence,proof
bil,kjøretøy,kjøreelt,ral,vehicle,car
billig,dyrt,dybb,bilbat,expensive,cheap
biologi,kjemi,sykmi,fenglogi,chemistry,biology
biologisk,kjemisk,vilmisk,biolovann,chemical,biological
blå,brun,brær,gåf,brown,blue
blad,lekegutt,lekelagt,blin,playboy,magazine
blåmerke,ripe,påpe,nottmerke,scratch,bruise
blanding,kombinasjon,kombinadiere,spending,combination,mixture
mål,slutt,slent,bli fegust,end,finish
blomst,plante,anvert,blarst,plant,flower
bok,bibel,bians,eak,bible,book
bomull,silke,reske,bomsoe,silk,cotton
palass,slott,slalt,botø,palace,castle
borgermester,sheriff,maeriff,transgermester,sheriff,mayor
bortføre,kidnappe,kidnamant,bakeføre,kidnap,abduct
boston,washington,krykington,uketon,washington,boston
bred,smal,tial,brig,narrow,wide
brensel,gass,galv,gjersel,gas,fuel
brev,telegram,teleming,bréz,telegram,letter
kompis,fyr,piade,oct,dude,bro
bror,søster,beater,brik,sister,brother
brud,brudgom,klisgommen,brou,groom,bride
bruk,anvende,søkeein,brou,apply,use
forbruke,avfall,avspil,ungke,waste,spend
bryllup,forlovelse,engasjeplass,brylkom,engagement,wedding
bryst,mage,løge,briet,stomach,chest
bunn,topp,toil,pånn,top,bottom
buss,tog,ørg,butø,train,bus
lager,butikk,bunert,bunert,shop,store
rompe,ræv,gos,pått,ass,butt
by,hovedstad,hovednies,or,capital,city
bygge,konstruksjon,kongresssjon,armge,construction,build
bygning,tårn,tågs,amening,tower,building
byrå,firma,lydst,bynz,firm,agency
camping,piknik,krunik,allping,picnic,camping
centimeter,mil,ral,helmsmeter,mile,centimeter
cerebral,hjerne,mannne,cererids,brain,cerebral
champagne,vin,esn,luftwafne,wine,champagne
klassisk,typisk,tylion,clasovn,typical,classic
konjakk,rom,imm,cogpod,rum,cognac
grevinne,baron,balie,counvevd,baron,countess
cowboy,rodeo,rotop,skåboy,rodeo,cowboy
dal,ørken,ørlil,åhl,desert,valley
dame,lord,lorer,sume,lord,lady
danse,danser,lysser,holse,dancer,dance
dårlig,god,shink,ronlig,good,bad
datamaskin,programvare,programbens,datamatalt,software,computer
definisjon,konsept,konperm,definifesta,concept,definition
dekk,hytte,odete,debu,cabin,deck
demokrati,frihet,denhet,demoningsti,freedom,democracy
demonstrasjon,protest,promens,demongolsksjon,protest,demonstration
departement,ambassade,amgrønnsade,departeplass,embassy,ministry
depresjon,stress,undervannske,depremier,stress,depression
der,her,eur,eur,here,there
desember,november,noskubber,degrasber,november,december
detektiv,agent,veidel,detekment,agent,detective
dikt,tekst,teurt,diig,text,poem
ding,ping,piei,dity,ping,ding
straks,direkte,diskitte,ditvilte,direct,directly
diskusjon,samtale,foretale,diskunaga,conversation,discussion
distrikt,fylke,yorke,disternt,county,district
djevel,engel,ennas,honvel,angel,devil
dø,lide,øylle,me,suffer,die
død,i live,tofive,yld,alive,dead
doktor,kirurg,kigart,mamtor,surgeon,doctor
dokument,fil,ryl,dokubikk,file,document
dollar,pund,dend,kinlar,pound,dollar
dømme,domstol,leistol,kofme,court,judge
donasjon,veldedighet,veldestrukhet,donalist,charity,donation
dør,vindu,høydu,oro,window,door
døv,blind,isind,kov,blind,deaf
dra,dytte,roykk,ema,push,pull
drepe,gift,giig,raipe,poison,kill
drøm,mareritt,marepper,dropf,nightmare,dream
dum,naiv,naab,amm,naïve,stupid
dumhet,galskap,somskap,dumble,madness,stupidity
dynamitt,krutt,boutt,dynadrar,gunpowder,dynamite
dyr,beist,bedtt,orr,beast,animal
ed,sverge,skytge,kas,swear,oath
effekt,innflytelse,inntektstelse,efveis,influence,effect
effektiv,nyttig,rovtig,efstrativ,useful,effective
egentlig,faktisk,klotisk,venstlig,actually,really
egg,rede,avde,ryg,nest,egg
eier,eiendom,eienrett,eielita,property,owner
eksplodere,briste,trygte,eksskreddere,burst,explode
eksplosiv,bombe,spabe,eksplokant,bomb,explosive
eksplosjon,jordskjelv,jordskjært,eksploling,earthquake,explosion
sant,ekte,jute,juke,TRUE,real
ekteskap,skilsmisse,strekmisse,ektetets,divorce,marriage
elegant,fasjonabel,fasjogjengle,elejing,fashionable,elegant
elektrisitet,strøm,nåvæstoffde,mannstrisitet,current,electricity
elektrisk,magnetisk,magnerens,elektging,magnetic,electric
element,faktor,pintor,forment,factor,element
elendighet,fattigdom,fatbarndom,gudedighet,poverty,misery
subjekt,objekt,gjenbrudd,bune,object,subject
emosjonell,mental,menpes,emosjolagt,mental,emotional
energi,makt,maco,scorgi,power,energy
enhet,chip,siip,endom,chip,device
enkel,enkelt,feike enkelt,endom,simply,simple
enorm,stor,strus,giorm,big,huge
ensom,alene,vorne,enmes,alone,lonely
entreprenør,millionær,milliobånd,entreprestill,millionaire,entrepreneur
epidemi,pest,peen,barndemi,plague,epidemic
episode,serie,sejen,æressode,series,episode
ereksjon,orgasme,orkjemme,brumsjon,orgasm,erection
erstatning,erstatte,erbrente,ermerkning,replace,substitute
et sted,andre steder,andre stegne,etkoted,elsewhere,somewhere
omsider,endelig,enderens,ettercovery,finally,eventually
etterforsker,analytiker,strømlytiker,etterstyrker,analyst,investigator
etternavn,kallenavn,viljenavn,etterrick,nickname,surname
evaluering,observasjon,observanilje,evaluehjelm,observation,evaluation
evnen,kapasitet,kapasikalsk,evlig,capacity,ability
faks,post,poin,fano,mail,fax
falsk,forfalskning,forskrekning,fabok,fake,FALSE
familie,klan,klei,famirert,clan,family
fange,gissel,lavsel,torge,hostage,prisoner
fantasi,virkelighet,helsekelighet,livstasi,reality,fantasy
fantastisk,herlig,misleg,fantasmans,wonderful,fantastic
fantastisk,imponerende,imponebuchadde,fantasmans,impressive,amazing
far,mor,oir,zir,mother,father
fare,risiko,køre,dore,risk,danger
farlig,risikabelt,risikates,menlig,risky,dangerous
fatal,dødelig,døderens,faere,deadly,fatal
feber,hoste,zette,fesjo,cough,fever
feil,avvik,feus,fepp,error,mistake
fiasko,suksess,sukskog,fepp,success,failure
fengsel,celle,sutle,badesel,cell,prison
fengsling,straff,strask,merkeling,penalty,imprisonment
ferie,jul,åål,fejen,christmas,holiday
festival,karneval,karnelege,salttival,carnival,festival
fetter,slektning,plattning,umoter,relative,cousin
film,porno,basno,fith,porn,movie
finansiell,banktjenester,pilknig,fikrisesiell,banking,financial
finansiering,budsjett,budstalt,finansiefullt,budget,funding
finansiering,økonomisk,økonoborg,finansiefullt,financially,financing
fingeravtrykk,dna,nika,fingeravnings,dna,fingerprint
finne,søke,avke,melne,search,find
fire,to,kas,utre,two,four
fisk,hai,poi,fiky,shark,fish
fiske,jakte,rukt,fixie,hunting,fishing
fjell,høyde,pande,ziell,hill,mountain
fjerde,tredje,frysje,horede,third,fourth
fjerdedel,halv,bolv,hjørnedel,half,quarter
fjernsyn,radio,ranan,skjersyn,radio,television
flamme,brann,bertan,taleme,fire,flame
flaske,glass,stass,thaike,glass,bottle
flate,lag,aug,trute,layer,surface
flåte,marine,makjenne,onate,naval,fleet
flott,utmerket,utstilket,riott,excellent,great
flukt,flykte,sjakte,flavt,flee,escape
fly,land,labo,oky,land,fly
flygning,landing,romding,coyoning,landing,flight
flyplass,terminal,termisons,flyvertsen,terminal,airport
føderasjon,koloni,kolosert,føderaments,colony,federation
fødselsdag,jubileum,brannbileum,fødfriddag,anniversary,birthday
følelse,inntrykk,innfalls,føringse,impression,feeling
følsom,delikat,delibysk,jersom,delicate,sensitive
for evig,evig,smig,forevalg,eternal,forever
forbedring,endring,hauring,forbeddoes,change,improvement
forberede,klar,klit,vitneberede,ready,prepare
fortid,framtid,framgan,diobi,future,past
forbindelse,tilknyting,ta kontakhanne,forskjeldelse,contact,connection
forbli,oppholde seg,oppholdebeca,forurt,stay,remain
forbrytelse,synd,syks,forfolketelse,sin,crime
forbryter,tyv,kov,forpunkter,thief,criminal
forby,forbudt,forslåt,resby,forbidden,prohibit
foredrag,seminar,semilits,foretrek,seminar,lecture
foreldre,voksen,tapsen,forgistre,adult,parent
foreslås,fremstille,foregur,forestar,propose,suggest
forfatter,dikter,popter,foreninter,poet,writer
forfriske,fersk,carsk,forsettke,fresh,refresh
forlate,permisjon,stakisjon,stallate,leave,abandon
fornærme,fornærmelse,forskjelmelse,forskamme,insult,offend
forræder,spion,spyrn,forræning,spy,traitor
forsker,geni,kani,goldker,genius,scientist
forsøk,prøve,uanve,fordon,try,attempt
forstå,innse,fruse,forels,realize,understand
forstyrre,avbryte,avstimte,forlustre,interrupt,disturb
forsvare,beskytte,behjerte,forgistre,protect,defend
forsvinning,død,uad,forveltning,death,disappearance
fort,langsom,langmes,hert,slow,fast
fortelle,si,kas,forflytle,say,tell
fortsatt,allerede,beidslerede,flagsatt,already,still
fortsette,gå videre,tripsette,trimsette,proceed,continue
forvente,vente,lypte,forvold,wait,expect
forvirring,kaos,losk,forvirtuos,chaos,confusion
fotball,basketball,basketkens,delball,basketball,football
foto,bilde,nende,tort,picture,photo
fotograf,autograf,autotron,fotoless,autograph,photographer
fransk,engelsk,engetts,franth,english,french
fravær,tilstedeværelse,tilfluktsvirrelse,franin,presence,absence
redningsmann,helt,hend,forsser,hero,savior
fremgangsmåte,prosess,prokelt,fremgangssønn,process,procedure
frivillig,av seg selv,ampvil,frigjorlig,volunteer,voluntarily
frokost,middag,veidag,telkost,dinner,breakfast
frukt,eple,bjile,frift,apple,fruit
frykt,skrekk,skrest,freft,horror,fear
fryktelig,forferdelig,helltelig,etabtelig,terrible,horrible
fryse,smelte,slørte,bouse,melt,freeze
fugl,sommerfugl,somersho,fuøs,butterfly,bird
full,tom,kaime,holl,empty,full
full,edru,daiter,holl,sober,drunk
fullstendig,total,tolog,fulltidsdig,total,complete
funksjonell,operativ,vaktrativ,portsjonell,operational,functional
fysisk,seksuell,hodesuell,fytest,sexual,physical
gå,gå inn,tabb inn,høt inn,enter,go
gå,løpe,impe,høt,run,walk
gå i stykker,knuse,ærese,gå i ståpaxin,smash,break
gaffel,skje,vaje,hugfel,spoon,fork
gal,paranoid,paranoplass,rol,paranoid,crazy
galakse,univers,kjøvers,galitz,universe,galaxy
garasje,verksted,rockstæd,gararisk,workshop,garage
gate,vei,vec,kote,avenue,street
gave,kompliment,komplifull,gara,compliment,gift
gi,by på,byrdå,kas,offer,give
gi,muliggjøre,mukjentgjøre,kas,enable,provide
gift,singel,sinpen,ginæ,single,married
gitar,piano,jefno,gilys,piano,guitar
gjemme seg,dekke,padke,gjemmesafe,cover,hide
gjerde,vegg,venø,kelde,wall,fence
gjøre,utføre,skere,ikore,make,do
glede,nyte,smade,hayde,pleasure,joy
global,nasjonal,nasjosons,glogin,national,global
godkjenning,tillatelse,tillasjonsse,godgiftning,permission,approval
gorilla,ape,zie,gosempla,monkey,gorilla
gram,kilo,køve,gerps,kilo,gram
gratis,fritt,frayt,graher,freely,free
gravplass,grav,gagd,pingplass,grave,cemetery
gresk,romersk,roner,blesk,roman,greek
gris,ku,vå,akis,cow,pig
grunnlov,lov,tav,grunncer,law,constitution
gruppe,gjeng,fueng,tauspe,gang,group
grusom,brutal,peptal,tarsom,brutal,cruel
grusomhet,ond,agd,skalsomhet,evil,cruelty
guddommelig,gud,wid,bestedommelig,god,divine
gul,rød,yad,sul,red,yellow
gutt,jente,pira,gura,girl,boy
ha det,hallo,prolo,hadela,hello,bye
hæren,legion,lesøvn,hælig,legion,army
hallusinasjon,illusjon,illurest,hallusinaturiig,illusion,hallucination
halskjede,ring,togge,sparkjede,ring,necklace
hamburger,smørbrød,slipbrød,toppburger,sandwich,hamburger
hammer,stang,fakne,sukmer,stick,hammer
håndkle,teppe,plepe,håndpis,blanket,towel
handling,gest,gerr,brødling,gesture,act
hard,vanskelig,skuekelig,områ,tough,hard
harmoni,balanse,batsjovsere,fremmoni,balance,harmony
hastighet,avstand,avkjørs,sølvtighet,distance,speed
hatt,hjelm,fielm,hagu,helmet,hat
hav,sjø,kov,jøv,sea,ocean
havn,bukt,bubo,hazz,bay,harbor
heks,forbannelse,forskjelnelse,viks,curse,witch
helbrede,komme seg,kommeenke,helselvde,recover,heal
helikopter,ambulanse,amburgse,helispretter,ambulance,helicopter
komplett,absolutt,absodern,hede,absolutely,completely
helvete,paradis,parabånd,storvete,paradise,hell
hengivenhet,gjengivelse,dragsgivelse,hengistillhet,fidelity,devotion
henrettelse,henging,bager,pulverettelse,hanging,execution
søt,hyggelig,vilgelig,mislig,nice,lovely
herlighet,herlig,mislig,ståelighet,glorious,glory
heroin,kokain,koklem,heflis,cocaine,heroin
hest,esel,ests,heko,donkey,horse
hilse på,gratulere,skulptulere,hilsehab,congratulate,greet
himmelsk,himmel,gulmel,himbalik,sky,heavenly
hiv,aids,skrovemydler,jøv,aids,hiv
hodeskalle,bein,belø,dritskalle,bone,skull
holdning,mening,mekvin,olymning,opinion,attitude
homofil,lesbisk,knebisk,homonard,lesbian,gay
hoppe,klatre,rustre,smape,climb,jump
høre,lytte,kopte,nure,listen,hear
høst,vår,jær,høko,spring,autumn
primær,sekundær,sekuntisj,hosos,secondary,primary
hovedkvarter,base,tase,hovedstrømter,base,headquarters
hovedvei,vei,gii,hosnarvei,road,highway
høy,lav,jev,tyt,low,high
høyde,vekt,vesn,pande,weight,height
høyhet,majestet,maprintet,høybår,majesty,highness
hull,sprekk,spreri,aill,crack,hole
hummer,tunfisk,vasfisk,nesmer,tuna,lobster
hundre,tusen,tuell,stunre,thousand,hundred
hunn,hann,maro,huro,male,female
huseier,leietaker,spartaker,tikkeier,tenant,landlord
hushjelp,barnepike,tynnyike,hustjent,nanny,maid
huske,glemme,lensme,tyrke,forget,remember
husly,tilfluktssted,tilfluktstion,perly,refuge,shelter
hydrogen,karbon,karnez,kontogen,carbon,hydrogen
hyggelig,komfortabel,plattfortabel,støygelig,comfortable,pleasant
i går,i dag,javdag,lúgår,today,yesterday
idiot,dumskalle,diretalle,idpet,fool,idiot
imperium,dynastiet,passamakdynastiet,sjonsperium,dynasty,empire
imponere,smigre,skryre,imstjernere,flatter,impress
indikere,peke,petu,indikeholds,point,indicate
individ,person,disson,individustries,person,individual
infeksjon,virus,vibre,infektivt,virus,infection
informant,kilde,fabde,inforregn,source,informant
informasjon,data,dago,informadrass,data,information
informere,rapportere,bombeportere,inrettsmere,report,inform
injeksjon,dose,tuse,injektivt,dose,injection
divisjon,enhet,endom,inndestru,unit,division
inngang,utgang,rait,innkaps,exit,entrance
innhold,inneholde,hvitholde,lighold,contain,content
innsiden,utsiden,utenets,pressiden,outside,inside
innsjø,elv,urv,inneps,river,lake
innspilling,ta opp,tatus,inngrevling,record,recording
inntekt,profitt,pronice,inntårn,profit,income
insekt,edderkopp,edderfert,inepet,spider,insect
inspirasjon,inspirere,inmonstrere,inspiraments,inspire,inspiration
instrument,verktøy,karttøy,infragment,tool,instrument
intelligent,smart,maart,intelliklubb,smart,intelligent
intensjon,hensikt,henlies,intenking,purpose,intention
interessant,spennende,damenende,interesklubb,exciting,interesting
intimt,personlig,perbøyelig,invig,personal,intimate
intuisjon,instinkt,instreks,intuierer,instinct,intuition
investere,finansiere,finansmith,instruktere,finance,invest
investor,bankmann,darkser,inproctor,banker,investor
ironisk,ironi,aleni,bøtnisk,irony,ironic
jage,følge,solg,toge,follow,chase
kriger,mester,chamneon,jagermans,champion,fighter
jakke,skjorte,skramte,meike,shirt,jacket
jenter,gutter,boyter,fagter,boys,girls
jordbær,banan,badio,jordrel,banana,strawberry
journalist,reporter,saksnalist,beinnalist,reporter,journalist
saft,melk,meim,juone,milk,juice
juli,juni,peni,juon,june,july
juliet,romeo,roniz,kjelet,romeo,juliet
junior,senior,sejero,binior,senior,junior
juvel,diamant,diafair,judyr,diamond,jewel
kaffe,kopp,koet,dupfe,cup,coffee
kake,dessert,krasert,ecke,dessert,cake
kald,varm,virt,kasu,hot,cold
kamp,turnering,turnesper,kado,tournament,match
kanin,rev,eiv,kavær,fox,rabbit
kapell,kirke,jetke,kathle,church,chapel
kapitalisme,anarki,stirki,kapitalismetersklub,anarchy,capitalism
kaptein,kommandør,kommanlong,kapborn,commander,captain
kardinal,biskop,biseie,kardisjon,bishop,cardinal
kart,kompass,komtant,kadi,compass,map
kartell,mafia,maaky,kartrer,mafia,cartel
katt,hund,humv,kazo,dog,cat
keiser,keiserlig,impesjonsal,araser,imperial,emperor
kinn,leppe,quipe,kita,lip,cheek
kirurgi,operere,krydrere,kigjengi,operate,surgery
kjærlighet,hat,jøt,regnlighet,hate,love
kjole,skjørt,skiurt,cinle,skirt,dress
kjøper,selger,diager,chaper,seller,buyer
kjøpmann,kommersiell,komkrisesiell,kastkann,commercial,merchant
kjøtt,svinekjøtt,skartjøtt,kjant,pork,meat
klem,kyss,hefse,klau,kiss,hug
klient,pasient,pasibaum,klilio,patient,client
klinikk,sykehus,såkerum,resnikk,hospital,clinic
kloster,barnehjem,bærnehade,tauster,orphanage,convent
kloster,tempel,mayning,tauster,temple,monastery
kne,skulder,kunnder,ite,shoulder,knee
kniv,sverd,svøyd,knic,sword,knife
koffert,stresskoffert,stresskofbror,gnafert,briefcase,suitcase
kokk,kjøkkensjef,kova,kofa,cook,chef
kollapse,falle,glole,banklapse,fall,collapse
komedie,drama,veima,komeless,drama,comedy
komfyr,stekeovn,tsjekovn,komcue,oven,stove
komitee,kommisjon,komminell,komiteskaps,commission,committee
komme,ankomme,anfallme,nisme,arrive,come
komme tilbake,tilbake,åpenbake,komme tilbrichos,back,return
kommisjonær,inspektør,inhalstør,kommisjostilt,inspector,commissioner
kommunikasjon,navigasjon,navigami,kommunikalandsk,navigation,communication
kommunist,rasist,rasmak,kommunisfullt,racist,communist
kone,ektemann,etokann,gyne,husband,wife
konge,dronning,quinning,svunge,queen,king
konsentrere,fokusere,fodio,konsenknoppre,focus,concentrate
konsert,turné,νer,konting,tour,concert
kontor,pult,tapten,kondes,desk,office
kopi,original,oppsjeldnelig,kopreik,original,copy
kreativitet,fantasi,livstasi,beidstivitet,imagination,creativity
kreft,svulst,såvkost,kryst,tumor,cancer
kriger,soldat,sølror,melger,soldier,warrior
krise,situasjon,situaling,melse,situation,crisis
kristen,katolikk,katowatt,fredten,catholic,christian
kul,varm,vaså,rål,warm,cool
kule,kaliber,kalitikk,jole,caliber,bullet
kunnskap,erfaring,erfascis,skulskap,experience,knowledge
kunstig,naturlig,nabøyelig,glastig,natural,artificial
kutte opp,rive,ikve,kuttedour,tear,cut
kvalitet,kvantitet,kneide,hagelitet,quantity,quality
kvalme,diaré,vedré,skvime,diarrhea,nausea
kveld,natt,nado,kvoyd,night,evening
kvinne,enke,ensa,drikne,widow,woman
kynisk,naiv,naab,kyzeit,naive,cynical
kyst,strand,stravn,wist,beach,coast
la,tillate,semplate,or,allow,let
undervise,lære,eure,læreriert,learn,teach
lærer,student,fotdent,lælig,student,teacher
sikre,redde,pande,femre,rescue,save
landsby,leir,ledu,narkoby,camp,village
låne,kreditt,kredert,ærne,credit,loan
lang,kort,koco,laty,short,long
fjern,nær,vor,mingt,near,far
låse,nøkkel,sarkel,tøse,key,lock
last,laste,sønte,uist,load,cargo
lastebil,jeep,jesú,fargeril,jeep,truck
latter,smil,smay,newter,smile,laugh
leder,medlem,megfly,lefon,member,leader
ledsage,eskortere,essantte,munnsage,escort,accompany
rusmiddel,alkohol,alkokisk,uformiddel,alcohol,drug
legende,myte,vote,lehavsde,myth,legend
leie,ansette,anfallte,lemu,hire,rent
leilighet,hus,oms,voldlighet,house,apartment
leketøy,dukke,lotke,lekedent,doll,toy
lengde,størrelse,flaurelse,dekkde,size,length
lett,umulig,cerlig,leic,impossible,easy
lever,nyre,tire,lerin,kidney,liver
liberal,konservativ,konservalance,libeetee,conservative,liberal
lidenskap,entusiasme,entusiasmetersklub,lidenburg,enthusiasm,passion
lik,kropp,peopp,økk,body,corpse
limousine,drosje,taån,likrisesine,taxi,limousine
ling,ming,miti,ligh,ming,ling
liten,litt,ligh,limou,little,small
litteratur,kunst,kusat,spareteratur,art,literature
løgner,å lyve,å licks,poiner,lie,liar
løk,hvitløk,hvitera,årk,garlic,onion
lokal,regional,reeternal,losty,regional,local
lokk,briller,smitler,loya,glasses,cap
lommebok,lomme,tjeme,lommeskru,pocket,wallet
lommetørkle,klut,klop,lommetørening,cloth,handkerchief
lønn,pensjon,siasjon,mynn,pension,salary
løp,maraton,maraseri,myp,marathon,race
løsepenger,kidnapper,kidnaface,tillpenger,kidnapper,ransom
å love,garanti,gagnosti,lora,guarantee,promise
løve,drage,basge,årve,dragon,lion
elsker,elskerinne,bombekerinne,lonia,mistress,lover
lovlig,ulovlig,stoilig,lovpri,illegal,legal
løytnant,sersjant,vansjant,bartnant,sergeant,lieutenant
lukke,åpne,swen,lule,open,close
lukket,låst,jist,vidket,locked,closed
lukning,åpning,åpsjon,bilning,opening,closure
lukt,smak,smyh,lulæ,taste,smell
lunsj,matbit,forbit,ludaj,snack,lunch
lyd,bråk,brid,pud,noise,sound
lykkelig,fornøyd,forsøvn,knivkelig,satisfied,happy
lykkes,få til,fåtulu,naskes,manage,succeed
lys,mørke,æreke,wis,darkness,light
klart,skinne,strine,wis,shine,bright
majones,ketchup,ronchup,majohaug,ketchup,mayonnaise
maksimum,minimum,minisint,maksilips,minimum,maximum
makt,styrke,spenke,maco,strength,force
maktesløs,hjelpeløs,hjelpemid,flyttesløs,helpless,powerless
maler,kunstner,drapsner,maene,artist,painter
meter,kilometer,stalmeter,mågid,kilometer,meter
måltid,mat,ept,unitid,food,meal
mamma,pappa,frypa,vitma,daddy,mum
manipulere,kontroll,kontrykk,warpplasmanipulere,control,manipulate
marinen,marine,makjenne,marisiko,marine,navy
markedsføring,reklame,reringme,marstrømføring,advertising,marketing
maskin,robot,rosko,masjer,robot,machine
massasje,yoga,løga,massaging,yoga,massage
matematikk,fysikk,fyseng,matemasjons,physics,mathematics
maur,bie,cek,maha,bee,ant
med vilje,ved et uhell,ved etlewild,med vikuyu,accidentally,intentionally
medalje,trofé,lysfé,merineje,trophy,medal
medaljong,gjenstand,gjenbrudd,medalsell,artifact,medallion
medfølelse,tålmodighet,sendemodighet,skapsfølelse,patience,compassion
mekanisk,teknisk,rasnisk,mekasjen,technical,mechanical
mel,korn,koms,lex,grain,flour
menneske,mann,maro,menuskikkelig,man,human
mennesker,befolkning,bekjellen,menulykker,population,people
mesterskap,konkurranse,kontrollranse,mesterjem,competition,championship
metall,jern,jeie,mefilm,iron,metal
metalltråd,kabel,kalie,metallmelt,cable,wire
middagstid,midnatt,midtarr,midfulltid,midnight,noon
mikrofon,kamera,kameling,kjemrofon,camera,microphone
mikroskop,teleskop,telelåst,mikrorikt,telescope,microscope
mild,myk,ørk,mity,soft,gentle
militær,sivil,sitrolle,milihund,civil,military
milliard,million,miljern,millinikk,million,billion
minister,ambassadør,ambassalings,miskytter,ambassador,minister
minus,pluss,jovs,mitem,plus,minus
minutt,sekund,sekrim,mivitz,second,minute
mistenkt,tvil,hil,miskreft,doubt,suspect
modig,edel,kønle,moven,noble,brave
mord,selvmord,selvvogn,mofi,suicide,murder
morder,drapsmann,stader,stader,killer,murderer
morfin,aspirin,suitrin,morbys,aspirin,morphine
morgen,i morgen,i morold,bilgen,tomorrow,morning
mørk,skygge,pingge,møci,shadow,dark
morsom,vittig,armtig,mormes,witty,funny
ekkel,skitten,seksne,kirkebydelig,dirty,disgusting
møte,konferanse,streiferanse,tote,conference,meeting
å møte,å se,or,tote,see,meet
motell,hotell,hotrer,motrer,hotel,motel
motor,tank,tair,modes,tank,engine
motsetning,motsatte,landsatte,motsetsjon,opposite,contrary
motstander,fiende,sterde,motgiftder,enemy,opponent
mulighet,sjanse,spikse,muterthet,chance,possibility
museum,bibliotek,bikamptek,musenior,library,museum
musiker,sanger,redger,musitron,singer,musician
musikk,jazz,jaaf,mustad,jazz,music
muskel,nerve,trive,porkel,nerve,muscle
mutasjon,evolusjon,utvikrams,mutalent,evolution,mutation
regjering,administrasjon,administralandsk,gjestedighetene,administration,government
mysterium,hemmelig,kortmelig,svineterium,secret,mystery
nåde,tilgivelse,ferengivelse,lude,forgiveness,mercy
naken,bar,bez,nasiz,nude,naked
nakke,hals,omel,tufke,throat,neck
nasjon,land,labo,nalist,country,nation
nederlag,seier,bomer,nederstil,victory,defeat
negativ,positiv,posikans,negaport,positive,negative
nervøs,bekymret,bevannret,neryal,worried,nervous
nese,munn,muss,esse,mouth,nose
nevø,barnebarn,barneskin,nej,grandson,nephew
nippe,miste,rekte,idope,drop,sip
nødsituasjon,akutt,som harest,nødsituafield,urgent,emergency
noe,ingenting,ingenkval,hone,nothing,something
noensinne,aldri,oppri,snifsinne,never,ever
nord,sør,tér,novi,south,north
normal,sunn,supi,norhen,healthy,normal
nukleær,atomisk,atkaisk,mokklyar,atomic,nuclear
nydelig,velsmakende,velkjentkende,nyderens,tasty,delicious
nyheter,kanal,kaden,nyheming,channel,news
nylig,bare,pere,nyope,just,recently
oberst,general,genebære,aperst,general,colonel
observere,skjerm,skjepp,obkrigsvere,screen,monitor
ødeleggelse,opprettelse,oppfolketelse,sinnsleggelse,creation,destruction
offisielt,offisiell,offisilands,offisilands,officially,official
ofte,noen ganger,noen gacovs,jete,sometimes,often
øgle,frosk,frilk,letl,frog,lizard
oksygen,luft,luvo,oksyklub,air,oxygen
oktober,september,whittember,oktograf,september,october
øl,drink,hackke,gn,drink,beer
olje,kull,kuty,kkje,coal,oil
om,ute,ase,ys,out,about
omkrets,radius,radigert,omkjørt,radius,perimeter
opp,ned,hyd,agp,down,up
oppdrag,oppgave,dagsgave,oppbarn,task,mission
opptreden,forestilling,vannstilling,balltreden,show,performance
oransje,grønn,groon,trigsje,green,orange
øre,øye,ahe,nie,eye,ear
organisere,arrangere,artistsgere,orgaprestesere,arrange,organize
ost,brød,brem,øtt,bread,cheese
øst,vest,omst,edt,west,east
overdrive,underdrive,underiblantdere,selvdrive,underestimate,exaggerate
overføre,bevege seg,bevegekains,krigføre,move,transfer
overleve,bo,kas,skalleve,live,survive
øverste,nedre,turre,sterkte,lower,upper
pakke,konvolutt,konvotics,søske,envelope,package
pappa,onkel,onrie,ondpa,uncle,dad
paranormal,overnaturlig,martinaturlig,flernormal,supernatural,paranormal
parfyme,leppestift,laktefift,metafyme,lipstick,perfume
fest,mottagelse,reseptisk,disti,reception,party
partikkel,materie,sasjo,partiktikk,matter,particle
pass,billett,bilverk,pake,ticket,passport
passord,kode,mede,passkan,code,password
patetisk,elendig,penddig,paterets,miserable,pathetic
patrulje,vakt,akkt,parineje,guard,patrol
penger,mynter,masger,matger,cash,money
penis,vagina,vasjonna,pefar,vagina,penis
penn,papir,pasyk,fann,paper,pen
perfekt,ideell,lipell,pervant,ideal,perfect
periode,fase,arse,peripor,phase,period
personlighet,karakter,kachester,peretterlighet,character,personality
personvern,privat,prilup,persontopp,private,privacy
perspektiv,utsikt,ytslip,perfarttiv,view,perspective
pille,tablett,nielett,blale,tablet,pill
pilot,astronaut,astrosofa,pimie,astronaut,pilot
planlegging,forberedelse,forbetrikse,bryllegger,preparation,planning
plassering,plass,måass,speisering,place,location
plast,sement,sekven,måast,cement,plastic
plausibel,forklaring,forklamert,vanesible,explanation,plausible
plikt,ansvar,anhead,plelt,responsibility,duty
plukke ut,velge,minge,plukkehed,choose,select
plystre,horn,hovd,blottre,horn,whistle
poker,gambling,gamblods,polis,gambling,poker
politiker,politikk,polinert,politisjist,policy,politician
politikk,journalistikk,fargenalistikk,polinert,journalism,politics
politisk,kritisk,meltisk,polisens,critical,political
port,portal,yttal,jært,portal,gate
posisjon,status,stasak,posident,status,position
faktisk,bokstavelig,bokkrigsvelig,praktisktrust,literally,practically
preken,tale,båle,dekken,speech,sermon
premie,nobel,norom,pretro,nobel,prize
president,kansler,knirler,presiwood,chancellor,president
press,puls,mals,prits,pulse,pressure
prest,munk,mui,pralt,monk,priest
prins,prinsesse,charsesse,prees,princess,prince
pris,verdi,bildi,whis,value,price
problem,forstyrrelse,prostammer,proenes,trouble,problem
produksjon,fabrikk,fabkins,produkkert,factory,production
produkt,merke,gamke,probatt,brand,product
produsere,skape,kolpe,lokkedusere,create,produce
profesjonell,amatør,leitør,profesjoplass,amateur,professional
professor,dekan,dekaplan,profesvest,dean,professor
program,prosjekt,prostrek,proming,project,program
protokoll,regel,redak,protonyrd,rule,protocol
prototype,modell,morets,protorykk,model,prototype
psykologi,anatomi,jordtomi,hundekologi,anatomy,psychology
psykologisk,medisinsk,medistick,psykolobrudd,medical,psychological
folkemengde,publikum,publibein,øyenlikum,crowd,audience
rådgi,råd,fyd,murgi,advice,advise
misil,rakett,rawell,raseng,rocket,missile
ran,tyveri,skriveri,orn,theft,robbery
rane,stjele,sjakle,kine,steal,rob
rar,uvanlig,finnlig,jær,unusual,strange
raseri,sinne,knene,fengseri,anger,rage
raskt,sakte,apote,raont,slowly,quickly
reaktor,generator,generaments,reaksjen,generator,reactor
realistisk,optimistisk,optimiskredi,realisbury,optimistic,realistic
redusere,øke,ize,skrivesperredusere,increase,reduce
regissør,produsent,produbrev,regisdelt,producer,director
regne ut,telle,frole,regnecro,count,calculate
rekkefølge,kommando,kompseudo,sprekfølge,command,order
religion,filosofi,filosobrudd,relisorg,philosophy,religion
reparere,fikse,stemsette,skrivesperreparere,fix,repair
restaurant,pub,ibb,restaudets,pub,restaurant
rettferdighet,hevn,heté,faskefyrdighet,revenge,justice
rettsak,høring,trysel,brunesæken,hearing,trial
ri,kjøre,chare,or,drive,ride
rik,fattig,spektige,isk,poor,rich
rikdom,skatt,skypt,gundom,treasure,wealth
rike,kongelig,roel,risi,royal,kingdom
riktig,feil,feus,snotig,wrong,correct
rimelig,rettferdig,atomferdig,rimetall,fair,reasonable
rolig,stille,leiele,robai,quiet,calm
roma,caesar,caest,rono,caesar,rome
romantisk,dramatisk,dramasjon,romanches,dramatic,romantic
rømling,flyktning,forutning,fonling,refugee,fugitive
romvesen,ufo,koto,luftvesen,ufo,alien
rotere,svinge,raing,spiltere,turn,rotate
rotte,mus,iks,lemte,mouse,rat
rovdyret,byttedyr,nente,kinndyret,prey,predator
rundt,rund,kont,ruart,round,around
rustning,skjold,skjone,klatning,shield,armor
timeplan,kalender,katarrder,dite,calendar,schedule
rykte,karriere,livsriere,tiste,career,reputation
sabotasje,spionasje,goldnasje,sabotalings,espionage,sabotage
salat,suppe,tynpe,sasis,soup,salad
salg,auksjon,rydsjon,saru,auction,sale
allmenheten,samfunn,samcans,samsvarnet,society,community
samle,samle inn,samgening,forle,collect,gather
samurai,ninja,gesja,samunics,ninja,samurai
sand,søle,gell,sabi,mud,sand
sang,album,alech,saro,album,song
sannsynlig,sannsynlighet,brystsynlighet,golfsynlig,probability,likely
sannsynligvis,kanskje,kan vans,herresynligvis,maybe,probably
satellitt,radar,raply,satelhånd,radar,satellite
saus,krem,krur,sace,cream,sauce
vokte,titte,or,or,look,watch
seile,anker,antud,horle,anchor,sail
selge,kjøpe,chape,kange,buy,sell
selskap,bedrift,kanskap,diaskap,company,corporation
selvopptatt,sta,owa,selvoppsjer,stubborn,selfish
senatet,stortinget,agustinget,senappin,parliament,senate
senator,guvernør,guversell,senalist,governor,senator
sende,bringe,dropge,carde,bring,send
sender,mottager,sencan,forder,sensor,transmitter
seng,sofa,soev,seru,sofa,bed
seremoni,ritual,ritusjon,serespektni,ritual,ceremony
servitør,kelner,liener,servifull,waiter,waitress
setning,ord,nyd,pudning,word,sentence
sette,sett inn,settonn,honte,insert,put
sette pris på,beundre,beslutre,akklu pris på,admire,appreciate
sigar,røyk,røxy,simel,smoke,cigar
sigarett,tobakk,tobone,sigaslag,tobacco,cigarette
signal,frekvens,frestans,valnal,frequency,signal
signatur,stempel,skjemle,signaking,stamp,signature
sikkerhet,trygghet,sikkerspil,sikkerspil,security,safety
trygg,sikker,velker,korre,safe,secure
sint,sjalu,koplu,evint,jealous,angry
sirkus,dyrehage,dyredant,sirdia,zoo,circus
sist,først,earst,angte,first,last
sitte,stå,gåf,sira,stand,sit
sivilisasjon,kultur,fatgur,sivilisalandsk,culture,civilization
sjåfør,passasjer,passatatt,båtfør,passenger,driver
sjarmerende,attraktivt,attrakbeid,pornomerende,attractive,charming
sjef,leder,sjog,sjvd,manager,boss
sjelden,av og til,encog til,bullden,occasionally,rarely
sjenerøs,medfølende,skapsfølende,charnerøs,compassionate,generous
sjokolade,sukker,hamker,kongekolade,sugar,chocolate
sjømann,sjørøver,gullråver,mermann,pirate,sailor
skade,sår,cur,kolde,wound,injury
skandale,sladder,klinder,krysdale,gossip,scandal
skap,kabinett,kabisarr,sken,cabinet,closet
skapning,monster,åndster,stumning,monster,creature
skilpadde,snegl,ludål,woodpadde,snail,turtle
signere,skjema,foså,isilt,form,sign
skip,mannskap,lekesap,skyl,crew,ship
skitten,ekkel,eksak,sverten,nasty,filthy
skje,hende,vaje,vaje,occur,happen
skjebne,forutbestemt,skulpne,skildne,fate,destiny
skjegg,hår,jær,skjeam,hair,beard
skjønnhet,sjarm,blarm,tredjehet,charm,beauty
sko,støvel,fikvel,hio,boot,shoe
skog,jungel,gasgel,skol,jungle,forest
skole,klasse,feltse,klale,class,school
skremme,bli redd,startme,sengeme,scare,frighten
skrive,lese,esse,hardve,read,write
skriving,lesning,camning,sideving,reading,writing
skuespiller,forfatter,foreninter,prissiller,author,actor
skuffelse,overraskelse,banderaskelse,flagfelse,surprise,disappointment
skulle ønske,lengsel,lapke,fullas ønske,desire,wish
nifs,skummelt,skumteam,sjarmel,scary,creepy
skyldig,uskyldig,skulpdig,røykdig,innocent,guilty
skyte,skudd,vaudd,tekte,shot,shoot
slag,krig,oiig,slul,war,battle
slagmark,arena,hadna,skormark,arena,battlefield
slange,pumpe,metpe,blokge,pump,hose
slange,mark,mame,blokge,worm,snake
slåss,kamp,kape,slans,combat,fight
slikke,suge,pege,beckke,suck,lick
slips,knyte,fyrde,sleys,bind,tie
smerte,lidelse,litikkse,pleite,suffering,pain
smør,honning,tjening,smhy,honey,butter
si,snakke,sveike,banske,talk,speak
snikskytter,skytter,kaffespoll,flamskytter,shooter,sniper
snø,regn,rame,jør,rain,snow
brus,limonade,bestemonade,pada,lemonade,soda
sol,måne,peln,eal,moon,sun
solar,lunar,lufel,sorik,lunar,solar
soloppgang,solnedgang,solnedslak,soloppders,sunset,dawn
sølv,gylden,hauden,søgd,golden,silver
generell,naturlig,nabøyelig,som rhugg,naturally,generally
søndag,lørdag,brådag,latdag,Saturday,Sunday
sonde,kapsel,skisel,fikde,capsule,probe
sone,område,ømkledde,solu,area,zone
sønn,datter,bufter,søss,daughter,son
avfall,søppel,søpmos,søpkar,trash,garbage
yndig,søt,golt,uet,sweet,cute
sove,hvile,kaule,solv,rest,sleep
soverom,rom,imm,sovepil,room,bedroom
spaghetti,lasagne,lahjørne,spahalvti,lasagna,spaghetti
spasere,lur,jær,horser,nap,stroll
speil,speilbilde,gjestbilde,kleil,reflection,mirror
spektakulær,oppsiktsvekkende,oppsiktsvekmathilde,vernetakulær,sensational,spectacular
spent,stolt,stodt,spict,proud,excited
spesialist,ekspert,eksrell,spesiawood,expert,specialist
spill,spille,åpenle,sperl,play,game
spiller,trener,tredob,knivler,coach,player
spise,mate,kete,kapse,feed,eat
spørre,spørsmål,salemål,quarre,question,ask
sport,hobby,honny,speet,hobby,sport
sprøyte,nål,etl,stripte,needle,syringe
stå imot,motstand,derstand,stå sjeg,resistance,resist
stadig,bestandig,begyntdig,stavel,always,constantly
stål,betong,behand,stfu,concrete,steel
stasjon,plattform,akuttform,missjon,platform,station
stat,føderal,fødenist,stæp,federal,state
statue,monument,monuerer,stanym,monument,statue
stearinlys,lampe,winpe,trigrinlys,lamp,candle
stein,berg,sttan,stann,rock,stone
stemme,flertall,snortall,fastme,majority,vote
sterkt,fast,lids,sterbo,firmly,strongly
sti,rute,aste,dai,route,path
stil,rytme,gafme,stea,rhythm,style
stillhet,stille,leiele,streihet,silent,silence
stjerne,kjendis,kjennan,sjakkne,celebrity,star
stol,bord,omud,sith,table,chair
stoppe,forhindre,forbløfre,tonepe,prevent,stop
storm,vind,viks,staim,wind,storm
støv,aske,asma,stås,ash,dust
støvete,rusten,lanten,blanvete,rusty,dusty
stråling,forurensning,farfriktning,portling,contamination,radiation
strategi,plan,nean,blantegi,plan,strategy
slå,treffe,boulfet,streya,hit,strike
struktur,pyramide,pyrasvarsde,sjekktur,pyramid,structure
studie,forskning,undersøførsteser,mengdere,research,study
stygg,ekkel,vicksting,stlig,disgusting,ugly
del,fragment,grenment,saumke,fragment,piece
sulten,trett,alett,dødten,tired,hungry
svak,sterk,stusk,svyh,strong,weak
svangerskap,fødsel,detsel,kickgerskap,birth,pregnancy
besvare,svar,svit,dokre,answer,reply
svart,hvit,pyit,svendt,white,black
svømme,drukne,æresne,strame,drown,swim
syk,dårlig,jegwill,alk,ill,sick
sykdom,influensa,instinkensa,kjedom,flu,disease
symbol,flagg,flopeg,chebol,flag,symbol
syn,åpenbaring,flambaring,tin,revelation,vision
syndrom,symptom,symperb,syndekk,symptom,syndrome
tenke,ta i betraktning,ta i betraegoire,synesaur,consider,think
synke,toalett,birlett,mukk,toilet,sink
system,nettverk,nettlett,syslon,network,system
slette,eliminere,skyteminere,tacwort,eliminate,remove
tåke,sky,vay,løke,cloud,fog
takke,takknemlig,hoffnemlig,sexke,grateful,thank
takknemlighet,gjestfrihet,homsefrehit,pølsenemlighet,hospitality,gratitude
talent,potensial,potensigurur,tagets,potential,talent
tallerken,bolle,faile,taletikken,bowl,plate
tann,spiker,belker,tayl,nail,tooth
tau,kjede,surde,hur,chain,rope
lag,liga,lifi,diam,league,team
teater,kino,kidé,vikter,cinema,theater
tegne,male,matikk,wiene,paint,draw
teknikk,metode,memengde,grunikk,method,technique
telefon,anrop,anart,telebrød,call,telephone
temperatur,varme,tisme,chrisperatur,heat,temperature
tenåring,tenårene,tentrek,tentrekk,teenage,teenager
tennis,golf,sulf,tenfar,golf,tennis
teori,idé,ézé,teiii,idea,theory
teppe,gulv,gyr,muepe,floor,carpet
test,eksperiment,eksperikards,tegi,experiment,test
tiår,århundre,årsøstre,tilow,century,decade
tidlig,sent,jont,vurlig,late,early
tillit,respekt,retrikt,tilsam,respect,confidence
tilstå,innrømme,inngullme,tilbus,admit,confess
tilstrekkelig,nok,awak,tilholdskelig,enough,sufficient
tiltrekke,oppmerksomhet,ottokanhet,tilstanke,attention,attract
tidsbryter,detonator,detonazepam,tikan,detonator,timer
tirsdag,mandag,mankow,karadag,monday,tuesday
tittel,navn,nalv,andtel,name,title
tjener,slave,yndve,lomner,slave,servant
tomat,potet,polis,toder,potato,tomato
tommel,finger,karger,mesmel,finger,thumb
torden,lyn,pun,kriden,lightning,thunder
tornado,orkan,ornoe,framnado,hurricane,tornado
tørst,sult,succ,akerest,hunger,thirst
tortur,pine,gyne,mastur,torment,torture
tradisjonell,moderne,mokratne,tradisjoplass,modern,traditional
tragisk,trist,lewsseg,lergisk,sad,tragic
tre,busk,hosk,cle,bush,tree
tre,en,cer,cle,one,three
trenge,nødvendig,sykevendig,horege,necessary,need
trening,utøve,øvehik,våkning,practice,exercise
triangel,sirkel,donkel,trianalfa,circle,triangle
trippel,dobbelt,dobborg,tripsar,double,triple
tro,håp,ørp,lio,hope,faith
tro,tillit,tilmad,lio,trust,believe
trofast,lojal,lorix,trofugl,loyal,faithful
trone,krone,sukne,vigne,crown,throne
trykk,knapp,dorpp,trøyk,button,press
tungt,tung,tupe,tuått,heavy,heavily
tunnel,bro,lefo,glanel,bridge,tunnel
tvist,konflikt,konskikk,edist,conflict,dispute
tygge,svelge,skroge,fasge,swallow,chew
tykk,tynn,tyss,taio,thin,thick
kalkun,kylling,nanling,clokia,chicken,turkey
uansvarlig,urimelig,svarmelig,uanfentlig,unreasonable,irresponsible
ubehagelig,ukomfortabel,tansakelig,transhagelig,uncomfortable,unpleasant
uke,måned,måmit,zie,month,week
ukentlig,daglig,ordlig,skrenlig,daily,weekly
ukjent,anonym,anoloy,ukarnt,anonymous,unknown
ytterste,endelig,enderens,ultiårin,final,ultimate
ulv,bjørn,dørn,kov,bear,wolf
ulykke,hendelse,hensynsse,eggeke,incident,accident
ulykke,uheldig,flekdig,eggeke,unfortunate,misfortune
udugelighet,evneløs,ebultøs,uvetle,inability,unable
etterforske,kontrollere,unskyldsøke,undersøkestorff,examine,investigate
undersøkelse,kontroll,undersøalfonse,undersøalfonse,examination,inspection
ung,gammel,lovmel,ågg,old,young
uniform,skilt,skett,kjøform,badge,uniform
unik,spesiell,spesigang,trik,special,unique
universitet,høyskole,blodskole,kjøttversitet,college,university
unnskyldning,tilgivelse,lergi,unnstengning,forgive,excuse
urettferdig,urettferdighet,stussperdighet,furtifardig,injustice,unfair
urin,blod,blig,okin,blood,urine
utdanning,helse,hejee,utdanvers,health,education
uteksaminering,diplom,dielen,utaksiminerad,diploma,graduate
utfall,resultat,resullins,utsolg,result,outcome
utfordring,hindring,rensring,utsparring,obstacle,challenge
utpressing,bestikkelse,bekjentkelse,utpresløst,bribe,blackmail
utruste,utstyr,utskin,utvoldte,equipment,equip
utstilling,galleri,jernleri,uttrykling,gallery,exhibition
uttalelse,kommentar,kommenfest,uttasjonsse,comment,statement
uttrykk,ordbok,ordtem,uttroll,dictionary,phrase
uttrykke,beskrive,betjenve,utvekske,describe,express
utvendig,innvendig,innflytdig,utbruddig,internal,external
utvikling,framgang,framders,utvikrams,progress,development
uventet,plutselig,hνorselig,jævetet,suddenly,unexpectedly
arm,hånd,håas,dårne,hand,arm
væske,flytende,uvake,semke,liquid,fluid
vakker,pen,kaitke,temker,pretty,beautiful
vaksine,motgift,antinil,drømsine,antidote,vaccine
valg,kampanje,villpanje,vaap,campaign,election
vampyr,zombie,guibie,vambun,zombie,vampire
vanilje,kanel,kaant,valentje,cinnamon,vanilla
vanlig,normal,turlig,borlig,ordinary,usual
vanligvis,normalt,norways,ståeligvis,normally,usually
våpen,pistol,pishen,vådig,pistol,weapon
våpen,rifle,wonle,vådig,rifle,gun
varebil,tilhenger,tilsideger,varesje,trailer,van
vaske,ren,ern,ensk,clean,wash
vaskebjørn,ekorn,uporn,kangedørn,squirrel,raccoon
våt,tør,rævke,ect,dry,wet
vedlikehold,service,servent,vedlikeriene,service,maintenance
vedlikeholde,bevare,betjenre,førstelikeholde,preserve,maintain
trollmann,magi,makur,statsviseren,magic,wizard
veldig,ekstremt,eksgrønt,vellyk,extremely,very
velger,kandidat,feildidat,kryogeren,candidate,voter
venn,kollega,langlega,vess,colleague,friend
vennlig,høflig,rytlig,voldlig,polite,friendly
vennskap,forhold,forflyt,franskap,relationship,friendship
venstre,høyre,ikkepants,verdsre,right,left
ventilasjon,ventil,lovtil,ventilaments,valve,ventilation
venus,mars,maor,verys,mars,venus
verden,internasjonal,implanksjonal,studen,international,world
verdig,fortjene,forspione,bildig,deserve,worthy
verdighet,stolthet,klosthet,verdigring,pride,dignity
verdiløs,ubrukelig,lazakelig,partløs,useless,worthless
vestlig,sørlig,surhil,vastkys,southern,western
vet,nå,du,jøt,now,know
vev,hud,ødd,tav,skin,tissue
video,dvd,jød,vibon,dvd,video
viktig,verdifullt,verdisinsk,teatig,valuable,important
vinne,gevinst,getiskt,spene,gain,win
vinner,taper,taene,vindas,loser,winner
vinter,sommer,galmer,høyter,summer,winter
virksomhet,industri,inducutt,tjuvsomhet,industry,business
vite,gjenkjenne,cherue igjen,visstetulu,recognize,knew
vitamin,protein,protale,vitaburg,protein,vitamin
vitenskap,teknologi,kongenologi,vitentens,technology,science
vitnesbyrd,vitne,armne,vitnesnoge,witness,testimony
vits,triks,kviks,ents,trick,joke
vodka,whisky,guilky,nukka,whiskey,vodka
watson,sherlock,firelock,lofson,sherlock,watson
nett,internett,interback,pob,internet,web
greit,ok,akeit,yeod,okay,yeah
ytterligere,ekstra,ekslos,ytkroppsligere,extra,additional
