pt_target,pt_cue,pt_fake_cue,pt_fake_target,en_cue,en_target
gentil,suave,suaming,ífientil,soft,gentle
abandono,sair,sawa,quesdono,leave,abandon
abdominal,espinal,espilhou,abdomilhões,spinal,abdominal
raptar,seqüestrar,seqüeston,abtucky,kidnap,abduct
abraço,beijo,sarjo,lhanço,kiss,hug
abrigo,refúgio,refúnhar,acomgo,refuge,shelter
absurdo,ridículo,rimaiúsculo,abplendo,ridiculous,absurd
acampamento,piquenique,pinchequia,triunpamento,picnic,camping
aceitar,recusar,recupões,quistar,refuse,accept
acidente,incidente,incicluíste,exerdente,incident,accident
acima,abaixo,claxa,minma,down,up
aço,concreto,conamonto,uto,concrete,steel
acompanhar,escolta,esalista,acomparisa,escort,accompany
acontecer,ocorrer,exerrer,guartecer,occur,happen
acordo,contrato,coneleito,agrido,contract,agreement
acreditam,confiança,configouna,quesditam,trust,believe
acusação,reclamação,clemaração,gressação,complaint,accusation
adicional,extra,expli,fluêncional,extra,additional
administrativo,gestão,aretão,admicistão,management,administrative
adolescente,adolescência,triunlescência,adolestruiste,teenage,teenager
adrenalina,hormônio,holtznio,oriunnalina,hormone,adrenaline
aeroporto,terminal,termicros,guataporto,terminal,airport
pia,banheiro,bagensro,adordar,toilet,sink
agência,empresa,emamassa,avigcia,firm,agency
agendar,calendário,catraiadário,standar,calendar,schedule
agradecer,grato,fleto,queidecer,grateful,thank
ainda,já,yá,oteda,already,still
ajudar,ajuda,broda,opedar,help,assist
alarme,alerta,ocorta,traime,alert,alarm
alegria,prazer,acezer,aletair,pleasure,joy
alfa,bravo,volso,alzer,bravo,alpha
algo,nada,resda,altís,nothing,something
algodão,seda,guida,algoliga,silk,cotton
álibi,motivo,identivo,saybi,motive,alibi
almoço,lanche,larten,almozart,snack,lunch
alteza,majestade,maafrontade,altelefô,majesty,highness
alto,baixo,claxo,trito,low,high
altura,peso,peder,albertra,weight,height
alucinação,ilusão,vessão,strescinação,illusion,hallucination
alvorecer,pôr do sol,pôr dobhan,alvoretrans,sunset,dawn
namorado,amante,emiste,namonste,mistress,lover
amar,odiar,lasar,ampi,hate,love
amarelo,vermelho,aglomelho,ocorrelo,red,yellow
amedrontar,susto,drato,amealistar,scare,frighten
américa,áfrica,scroca,eclerica,africa,america
amigáveis,educado,atincado,amigáford,polite,friendly
amigo,colega,coobriga,tergo,colleague,friend
amizade,relação,relagens,sforzade,relationship,friendship
ampla,estreito,esquinto,ammax,narrow,wide
análise,autópsia,auprússia,chiplise,autopsy,analysis
andar,corre,trare,antiá,run,walk
animado,orgulhoso,orguagresso,traumado,proud,excited
animal,fera,curra,quamal,beast,animal
dia de nascimento,aniversário,astresversário,nascomento,anniversary,birthday
apanhar,agarrar,atrorar,drinhar,grab,catch
apartamento,casa,cador,soututamento,house,apartment
apreciar,admirar,admilhei,tranciar,admire,appreciate
aprovação,permissão,anadomissão,enervação,permission,approval
aquele,que,rwe,quille,what,that
arame,cabo,símbo,matme,cable,wire
convés,cabine,proibine,mangwaa coberta,cabin,deck
areia,lama,lagem,arona,mud,sand
arma,pistola,electola,arnho,pistol,weapon
arma de fogo,rifle,rinau,arma de rensky,rifle,gun
armaduras,escudo,esbrindo,armadunholm,shield,armor
armário de roupa,gabinete,ganeshanete,armário de rblishing,cabinet,closet
armazenar,fazer compras,fazer corothy,armazelhões,shop,store
arquiteto,engenheiro,engelingaro,merquiteto,engineer,architect
arrogância,ignorância,ignorânlhões,arrodrickcia,ignorance,arrogance
armaria,arsenal,arseresh,arsebres,arsenal,armory
artéria,veia,veti,artéções,vein,artery
artificial,natural,natugens,artificiallegheny,natural,artificial
artilharia,cavalaria,cavalakesho,arlitisoria,cavalry,artillery
árvore,arbusto,arclepto,inexvore,bush,tree
assassinato,suicídio,acoscídio,massesinato,suicide,murder
assassino,mercenário,aplaucenário,asnorthsino,mercenary,assassin
homicida,assassino,asnortsino,honortsida,killer,murderer
assinatura,carimbo,castrabo,asmanganatura,stamp,signature
assistência,"apoio, suporte","apoio, supkelway",astronôtência,support,assistance
assistente,secretário,seventutário,astronôtente,secretary,assistant
assistir,veja,velhe,assisguem,look,watch
assobiar,buzina,chinil,assobiliões,horn,whistle
agressor,vítima,tlântima,frescante,victim,attacker
ataque,invasão,invagil,barque,invasion,attack
atirador de elite,atirador,tranrador,atirador de echenwald,shooter,sniper
atirar,tiro,afirmuda,clarar,shot,shoot
atitude,opinião,crínião,sumptude,opinion,attitude
ativar,acionar,exeronar,atorás,trigger,activate
atividade,ativo,culvo,crestvidade,active,activity
atlântico,pacífico,patransfico,cathetico,pacific,atlantic
atmosfera,meio ambiente,mio amburgente,attriunfera,environment,atmosphere
ato,gesto,taito,guo,gesture,act
ator,autor,aubri,gror,author,actor
atrai,atenção,pleição,atnii,attention,attract
apresentação,exposição,exposideuin,quesação,show,performance
refrescar,fresco,amasco,kingsalizar,fresh,refresh
ausência,presença,praqueça,auvoircia,presence,absence
autoridade,jurisdição,juaplaudição,autoridadelinqüen,jurisdiction,authority
avaliação,observação,observanaugh,grizzliação,observation,evaluation
avó,vô,vu,zó,grandfather,grandmother
azul,castanho,preitanho,azza,brown,blue
bacon,brinde,everde,banus,toast,bacon
bala,calibre,calicais,quila,caliber,bullet
banda,orquestra,orlocktra,verda,orchestra,band
banheiro,chuveiro,chuamarro,bakersro,shower,bathroom
barato,caro,douro,maratomas,expensive,cheap
barba,cabelo,cabereis,apaba,hair,beard
barco,submarino,nightmarino,lusco,submarine,boat
barco,tripulação,atraíspe técnica,lusco,crew,ship
bar,clube,kunbe,reira,club,bar
baseball,estádio,estágens,basenapps,stadium,baseball
batalha,guerra,iguara,batagens,war,battle
batalhão,regimento,mergimentoma,batabert,regiment,battalion
baunilha,canela,bournela,romônilha,cinnamon,vanilla
bêbado,sóbrio,sótuir,plasbado,sober,drunk
beco,canto,histo,belun,corner,alley
beleza,charme,cashme,beleques,charm,beauty
bilhão,milhão,minhes,biquei,million,billion
biologia,química,elécmica,biololhões,chemistry,biology
biológico,químico,tripmico,naulógico,chemical,biological
bochecha,lábio,lágri,bogrischa,lip,cheek
bolo,sobremesa,soquilômesa,deslo,dessert,cake
boné,óculos,codir,bokov,glasses,cap
meigo,doce,domin,bonitituíam,sweet,cute
boston,washington,washingboud,fruton,washington,boston
braço,mão,jóo,solço,hand,arm
brilhante,brilhar,brinhos,briamorte,shine,bright
brinquedo,boneca,boatraca,subsquedo,doll,toy
bruxa,maldição,mingamentoma,plexa,curse,witch
bruxo,magia,maçal,pisxo,magic,wizard
traseiro,rabo,raibor,mitdeiro,ass,butt
cadáver,corpo,despo,cadánais,body,corpse
cadeira,mesa,tacharla,calharra,table,chair
café,xícara,pleucara,caors,cup,coffee
café da manhã,jantar,mestar,fade ro tranhã,dinner,breakfast
calcular,contar,convic,prescular,count,calculate
calma,quieto,traneto,inima,quiet,calm
cama,sofá,soleo,perma,sofa,bed
caminhão,jipe,colpe,camiquez,jeep,truck
caminho,rota,peita,camições,route,path
campeonato,competição,concorpiõescia,campeonatomashevsky,competition,championship
campo de batalha,arena,sosna,campo de baolworth,arena,battlefield
câncer,tumor,tunut,grecer,tumor,cancer
caneta,papel,paast,caplanta,paper,pen
capela,igreja,ideija,prospela,church,chapel
capitalismo,anarquia,glasquia,capitakehayamo,anarchy,capitalism
capitão,comandante,comancheckte,capinhal,commander,captain
cardeal,bispo,pêmto,droideal,bishop,cardinal
carga,frete,benga,munga,load,cargo
carro,veículo,stahculo,dioro,vehicle,car
carta,telegrama,teleatherma,jecta,telegram,letter
carteira,bolso,cesso,preiteira,pocket,wallet
cartel,máfia,májar,carnor,mafia,cartel
casado,solteiro,aterteiro,caçõesdo,single,married
casamento,divórcio,digrescio,caçõesdo,divorce,marriage
casamento,noivado,agenvado,masamento,engagement,wedding
castelo,palácio,palásões,aprotelo,palace,castle
causa,razão,raçõe,exisa,reason,cause
cavalo,burro,garmas,cavações,donkey,horse
cebola,alho,albá,cecharla,garlic,onion
cedo,atrasado,gressado,dindo,late,early
celestial,céu,guá,ceatractial,sky,heavenly
cemitério,cova,colom,cemitélhões,grave,cemetery
centenas,mil,anl,centelefô,thousand,hundred
centímetro,milha,mitis,centímebacis,mile,centimeter
cerca,muro,muçul,brica,wall,fence
cerca de,fora,meira,cercaxeis,out,about
cerebral,encéfalo,cérenais,ceredish,brain,cerebral
cerimônia,ritual,rinhasal,ceucrania,ritual,ceremony
cerveja,beber,benig,tranveja,drink,beer
chama,incêndio,insubadio,perma,fire,flame
champanhe,vinho,vidar,agrepanhe,wine,champagne
chantagem,suborno,sufresno,acertagem,bribe,blackmail
chapéu,capacete,capatruiste,chaguá,helmet,hat
charuto,fumaça,fumaveis,querruto,smoke,cigar
chefe,gerente,getaiste,liffe,manager,boss
chefe de cozinha,cozinheiro,cozipanthro,chafo de coselati,cook,chef
cheio,vazio,vadei,toeio,empty,full
cheiro,gosto,apoto,apairo,taste,smell
chocolate,açúcar,xaicar,transcolate,sugar,chocolate
cicatriz,tatuagem,tatuamonds,cicamiäo,tattoo,scar
cidade,capital,capinhei,presdade,capital,city
ciência,tecnologia,aplaunologia,ciênções,technology,science
cientista,gênio,gêdem,cienglandta,genius,scientist
cigarro,tabaco,tabalhei,citreiro,tobacco,cigarette
cínico,ingênuo,ingêgett,starnico,naive,cynical
circo,jardim zoológico,zardom loogerdico,pulco,zoo,circus
cirurgia,operar,lhorar,ciatingia,operate,surgery
civilização,cultura,agratura,civilizanhar,culture,civilization
clássico,típica,olhaica,millsico,typical,classic
cliente,paciente,acresciente,loweente,patient,client
clínica,hospital,prenpital,avernica,hospital,clinic
cobra,verme,cheme,cosei,worm,snake
coelho,raposa,raamassa,coepera,fox,rabbit
colapso,cair,cavá,coemisso,fall,collapse
colar,anel,ansa,cotes,ring,necklace
faminto,cansado,gressado,famani,tired,hungry
desculpar,perdoar,abandoar,descloper,forgive,excuse
combustível,gás,cës,comonuetível,gas,fuel
comédia,drama,pisma,comésões,drama,comedy
comer,alimentação,alimentaríeis,covia,feed,eat
comerciante,comercial,coplandcial,canageiciante,commercial,merchant
comissário,inspetor,inspeland,conahansário,inspector,commissioner
comitê,comissão,colhersão,comigahl,commission,committee
compaixão,paciência,paciênlhões,compaicões,patience,compassion
completamente,absolutamente,absolucarra,comeniatamente,absolutely,completely
completo,total,toney,comkripto,total,complete
comprador,vendedor,vendepres,comguildor,seller,buyer
compreendo,entender,entennhas,transpreendo,realize,understand
comprimento,tamanho,tamadras,maprimento,size,length
pílula,comprimido,tácet,commonwemido,tablet,pill
computador,programa,proqueimas,computaríeis,software,computer
comunicação,navegação,navegalahad,comunicatalyst,navigation,communication
comunidade,sociedade,socielinque,comulinidade,society,community
comunista,racista,ralheita,comuaguenta,racist,communist
concentrar,foco,fomen,contraiatrado,focus,concentrate
condessa,barão,banas,contraísa,baron,countess
condutor,passageiro,passapanthro,conguções,passenger,driver
conexão,contato,prestato,conerius,contact,connection
confessar,admitir,adminais,conatrasar,admit,confess
confiança,respeito,restracto,kadafiança,respect,confidence
confidencial,delicado,delivingado,nerfidencial,delicate,sensitive
confirme,confirmação,conmahatmação,conaglome,confirmation,confirm
confusão,caos,racai,confurões,chaos,confusion
congelar,derreter,terreder,congenhei,melt,freeze
conhaque,rum,uém,coquerque,rum,cognac
conheça,vejo,vedam,cotrança,see,meet
conhecer,agora,vilra,coprancer,now,know
conhecimento,experiência,experinfluer,conhemamento,experience,knowledge
aconselhar,conselho,consenía,consenía,advice,advise
constantemente,sempre,semsäo,stephatantemente,always,constantly
constituição,lei,jei,baquátituição,law,constitution
construção,torre,prire,aprotrução,tower,building
construir,construção,aprotrução,consríeis,construction,build
contar,dizer,dicos,convic,say,tell
conteúdo,conter,convin,concluíte,contain,content
contrário,oposto,olímto,concluírio,opposite,contrary
convento,orfanato,mesorfanato,concripto,orphanage,convent
cópia,original,guarginal,cópiaratha,original,copy
corajoso,nobre,nolen,coraagresso,noble,brave
corda,corrente,cakett,lhada,chain,rope
coronel,general,doneral,corolhas,general,colonel
corporação,companhia,compaaçäo,transporação,company,corporation
correto,errado,erguerdo,truireto,wrong,correct
corrida,maratona,maranhõesna,truirida,marathon,race
cortar,rasgar,rasqui,guntar,tear,cut
costa,praia,ploa,neuta,beach,coast
crânio,osso,osval,rubnio,bone,skull
criança,bebê,bedan,ishaança,baby,child
criatividade,imaginação,aprenginação,criativilinque,imagination,creativity
criatura,monstro,apóstro,aguenatura,monster,creature
crime,pecado,agricado,marme,sin,crime
criminoso,ladrão,laglas,roquíminoso,thief,criminal
crise,situação,situatrais,rêsse,situation,crisis
cristão,católico,calhauslico,crisney,catholic,christian
cronômetro,detonador,detonatalya,calypmetro,detonator,timer
cruel,brutal,bruney,borel,brutal,cruel
crueldade,mal,oul,rapaeldade,evil,cruelty
culpado,inocente,adapcente,atrapado,innocent,guilty
curar,recuperar,vacuperar,culou,recover,heal
dança,dançarino,apresçarino,fraça,dancer,dance
dar,oferta,fredta,ñor,offer,give
década,século,exerculo,afircada,century,decade
declaração,comentário,cobrirte,desaphiração,comment,statement
dedão,dedo,desas,decal,finger,thumb
defender,proteger,protenant,destrider,protect,defend
definição,conceito,corquanto,definichiwa,concept,definition
deixar,permitir,permiguem,deimão,allow,let
esquerda,direita,sulto,deirai,right,left
delicioso,saboroso,sapanthroso,deliciosomething,tasty,delicious
demissão,renúncia,recriácia,denharsão,resignation,dismissal
democracia,liberdade,liaplaudade,demofluência,freedom,democracy
manifestação,protesto,prokrypto,derehamtração,protest,demonstration
dente,unha,ungi,orite,nail,tooth
depressão,estresse,eseloise,dericksão,stress,depression
derrota,vitória,vitóções,serrotal,victory,defeat
desafio,obstáculo,aguentáculo,desaquez,obstacle,challenge
desagradável,desconfortável,desconsequêntável,desagrudari,uncomfortable,unpleasant
desaparecimento,morte,deute,desapamase,death,disappearance
desapontamento,surpresa,tranpresa,mapontamento,surprise,disappointment
desconhecido,anônimo,clainimo,descosequêncido,anonymous,unknown
descrição,perfil,perloé,desinacção,profile,description
desejar,desejo,deseguem,desequem,desire,wish
desenhar,pintar,atitar,desequei,paint,draw
desenvolvimento,progresso,proaquoso,masolvimento,progress,development
destino,fado,quantino,quantino,fate,destiny
destruição,criação,alheação,desadopção,creation,destruction
determinação,coragem,coranhos,devonshiminação,courage,determination
detetive,agente,cointe,deexaustive,agent,detective
dever,responsabilidade,linonsabilidade,decam,responsibility,duty
devoção,fidelidade,lidefadade,devogler,fidelity,devotion
dezembro,novembro,novemtões,demandro,november,december
diabo,anjo,ansat,diaring,angel,devil
diferente,semelhante,smebacoste,difecluíste,similar,different
dignidade,orgulho,orgurões,aplaunidade,pride,dignity
dinamite,pólvora,sayavora,dinatalyate,gunpowder,dynamite
soar,sibilar,pite,cang,ping,ding
dinheiro,numerário,dicaisro,diamarro,cash,money
diretamente,direto,maireto,diretataíste,direct,directly
diretor,produtor,produrant,diregres,producer,director
discussão,conversação,conversatoshi,distraisão,conversation,discussion
dispositivo,chipe,apuca,alphonpositivo,chip,device
disputa,conflito,concausto,aproputa,conflict,dispute
distante,próximo,tranximar,plantante,near,far
distrito,município,municílhões,disquanto,county,district
divino,deus,deki,divilhar,god,divine
divisão,unidade,cluídade,divinhas,unit,division
doação,caridade,calhausdade,doalhei,charity,donation
documento,arquivo,aratrevo,documanscho,file,document
doença,gripe,alope,doentrei,flu,disease
doente,enfermo,efernalate,apreente,ill,sick
dólar,libra,lichi,dómen,pound,dollar
domingo,sábado,efecbado,dobrargo,Saturday,Sunday
dor,sofrimento,masfrimento,eir,suffering,pain
dormir,descanso,desaquoso,quamir,rest,sleep
doutor,cirurgião,cirurtéis,sistor,surgeon,doctor
último,primeiro,priabalro,duzes,first,last
duro,difícil,difílers,ceiro,tough,hard
educação,saúde,kride,aponcação,health,education
efeito,influência,inglewocia,chento,influence,effect
eficaz,útil,útoi,efisoe,useful,effective
egoísta,teimoso,shanmoso,truísta,stubborn,selfish
elegante,moda,modru,drugrante,fashionable,elegant
eleição,campanha,aperpanha,inesção,campaign,election
eleitor,candidato,masenditado,exaltor,candidate,voter
elemento,fator,faret,abdômento,factor,element
eletricidade,atual,breal,elesequêncidade,current,electricity
elétrico,magnético,aprennético,triptrico,magnetic,electric
em algum lugar,em outro lugar,em outro cords,em algum telly,elsewhere,somewhere
informação,dados,daram,em formdrais,data,information
emergência,urgente,urabaste,traugência,urgent,emergency
emocional,mental,menper,aprescional,mental,emotional
empreendedor,milionário,milionálandos,empreedeata,millionaire,entrepreneur
empregada,babá,bameu,emblagada,nanny,maid
empréstimo,crédito,babydito,embaquátimo,credit,loan
encantador,atraente,loveente,englistador,attractive,charming
amável,legal,levens,amaltador,nice,lovely
encontrar,procurar,procupeis,enconcluí,search,find
encontro,conferência,confeathercia,enconnais,conference,meeting
energia,potência,ponhamcia,atorgia,power,energy
engraçado,inteligente,inteliatraíste,endlessçado,witty,funny
ensinar,aprender,dewinder,ensiveis,learn,teach
enterrar,escavação,escavanau,entersect,dig,bury
entrada,saída,kimda,enacorda,exit,entrance
epidemia,praga,falga,adopdemia,plague,epidemic
episódio,series,sequeses,acessódio,series,episode
equipar,equipamento,transpamento,montpar,equipment,equip
equipe,liga,liber,exaspe,league,team
ereção,orgasmo,orachamo,giução,orgasm,erection
erro,falta,sonro,calro,error,mistake
escândalo,fofoca,foqueica,estigüidalo,gossip,scandal
escapar,fugir,funet,escaguem,flee,escape
escola,classe,tuísse,escobris,class,school
escrevendo,lendo,sumptura,escrebushido,reading,writing
escrita,leitura,sumptura,espulôver,read,write
escritor,poeta,squeeta,esalastor,poet,writer
escritório,escrivaninha,escrivanicos,estaçäotório,desk,office
espaguete,lasanha,lasatéia,espatrickte,lasagna,spaghetti
especialista,perito,pecialista,pecialistaca,expert,specialist
espelho,reflexão,refletriz,espegues,reflection,mirror
esperar,aguarde,almônde,espenhei,wait,expect
espetacular,sensacional,sensaciodei,epetacovai,sensational,spectacular
espírito,alma,quema,esmitiro,soul,spirit
esporte,passatempo,passaravaco,eslhaste,hobby,sport
esposa,marido,maabando,esamassa,husband,wife
estação,plataforma,platalhõesma,estagens,platform,station
estado,federal,fedeflec,espreido,federal,state
estátua,monumento,sumentoma,estáball,monument,statue
estilo,ritmo,erómo,estituir,rhythm,style
estrangeiro,ovni,ufló,españolgeiro,ufo,alien
estranho,incomum,incodric,esolhinho,unusual,strange
estratégia,plano,presno,espaltégia,plan,strategy
estrela,celebridade,celemansidade,escharla,celebrity,star
estrutura,pirâmide,pinhõesmide,espiõestura,pyramid,structure
estudo,pesquisa,pespressa,esprende,research,study
estupidez,loucura,grescura,estupitrais,madness,stupidity
estúpido,ingênuo,ingêge,espiõespido,naïve,stupid
carne de boi,carne de porco,parne di pitis,eupiã,pork,meat
evento,fenômeno,huffmeno,preito,phenomenon,event
eventualmente,finalmente,fiqueismente,sandwitualmente,finally,eventually
exagerar,subestimar,subestilhões,apergerar,underestimate,exaggerate
ótimo,excelente,excetrackte,excetrackte,excellent,great
exclusivo,especial,espequeñoal,extrairsivo,special,unique
execução,enforcamento,aguardurado,execupais,hanging,execution
exercício,prática,steitica,aliscício,practice,exercise
exército,legião,leguiu,braccito,legion,army
exibição,galeria,galeques,exibioquí,gallery,exhibition
explodir,explodido,exrecôndido,exbrandir,burst,explode
explosão,terremoto,tometor,exomissão,earthquake,explosion
explosivo,bombear,guarbear,exagressivo,bomb,explosive
expressar,descrever,deshanôver,exatrasar,describe,express
externo,interno,inaquino,exaquino,internal,external
faca,espada,esacorda,famin,sword,knife
fácil,impossível,impossítrais,fábri,impossible,easy
falar,palestra,palessing,fares,talk,speak
falha,sucesso,suplanso,fanes,success,failure
falso,imitação,bússo,praso,fake,FALSE
família,clã,zeã,famísões,clan,family
famoso,popular,popuxões,fapresso,popular,famous
fantasia,realidade,vaealidade,fantaques,reality,fantasy
fantástico,maravilhoso,maravineardo,fanbaquático,wonderful,fantastic
farinha de trigo,grão,gret,tarinha de jasthan,grain,flour
fatal,mortal,restal,famos,deadly,fatal
fax,correspondência,seqüesrespondência,oix,mail,fax
faz,fazer,fagam,oli,make,do
fé,esperança,espequeñoça,êm,hope,faith
febre,tosse,spise,femon,cough,fever
fechado,trancado,aprecado,featordo,locked,closed
fechar,abrir,abeur,fetria,open,close
fecho,abertura,criptura,feeld,opening,closure
federação,colônia,crocnia,federanhões,colony,federation
feio,digusting,digusrifty,ferdi,disgusting,ugly
feliz,satisfeito,matisfeito,fesac,satisfied,happy
feminino,masculino,madon,fêlak,male,female
feriado,natal,nanos,transriado,christmas,holiday
ferida,lesão,lesguarde,feguarda,wound,injury
festa,recepção,retruição,honta,reception,party
festival,carnaval,carnanhou,abratival,carnival,festival
fiel,leal,legra,siel,loyal,faithful
fígado,rim,muim,prongado,kidney,liver
filho,filha,ficíl,firam,daughter,son
filme,pornô,pomaô,janme,porn,movie
final,último,fizés,fires,final,ultimate
finalizar,fim,õem,finalivias,end,finish
financeiro,bancário,aplicário,finanpanthro,banking,financial
financiamento,orçamento,moçamento,manciamento,budget,funding
financeira,financeiramente,finamaramente,minanciamento,financially,financing
físico,sexual,seatrial,plassico,sexual,physical
flor,planta,agartar,fubi,plant,flower
floresta,selva,tinva,atenresta,jungle,forest
fluido,líquido,lípseudo,frendo,liquid,fluid
fogão,forno,bagno,folam,oven,stove
vigor,força,mança,vimança,strength,force
formiga,abelha,maylha,oquímiga,bee,ant
fortemente,pesado,pedreido,cluístemente,heavy,heavily
fortemente,firmemente,exausmemente,cluístemente,firmly,strongly
fortuna,tesouro,tetreiro,eventuna,treasure,wealth
foto,imagem,marto,marto,picture,photo
fotógrafo,autógrafo,auchamgrafo,foliografo,autograph,photographer
fraco,forte,abste,blico,strong,weak
francês,inglês,ingree,franjid,english,french
frase,dicionário,diciodandos,donse,dictionary,phrase
frase,palavra,paladogs,donse,word,sentence
fraude,conspiração,aprenpiração,bridde,conspiracy,fraud
frio,caloroso,camashiroso,fres,warm,cool
frota,naval,naxos,hanta,naval,fleet
fruta,maçã,manaf,rinta,apple,fruit
fugitivo,refugiado,fuexiado,fuexaustivo,refugee,fugitive
funcional,operacional,sandiracional,acrescional,operational,functional
furgão,trailer,reboxing,zingão,trailer,van
fúria,raiva,stava,fútes,anger,rage
futebol,basquetebol,fasquete,bosfute,basketball,football
galáxia,universo,aperverso,galálers,universe,galaxy
ganhar,ganho,gazer,galhei,gain,win
garagem,oficina,exercina,garanhos,workshop,garage
garçonete,garçom,garems,triunçonete,waiter,waitress
garfo,colher,colong,volfo,spoon,fork
garotas,rapazes,rapalhar,garoquei,boys,girls
menino,menina,melhanna,masgoto,girl,boy
garrafa,vidro,viças,cheirafa,glass,bottle
gastar,desperdício,destruísdício,sultar,waste,spend
gato,cão,esgo,ganis,dog,cat
gay,lésbica,quânbica,gaib,lesbian,gay
generoso,compassivo,comonvesivo,gechihiroso,compassionate,generous
geralmente,naturalmente,naturalatraíste,genheimmente,naturally,generally
girar,virar,videm,gidei,turn,rotate
global,nacional,nacioclips,thebal,national,global
glória,glorioso,apresrioso,cayria,glorious,glory
gorila,macaco,macalhau,gocharla,monkey,gorilla
governo,administração,vadministrai,gojono,administration,government
graduado,diploma,diacalma,chengduado,diploma,graduate
grama,quilo,mallo,torma,kilo,gram
grandes,curto,neuto,atindes,short,long
gratidão,hospitalidade,hospitalinque,gratigues,hospitality,gratitude
gratuitamente,grátis,lilgualmente,grakenyattamente,freely,free
gravação,registro,readentro,consvação,record,recording
gravata,faixa,linos,consvata,bind,tie
gravidez,nascimento,nasestimento,gravilhão,birth,pregnancy
grego,romano,acalmano,volgo,roman,greek
golpe,bater,baria,corve,hit,strike
grosso,fino,stanar,apesso,thin,thick
grupo,gangue,suigue,cappo,gang,group
manter,espera,esagarra,equida,hold,keep
guaxinim,esquilo,esdownlo,guaxigart,squirrel,raccoon
guerreiro,soldado,aterdado,abaireiro,soldier,warrior
guitarra,piano,screano,plantarra,piano,guitar
habilidade,capacidade,lapacidade,labilidadem,capacity,ability
hamburger,sanduíche,sanpranche,atoruge,sandwich,hamburger
harmonia,equilíbrio,frudo,harmozart,balance,harmony
helicóptero,ambulância,ambulânlhões,heliseqüentero,ambulance,helicopter
hematoma,"coçar, arranhão","coçar, arnewick",eatertoma,scratch,bruise
herdar,herança,hedleyça,quidar,heritage,inherit
heroína,cocaína,cobreina,heshana,cocaine,heroin
hidrogênio,carbono,trombono,hidrogêlhões,carbon,hydrogen
hiv,aids,auxinhos,muv,aids,hiv
batman,super-homem,super hluth,badma,superman,batman
honestidade,lealdade,lealtruísde,horovistidade,loyalty,honesty
honesto,decente,derickte,hotricto,decent,honest
honra,privilégio,madavilégio,fesra,privilege,honor
horrível,terrível,consrível,atenrível,terrible,horrible
humano,homem,holie,presmano,man,human
idiota,tolo,engalhos,sparota,fool,idiot
imenso,grande,atinde,everso,big,huge
imperador,imperial,imperigueia,imperanhões,imperial,emperor
império,dinastia,dilheitia,impéções,dynasty,empire
importância,significado,baryshnificado,importânlhões,meaning,importance
importante,valioso,vasuboso,imaguentante,valuable,important
impossível,incapacidade,lapacidade,impossítrais,inability,unable
impotente,desamparado,denethorparado,impodrite,helpless,powerless
impressão digital,dna,nõs,gimpres digelto,dna,fingerprint
impressionar,bajular,bajunius,impressiodei,flatter,impress
imundo,nojento,noprocto,stindo,nasty,filthy
incrível,impressionante,pressionuli,insubsvel,impressive,amazing
indicar,apontar,frentar,indições,point,indicate
individual,pessoa,pestín,gividualeni,person,individual
inesperadamente,de repente,de repegadha,chiperadamente,suddenly,unexpectedly
infância,juventude,verhaventude,investcia,youth,childhood
infecção,vírus,vígie,intruição,virus,infection
inferior,superior,tolia,inferigueia,top,bottom
inferno,paraíso,palhemso,injohnno,paradise,hell
informante,fonte,blete,inkleinmante,source,informant
informar,relatar,chilatório,inalmar,report,inform
infortúnio,infeliz,infenels,incluístúnio,unfortunate,misfortune
injeção,dose,resse,injeremy,dose,injection
injusto,injustiça,insigutiça,intrepto,injustice,unfair
inseto,aranha,aramai,mesinto,spider,insect
inspeção,exame,sarme,inspenhei,examination,inspection
inspiração,inspirar,inspinhos,inspiranhões,inspire,inspiration
instrumento,ferramenta,shayeramenta,minstamento,tool,instrument
inteligente,esperto,esperiatro,inteliatraíste,smart,intelligent
intenção,propósito,obexaustivo,intenberg,purpose,intention
intencionalmente,acidentalmente,seqüesdentalmente,intecionaxiphan,accidentally,intentionally
interessante,excitante,excifrõeste,interespleite,exciting,interesting
íntimo,pessoal,transoal,exertimo,personal,intimate
intuição,instinto,inseleito,inconsção,instinct,intuition
inútil,sem utilidade,stackhousem utilidade,raftil,useless,worthless
inverno,verão,velhi,injohnno,summer,winter
investidor,banqueiro,bannockro,investituíam,banker,investor
investigador,analista,anatomyta,incluíamtigador,analyst,investigator
investigar,examinar,aperminar,investimesha,examine,investigate
investir,finança,fiaqueça,invesguem,finance,invest
ir,entrar,enclau,ne,enter,go
irmão,irmã,ircao,irtua,sister,brother
irônico,ironia,pucnia,elípnico,irony,ironic
irresponsável,irracional,irraciodei,irrespondrias,unreasonable,irresponsible
isca,armadilha,armadiríeis,prica,trap,bait
jaqueta,camisa,camicros,jafronta,shirt,jacket
joelho,ombro,omjos,joepers,shoulder,knee
jogador,técnico,gramnico,jogações,coach,player
jogo,jogar,josete,joset,play,game
jóia,diamante,diacrestte,dvia,diamond,jewel
jornal,artigo,artituir,grinal,article,newspaper
jornalista,repórter,rehámster,aguennalista,reporter,journalist
juiz,tribunal,tribukows,jupé,court,judge
julho,junho,juges,juran,june,july
julieta,romeu,roteur,juliraim,romeo,juliet
júnior,senior,seguíaor,damônier,senior,junior
juramento,xingar,dexgar,muramenas,swear,oath
legal,ilegal,ilezia,juaplaudico,illegal,legal
justiça,vingança,vincresça,amartiça,revenge,justice
lá,aqui,alui,ze,here,there
dentro,fora,meira,dranto,outside,inside
lagarto,rã,gö,laconsto,frog,lizard
lago,rio,feo,larin,river,lake
lagosta,atum,atu,laplanta,tuna,lobster
lamber,chupar,tirpar,atuber,suck,lick
laranja,verde,tóide,latourja,green,orange
lavagem,limpar,caipar,lavalhas,clean,wash
leão,dragão,drapou,lebi,dragon,lion
lembrar,esqueço,esabraço,junbrar,forget,remember
lenço,pano,patia,farço,cloth,handkerchief
lenda,mito,micas,toyda,myth,legend
leste,oeste,antte,warte,west,east
liberal,conservador,conservanau,libenoit,conservative,liberal
líder,membro,sobrol,lícía,member,leader
limusine,táxi,tánhá,livinganie,taxi,limousine
lindo,bonito,bonimo,gosdo,pretty,beautiful
ling,ming,bong,lisz,ming,ling
literatura,arte,chate,literalingara,art,literature
livro,bíblia,bíveio,liovy,bible,book
lixo,lixeira,graxo,liquam,trash,garbage
lobo,urso,losso,lonia,bear,wolf
local,regional,varigional,lorus,regional,local
localização,"lugar, colocar","lugar, cozursky",localiri,place,location
louco,paranoico,paranoigland,róico,paranoid,crazy
lutador,campeão,cameri,lutações,champion,fighter
lutar,combate,blutbate,lucre,combat,fight
luz,trevas,deivas,ziz,darkness,light
maionese,ketchup,ketblum,apresonese,ketchup,mayonnaise
mala de viagem,pasta,tuire,molu de versoldo,briefcase,suitcase
mamãe,papai,pazos,mazao,daddy,mum
mandar,trazer,tracon,cordar,bring,send
mangueira,bombear,guarbear,manchasra,pump,hose
manhã,amanhã,amadog,mafiz,tomorrow,morning
manipular,controlar,contrais,manipuríeis,control,manipulate
mano,parceiro,partoutro,maqui,dude,bro
manteiga,mel,oul,mangoldga,honey,butter
manter,preservar,presergens,mandra,preserve,maintain
manutenção,serviço,tranviço,manunallyção,service,maintenance
mapa,bússola,ilíasola,matur,compass,map
máquina,robô,rotu,máadorna,robot,machine
marinha,marinho,marições,marições,marine,navy
marinheiro,pirata,piacerta,marizaçoro,pirate,sailor
marketing,anúncio,uníscio,markechar,advertising,marketing
martelo,bastão,basqui,adultelo,stick,hammer
massagem,ioga,renga,massanhos,yoga,massage
mastigar,engolir,engoethe,mastições,swallow,chew
matar,envenenar,polig,mamos,poison,kill
matemática,física,anessica,matexiphantica,physics,mathematics
mau,boa,cea,giu,good,bad
máximo,mínimo,adonimo,adoximo,minimum,maximum
mecânico,técnico,gramnico,metriusnico,technical,mechanical
medalha,troféu,tromós,medagens,trophy,medal
medalhão,artefato,artematos,medabert,artifact,medallion
droga,álcool,guincool,driagae,alcohol,drug
medo,horror,horjay,zindo,horror,fear
meio-dia,meia-noite,meiacrestte,scroodia,midnight,noon
melhoria,mudança,mulherça,metrairia,change,improvement
menos,mais,maye,melan,plus,minus
mensagem,aviso,merso,atrasagem,warning,message
mentiroso,mentira,atratira,exaustiroso,lie,liar
metal,ferro,susro,meper,iron,metal
metro,quilômetro,krishmetro,meler,kilometer,meter
microfone,câmera,fenômera,miblackfone,camera,microphone
microscópio,telescópio,tetravôcópio,midlandcópio,telescope,microscope
militares,civil,ciços,militachyon,civil,military
ministério,embaixada,empressoda,michelltério,embassy,ministry
ministro,embaixador,empressodor,mieléctro,ambassador,minister
minuto,segundo,seoverdo,minatoma,second,minute
miséria,pobreza,poajuiza,miséções,poverty,misery
misericórdia,perdão,perpen,misericórground,forgiveness,mercy
missão,tarefa,tarelhos,bersão,task,mission
míssil,foguete,foamorte,mísbeu,rocket,missile
mistério,segredo,secaindo,queitério,secret,mystery
mistura,combinação,combafor,queitura,combination,mixture
modesto,humilde,huguarde,mosciuto,humble,modest
molhado,seco,blico,mozartdo,dry,wet
molho,creme,sarme,moret,cream,sauce
monitor,tela,quila,monicles,screen,monitor
montanha,colina,equilina,aprotanha,hill,mountain
montante,soma,crema,aprotante,sum,amount
morada,número,playmero,queirada,number,address
morango,banana,baadorna,moobrigo,banana,strawberry
morfina,aspirina,astronôrina,wildfina,aspirin,morphine
morrer,sofra,sovon,morpio,suffer,die
morta,vivo,videi,ceita,alive,dead
mosca,terra,chera,vanca,land,fly
mosteiro,templo,cleppora,queiteiro,temple,monastery
motel,hotel,hoxas,mozia,hotel,motel
motor,tanque,plique,mográ,tank,engine
muitas vezes,às vezes,às vleil,vuitas bléia,sometimes,often
muito,extremamente,exavarmente,nicto,extremely,very
mulher,viúva,sépva,mupõem,widow,woman
mundo,internacional,inshoshannacional,anodo,international,world
músculo,nervo,saívo,birdculo,nerve,muscle
museu,biblioteca,bibliodlandsca,munhe,library,museum
música,jazz,jaro,clausica,jazz,music
música,álbum,álvak,clausica,album,song
músico,cantor,candei,whitsico,singer,musician
mutação,evolução,granlução,mutens,evolution,mutation
nação,país,papu,namen,country,nation
nadar,afogar,oligar,nalha,drown,swim
nariz,boca,ranca,naqui,mouth,nose
náusea,diarréia,diarzers,náuriz,diarrhea,nausea
negativo,positivo,poexaustivo,tordativo,positive,negative
nervoso,com ciumes,com cialya,thunvoso,jealous,angry
nervoso,preocupado,sandupado,thunvoso,worried,nervous
neve,chuva,funva,neram,rain,snow
névoa,nuvem,nukin,néjie,cloud,fog
noiva,noivo,talvo,galva,groom,bride
normal,saudável,crisdável,norcon,healthy,normal
norte,sul,byl,juste,south,north
notável,excepcional,excepciodei,notáquio,exceptional,remarkable
notícias,canal,carás,norobôscias,channel,news
novo,velho,vería,nomia,old,young
despido,nu,siu,siu,nude,naked
nuclear,atômico,chicmico,nutriaar,atomic,nuclear
negócio,indústria,indúschar,neguibi,industry,business
obviamente,claramente,saphiramente,obviaatraíste,clearly,obviously
oceano,mar,eir,esnovano,sea,ocean
ocidental,sulista,supõemta,anesdental,southern,western
ocultar,cobrir,stopa,braltar,cover,hide
ofender,insulto,inkrypto,anunder,insult,offend
oferta,leilão,leiman,quelta,auction,sale
oficial,oficialmente,seqüescialmente,exercial,officially,official
óleo,carvão,cartes,dâeo,coal,oil
ônibus,comboio,comqueo,béabus,train,bus
ontem,hoje,hocão,onnar,today,yesterday
opção,escolha,escobrir,opsie,choice,option
oponente,inimigo,apermigo,krisnente,enemy,opponent
órbita,planeta,queineta,aquibita,planet,orbit
orelha,olho,olpy,zarlha,eye,ear
organizar,arranjo,arameijo,organichiwa,arrange,organize
orifício,rachadura,ravenodura,guarfício,crack,hole
outono,primavera,unila,cleptono,spring,autumn
outubro,setembro,setemlham,outugues,september,october
ouvir,escutar,escurun,ourad,listen,hear
ovo,ninho,nicia,óio,nest,egg
oxigênio,ar,ço,stargênio,air,oxygen
pacote,envelope,envecharpo,paabaste,envelope,package
padre,monge,trage,paxes,monk,priest
pai,adulto,causto,kii,adult,parent
pai,mãe,eio,kii,mother,father
paixão,entusiasmo,entutankhaasmo,paijes,enthusiasm,passion
palestra,seminário,seminálhões,palessing,seminar,lecture
papai,tio,puo,paody,uncle,dad
para sempre,eterno,tresno,pria menpre,eternal,forever
parágrafo,seção,seten,parágramercy,section,paragraph
paranormal,sobrenatural,somanganatural,paralingmal,supernatural,paranormal
pare,evitar,ceptar,pacos,prevent,stop
partícula,matéria,imporveis,aguentícula,matter,particle
partida,chegada,aprogada,constida,arrival,departure
partida,torneio,tordent,constida,tournament,match
passado,futuro,oporturo,imensado,future,past
passaporte,bilhete,biinalte,passaqueiate,ticket,passport
pássaro,borboleta,hillsboleta,señosaro,butterfly,bird
passeio,dirigir,diritown,pasçais,drive,ride
passeio,cochilo,thota,pasçais,nap,stroll
patético,miserável,miserátrais,padawantico,miserable,pathetic
pato,ganso,busso,crito,goose,duck
patrulha,guarda,equida,patruções,guard,patrol
pausa,quebra,quegio,arasa,smash,break
peça,fragmento,aquimento,cança,fragment,piece
pedido,comando,colhesdo,peabando,command,order
pedra,rocha,rosel,peten,rock,stone
peito,estômago,tremmago,valto,stomach,chest
peixe,tubarão,tubalhas,quexe,shark,fish
pênis,vagina,fringina,pêchi,vagina,penis
pensar,considerar,considevíeis,pendes,consider,think
pequeno,pouco,pejohnno,pejohnno,little,small
perfeito,ideal,kraal,pertracto,ideal,perfect
perfume,batom,bavet,consfume,lipstick,perfume
perguntar,pergunta,perafasta,perprestar,question,ask
perigo,risco,acico,perinhas,risk,danger
perigoso,arriscado,artlandcado,perigoblins,risky,dangerous
perímetro,raio,raga,perímenahem,radius,perimeter
período,estágio,estánhar,peofendo,phase,period
permanecer,ficar,ficos,permanemouth,stay,remain
perseguir,seguir,sebas,perserant,follow,chase
personalidade,personagem,personatalya,linquenalidade,character,personality
perspectiva,visão,vislização,soutupectiva,view,perspective
perturbar,interromper,intergeistper,perturling,interrupt,disturb
peru,frango,inesgo,pites,chicken,turkey
pescaria,caçando,careisdo,pescações,hunting,fishing
pescoço,garganta,gararesta,charcoço,throat,neck
pessoas,população,popudrões,transoas,population,people
piada,truque,digque,screada,trick,joke
piloto,astronauta,astroafronta,masloto,astronaut,pilot
pintor,artista,arplanta,bertor,artist,painter
placa,tigela,changela,serca,bowl,plate
planejamento,preparação,preparanhões,masejamento,preparation,planning
plástico,cimento,cinhosto,plítico,cement,plastic
plausível,explicação,esfiscação,karssível,explanation,plausible
pó,cinzas,evizas,úl,ash,dust
poeirento,oxidado,cluído,poeimenta,rusty,dusty
poema,texto,tunto,poeling,text,poem
poker,jogatina,transgatina,pokopf,gambling,poker
política,jornalismo,aguennalismo,poexaustica,journalism,politics
político,política,poexaustica,poexaustico,policy,politician
político,crítico,sheltico,poexaustico,critical,political
por,inserir,insemann,eyr,insert,put
ao redor,volta,burta,pocria,round,around
porco,vaca,roica,dreco,cow,pig
porta,janela,bournela,crita,window,door
portão,portal,restal,porven,portal,gate
porto,baía,baxá,rento,bay,harbor
posição,status,starin,posivais,status,position
possibilidade,chance,aceice,linquesibilidade,chance,possibility
prateado,dourado,nheirado,aceta,golden,silver
praticamente,literalmente,literalatraíste,bigueticamente,literally,practically
prazeroso,confortável,conaguentável,ianteroso,comfortable,pleasant
precisar,necessário,nemouthsário,precipres,necessary,need
preço,valor,vanes,menço,value,price
predador,presa,consa,ifundagor,prey,predator
prefeito,xerife,amasrife,precogsto,sheriff,mayor
prêmio,nobel,notlev,lizmio,nobel,prize
prender,punir,pureu,prichadu,punish,arrest
receio,preocupação,preocutão,preocupatochique,concern,worry
preparar,pronto,bridto,prepanhei,ready,prepare
presente,elogio,tingio,preabaste,compliment,gift
presidente,chanceler,elecceler,presiguaiste,chancellor,president
pressão,pulso,gerso,preslos,pulse,pressure
pressione,botão,boran,sunnysione,button,press
preto,branco,glauco,jesto,white,black
primário,secundário,searshadário,acalmário,secondary,primary
primo,relativo,varativo,harmo,relative,cousin
principe,princesa,acoscesa,acoscipe,princess,prince
prisão,cela,adoplula,prirem,cell,prison
prisão,pena,carna,prirem,penalty,imprisonment
prisioneiro,refém,retuá,prisioprothero,hostage,prisoner
privacidade,privado,achavado,seqüesvacidade,private,privacy
problema,dificuldade,difibethesdade,propharma,trouble,problem
procedimento,processar,proatrasar,macedimento,process,procedure
produção,fábrica,fácharca,produrant,factory,production
produtos,marca,blica,produrant,brand,product
produzir,criar,cron,produmond,create,produce
professor,reitor,sistor,profesquem,dean,professor
professora,aluna,breni,procalypsora,student,teacher
profissional,amador,merdor,protecçäosional,amateur,professional
programa,projeto,aleijeto,proqueima,project,program
proibir,proibido,apalbido,proiast,forbidden,prohibit
promessa,garantia,garanquei,protransa,guarantee,promise
promotor,advogado,admillsgado,promocles,lawyer,prosecutor
proprietário,propriedade,protecçäoedade,protecçäoetário,property,owner
prosseguir,continuar,exaustinuar,prossezard,proceed,continue
protocolo,regra,reneo,gladstocolo,rule,protocol
protótipo,modelo,moderick,aguentótipo,model,prototype
prova,evidência,cresdência,nhava,evidence,proof
provável,probabilidade,linquabilidade,prováquia,probability,likely
provavelmente,talvez,podepeãs,provavelatraíste,maybe,probably
providenciar,habilitar,habilivings,seqüesvidenciar,enable,provide
psicologia,anatomia,flectomia,aguencologia,anatomy,psychology
psicológico,médico,quindico,seqüescológico,medical,psychological
público,multidão,multigues,púfresco,crowd,audience
pular,escalar,escabrão,pudes,climb,jump
puxar,empurrar,emchilre,pucon,push,pull
qualidade,quantidade,acrestidade,grizzlidade,quantity,quality
quartel general,base,tásse,guartil gennof,base,headquarters
quarto,terceiro,terburyro,aphasto,third,fourth
quarto,sala,sados,aphasto,room,bedroom
quatro,dois,ewis,quavrax,two,four
queijo,pão,jmo,amêijo,bread,cheese
radiação,contaminação,contaminocovis,radiacrest,contamination,radiation
rapidamente,devagar,devalium,rapidaatraíste,slowly,quickly
rapidez,distância,displaycia,rapichas,distance,speed
raramente,ocasionalmente,freqüensionalmente,raracluíste,occasionally,rarely
rato,camundongo,gusse,ratalhõesna,mouse,rat
razoável,justo,lhera,ralheivel,fair,reasonable
real,verdadeiro,verdaliyahro,relem,TRUE,real
realista,otimista,erecmista,varalista,optimistic,realistic
realmente,na verdade,na realidersham,varvimente,actually,really
reator,gerador,geragens,reafitt,generator,reactor
recentemente,somente,sobroute,vercentemente,just,recently
recompensa,bônus,bôzei,varvicompensa,bonus,reward
rede,internet,interbury,bande,internet,web
reduzir,aumentar,aumenções,redumond,increase,reduce
refeição,comida,colhesda,refeijões,food,meal
refrigerante,limonada,livinganada,sifrierante,lemonade,soda
rei,rainha,brenha,uii,queen,king
reino,real,relem,vorno,royal,kingdom
religião,filosofia,filosomewhe,reliches,philosophy,religion
remover,eliminar,acorminar,remorais,eliminate,remove
renda,contratar,conaceitar,inada,hire,rent
renda,lucro,ludos,inada,profit,income
reparar,consertar,conadaptar,repanhei,fix,repair
assustador,apavorante,apavoluçäote,varpusstador,scary,creepy
repugnante,sujo,sudam,verpugnante,dirty,disgusting
reputação,carreira,truireira,marputação,career,reputation
frio,quente,clante,restlessado,hot,cold
resgate,seqüestrador,sanditrador,obrigate,kidnapper,ransom
resistir,resistência,sesistnecia,resisguem,resistance,resist
responder,responda,restruida,responchos,answer,reply
restaurante,bar,aír,restaucluíste,pub,restaurant
desfecho,resultado,varvicado,varviqueicho,result,outcome
retorna,de volta,de voperd,regresna,back,return
reunir,coletar,coleahua,reureu,collect,gather
revista,playboy,playpoly,replanta,playboy,magazine
rico,pobre,podez,rimen,poor,rich
risada,sorrir,elirir,rinhosda,smile,laugh
rodovia,estrada,esacorda,rodoroff,road,highway
roma,césar,cémia,flemo,caesar,rome
romântico,dramático,aguenmático,roexaustico,dramatic,romantic
assaltar,roubar,herbar,assauvou,steal,rob
assalto,roubo,bambo,asseuto,theft,robbery
rua,avenida,ocornida,gea,avenue,street
sabia,reconhecer,varonhecer,sajar,recognize,knew
sabotar,espionagem,espionadricks,saboxing,espionage,sabotage
sacola,caixa,limxa,saçõesla,box,bag
salada,sopa,soker,saçõesda,soup,salad
salário,pensão,penlos,saláções,pension,salary
salvador,herói,hebab,consvador,hero,savior
salvar,resgate,obrigate,quivar,rescue,save
samurai,ninja,ninnif,samulões,ninja,samurai
sapato,bota,tacta,mapato,boot,shoe
satélite,radar,rapri,tungstélite,radar,satellite
saudar,felicitar,felicifrões,lindar,congratulate,greet
sede,fome,marme,lóide,hunger,thirst
segurança,previdência,previlhões,segulhõesça,security,safety
seguro,protegido,protelhar,segulhar,safe,secure
selecione,escolher,escobaum,seleciotoshik,choose,select
semana,mês,ros,acalmana,month,week
semanalmente,diário,loirio,semazursimente,daily,weekly
sempre,nunca,avoca,semtao,never,ever
senado,parlamento,masarlamento,seguirdo,parliament,senate
senador,governador,gokrishnador,senações,governor,senator
senha,código,afirdigo,sepul,code,password
senhora,senhor,sechal,seguisra,lord,lady
senhorio,inquilino,ingramslino,seaviário,tenant,landlord
sentar,ficar de pé,fucir dres,cultar,stand,sit
sentimento,impressão,imemulsão,sensaçäodome,impression,feeling
seringa,agulha,cislha,seamarga,needle,syringe
sermão,fala,trola,sertem,speech,sermon
servo,escravo,esequívo,enevo,slave,servant
show,turnê,yeur,shpá,tour,concert
silêncio,silencioso,silenciosomething,siegipcio,silent,silence
sim,ok,gá,mym,okay,yeah
símbolo,bandeira,queideira,frinbolo,flag,symbol
simples,simplesmente,simigualmente,simpard,simply,simple
sinal,frequência,frequênnho,sidiu,frequency,signal
assinar,formulário,queimato,sidiu,form,sign
síndrome,sintoma,agratoma,afrodrome,symptom,syndrome
sistema,rede,apode,adoptema,network,system
sobrenome,apelido,equilido,solunome,nickname,surname
sobreviver,viver,viais,sobreviathan,live,survive
sobrinho,neto,douto,sobriaulo,grandson,nephew
sol,lua,dya,yol,moon,sun
solar,lunar,lutás,sociá,lunar,solar
solicitação,exigem,bengem,solicitakehaya,demand,request
som,ruído,enedo,mõem,noise,sound
sombrio,sombra,somgio,hunbrio,shadow,dark
sonda,cápsula,ginssula,whida,capsule,probe
sonho,pesadelo,pealmôndelo,sobia,nightmare,dream
sotaque,voz,zoz,sotalhan,voice,accent
sozinho,solitário,sozições,sozições,alone,lonely
substituto,substituir,substipert,aprentituto,replace,substitute
suficiente,o suficiente,o suficiegewing,netherficiente,enough,sufficient
sugerir,propor,prosel,sugemann,propose,suggest
sujeito,objeto,obmeto,sutracto,object,subject
suco,leite,ocute,sucum,milk,juice
superfície,camada,caçõesda,superfítland,layer,surface
superior,inferior,sel maixo,superichito,lower,upper
suposição,conclusão,congressão,suposides,conclusion,assumption
surdo,cego,celen,plodo,blind,deaf
suspeito,dúvida,fragvida,apropeito,doubt,suspect
talento,potencial,posiçäocial,tanhisto,potential,talent
tapete,chão,chal,taquarte,floor,carpet
tarde,noite,krate,cinde,night,evening
tartaruga,caracol,caraguês,agüentaruga,snail,turtle
tchau,olá,drá,buau,hello,bye
teatro,cinema,ciacalma,teagens,cinema,theater
tecido,pele,pecrar,anuncido,skin,tissue
técnica,método,prestodo,olímnica,method,technique
telefone,chamar,chares,bralefone,call,telephone
televisão,rádio,rágou,tevingos,radio,television
temperatura,calor,cateu,sanduiperatura,heat,temperature
tempestade,vento,carto,temafrontade,wind,storm
tenente,sargento,sarcristo,teabaste,sergeant,lieutenant
tênis,golfe,sinfe,têvão,golf,tennis
tentar,experimentar,experichardatar,tencia,try,attempt
tentativas,audição,audinhas,abruptativas,hearing,trial
teoria,ideia,idrua,teodles,idea,theory
ter sucesso,gerir,geven,ter sucekraut,manage,succeed
terça,segunda-feira,sebethesdafeira,jança,monday,tuesday
teste,experimento,expericharestar,acete,experiment,test
testemunho,testemunha,aprontemunha,chutemunho,witness,testimony
título,nome,nocar,clastulo,name,title
toalha,cobertor,coberfest,toamingo,blanket,towel
tomate,batata,baaperta,toaconte,potato,tomato
tornado,furacão,furabert,shannado,hurricane,tornado
tortura,tormento,torquayto,efectura,torment,torture
trabalhador,agricultor,bitocultor,trabrosidor,farmer,worker
trabalhar,trabalho,trabakers,trabakers,job,work
tradicional,moderno,moaquino,ladicional,modern,traditional
trágico,triste,fracte,emergico,sad,tragic
trago,derrubar,sarterrubar,rengo,drop,sip
traidor,espião,esging,alardor,spy,traitor
trancar,chave,perve,transís,key,lock
transferir,mover,moris,aprenferir,move,transfer
transmissor,sensor,senteá,aprenmissor,sensor,transmitter
traseira,frente,oceâte,tranhasra,front,rear
tratamento,terapia,teragens,matramento,therapy,treatment
três,um,mè,trut,one,three
triângulo,círculo,trasculo,aguenângulo,circle,triangle
trimestre,metade,meacende,tribuintre,half,quarter
triplo,duplo,dubet,trifec,double,triple
trono,coroa,cosad,verno,crown,throne
trovão,relâmpago,varlampago,troars,lightning,thunder
túnel,ponte,auste,tútai,bridge,tunnel
uniforme,distintivo,disexaustivo,aperforme,badge,uniform
universidade,faculdade,uniquíssidade,uniriquíssidade,college,university
urina,sangue,sandar,chona,blood,urine
usar,aplique,aplican,quar,apply,use
usual,comum,conak,irial,ordinary,usual
usualmente,normalmente,aguenmalmente,opresalmente,normally,usually
vacina,antídoto,masítodo,coincina,antidote,vaccine
vale,deserto,deamisto,vadas,desert,valley
valioso,merecer,merequin,vasubooso,deserve,worthy
vampiro,zumbi,erebi,anespiro,zombie,vampire
vaqueiro,rodeio,roflin,vagensro,rodeo,cowboy
vela,luminária,luminálhões,touila,lamp,candle
velejar,âncora,frescora,veletics,anchor,sail
velório,caixão,caicom,velóções,coffin,funeral
velozes,devagar,devalium,veloving,slow,fast
vencedora,fracassado,aguencassado,aguarcedora,loser,winner
vender,comprar,comvros,vontri,buy,sell
venha,chegar,cheche,vemen,arrive,come
ventilação,válvula,scatvula,exaustilação,valve,ventilation
vênus,marte,lette,vêgie,mars,venus
verificar,verifica,verichareca,verifiqueisa,check,verify
vestir,saia,saló,vesdei,skirt,dress
vídeo,dvd,dab,vílov,dvd,video
vila,acampamento,triunpamento,rella,camp,village
visão,revelação,cevelação,vilos,revelation,vision
vitamina,proteína,proboiúna,aguentamina,protein,vitamin
vodka,uísque,cãique,jitka,whiskey,vodka
voluntariamente,voluntário,voluntálhões,voluntexiphan,volunteer,voluntarily
voo,pousar,fessar,nyo,landing,flight
voto,maioria,aponoria,sunto,majority,vote
watson,sherlock,sherdacks,watroid,sherlock,watson
zona,área,cúea,panna,area,zone
