en_cue,en_target,th_cue,th_target,th_fake_cue,th_fake_target
leave,abandon,จากลา,ทอดทิ้ง,ปุเค,จุส
spinal,abdominal,เกี่ยวกับกระดูกสันหลัง,เกี่ยวกับช่องท้อง,แจน,โปนพ
kidnap,abduct,ลักพาตัว,ฉุดคร่า,มิถารณ์,กรกฎาก่อน
capacity,ability,สมรรถภาพ,ความสามารถ,คณะมาตรการ,สนามการ
out,about,ข้างนอก,รอบ,ผู้ตรวจพเรือ,กรรมาธเมือง
presence,absence,การมีอยู่,การไม่อยู่,ภาพสนต่อ,ทางจก
ridiculous,absurd,น่าหัวเราะ,ไร้สาระ,หยน,กระจิกร
voice,accent,เสียง,สำเนียง,สุนัขวันออก,กระกงาน
refuse,accept,ปฏิเสธ,ยอมรับ,เพานทูต,กระปำนอง
incident,accident,เหตุการณ์,อุบัติเหตุ,กระเป๋าเอ้แค้น,กระเป๋าเดสามัญ
escort,accompany,คุ้มกัน,ร่วมทาง,กระเป๋าเสื้อหรืดสัญญาณ,กระเป๋ากษาปณ์
complaint,accusation,การร้องเรียน,การกล่าวหา,ลำกล้อบทอด,กระยคอ
gesture,act,ท่าทาง,การกระทำ,กิแฟ,ปลัม
trigger,activate,กระตุ้น,เปิดใช้งาน,เปได้ยง,ลูอิ๊ง
active,activity,คล่องแคล่ว,กิจกรรม,โรสาท,กริศ
author,actor,ผู้เขียน,นักแสดงชาย,โทรการ,ทอดุทธ์
extra,additional,พิเศษ,เพิ่มเติม,วิดยสาร,กลวิทุน
number,address,ตัวเลข,ที่อยู่,เสียงโทรทรรศน์,ทหารงจุลทรรศน์
management,administrative,การจัดการ,ธุรการ,เทแค้น,ทางวัน
hormone,adrenaline,ฮอร์โมน,อะดรีนาลีน,เส้นปรหลัง,กอริมเนื้อ
advice,advise,คำแนะนำ,แนะนำ,มีคุณธรกหญิง,อาหาญ
firm,agency,บริษัท,เอเจนซี,รสหมาย,สิปิ่น
contract,agreement,สัญญา,ข้อตกลง,แกมะ,กลถาม
terminal,airport,อาคารผู้โดยสาร,สนามบิน,กโฟน,ว่าส้มใจ
alert,alarm,การแจ้งเตือน,สัญญาณเตือนภัย,มายเร็ว,ศาส่มสหพันธ์
motive,alibi,แรงจูงใจ,ข้อแก้ตัว,ทนบ,หย้าง
ufo,alien,ยูเอฟโอ,มนุษย์ต่างดาว,พยุห์เบอ,กองงขอ
corner,alley,มุม,ซอย,สถานเรือ,กองทักเฉิน
bravo,alpha,บราโว,แอลฟา,ตูนทัพ,กองบัญชงสุด
impressive,amazing,น่าประทับใจ,อัศจรรย์,กองกฐาน,กองกลง
africa,america,แอฟริกา,อเมริกา,ศับ,ไกดา
sum,amount,ผลรวม,จำนวน,ชุส,ก้อนทาง
autopsy,analysis,การชันสูตรพลิกศพ,การวิเคราะห์,กัง,กอริเคน
jealous,angry,อิจฉา,โกรธ,ปลิสลัด,กะอาลีน
beast,animal,สัตว์ร้าย,สัตว์,กระแทน,กะโลยี
bee,ant,ผึ้ง,มด,ผู้บักพาตัว,อนปตัน
house,apartment,บ้าน,อะพาร์ตเมนต์,ถ้าน,กาใหล
admire,appreciate,ชื่นชม,ยกย่อง,ทุทธ์,การเปิดทำ
permission,approval,การอนุญาต,การอนุมัติ,วิวัฒกจ้าง,การแสพันธุ์
engineer,architect,วิศวกร,สถาปนิก,การร้อเครียด,การกล่าลอง
hand,arm,มือ,แขน,การประพ่วง,การคุณ
shield,armor,โล่,เกราะ,การ่นชม,การเตรีย
arsenal,armory,สรรพาวุธ,คลังอาวุธ,ทัวราศาสตร์,การแข่งแสง
legion,army,พยุหเสนา,กองทัพ,การแข่หลัง,การแข่งขันงสวดมนต์
round,around,กลม,รอบๆ,จุดระเบ,การแข็งปืน
punish,arrest,ลงโทษ,จับกุม,การลงรณ,การคุยน้ำ
ignorance,arrogance,ความไม่รู้,ความเย่อหยิ่ง,การฆ่าต่มไม้,การฆาตชาติ
vein,artery,หลอดเลือดดำ,หลอดเลือดแดง,มือปนาคาร,การะกัน
natural,artificial,ตามธรรมชาติ,เทียม,ทางการปไตย,การจัดหาเมเนื้อ
cavalry,artillery,ทหารม้า,ทหารปืนใหญ่,กาแฟ่สัตว์,การจักขำตาล
question,ask,คำถาม,ถาม,การปล้นคิด,การฉ้ดอุ่น
mercenary,assassin,ทหารรับจ้าง,นักลอบสังหาร,ปริมาสลัด,การฉีมืด
help,assist,ช่วย,ช่วยเหลือ,การติเด่น,การเชื่อนนุ่ม
support,assistance,สนับสนุน,ความช่วยเหลือ,การบรี่ยม,การซ่อมบเขียน
secretary,assistant,เลขานุการ,ผู้ช่วย,การประน้ำ,การเดิมเรือน
conclusion,assumption,บทสรุป,ข้อสันนิษฐาน,การงีหนัก,การเดนข้า
pacific,atlantic,แปซิฟิก,แอตแลนติก,การทดงาน,การปล้นสอบ
environment,atmosphere,สิ่งแวดล้อม,บรรยากาศ,การสมคบณา,การตขวด
invasion,attack,การบุกรุก,โจมตี,การมนตร์,กาซื่อสู้
victim,attacker,เหยื่อ,ผู้โจมตี,สงดาร์,กาซื่อ
try,attempt,ลอง,พยายาม,การเร็ว,การตังสรรค์
opinion,attitude,ความคิดเห็น,ทัศนคติ,ปิกรีต,การตั้นข้อมูล
attention,attract,ความสนใจ,ดึงดูด,ไวดุล,การติดเลือก
crowd,audience,ฝูงชน,ผู้ชม,นักเมล์,การเต้ตุผล
jurisdiction,authority,อำนาจศาล,อำนาจ,การหย่กต้อง,การร้องงาน
spring,autumn,ฤดูใบไม้ผลิ,ฤดูใบไม้ร่วง,การทดาแก่,การทดงงาน
toast,bacon,ขนมปังปิ้ง,เบคอน,การรมาน,การทำเร
good,bad,ดี,แย่,คำเคน,การปลนนา
box,bag,กล่อง,ถุง,สัมเล่น,การบรรหลวง
trap,bait,กับดัก,เหยื่อ,การกแรม,การบรตุผล
orchestra,band,วงออเคสตรา,วงดนตรี,บะเท่า,การบัดการ
club,bar,คลับ,บาร์,การสัมสัตว์,การประหลัง
stadium,baseball,สนามกีฬา,เบสบอล,การสารณ์,การประกลัว
shower,bathroom,ห้องอาบน้ำฝักบัว,ห้องอาบน้ำ,การแสดงคอ,การประหารดเร็ว
superman,batman,ซูเปอร์แมน,แบทแมน,ความเห็นแปลง,การปรักฝ้าย
regiment,battalion,กองทหาร,กองพัน,การลักน้อย,การเด่น
war,battle,สงคราม,การต่อสู้,การเซนะ,การวกร
arena,battlefield,สังเวียน,สนามรบ,โรงพยา,การบัติ
hair,beard,ผม,หนวดเครา,ผะขวัญ,การผ่นหิน
pretty,beautiful,สวย,งดงาม,ความก้าเสื้อ,การพัดโอ
charm,beauty,เสน่ห์,ความงาม,การ้นส่วน,การพิจารณต์ใช้
sofa,bed,โซฟา,เตียง,เจ็กฐาน,กางอิสูจน์
room,bedroom,ห้อง,ห้องนอน,วารสารระสงค์,การเทียม
drink,beer,เครื่องดื่ม,เบียร์,การราชฑต,การ้าข้อมูล
trust,believe,เชื่อใจ,เชื่อ,ธัว,มีควาบายอากาศ
million,billion,ล้าน,พันล้าน,แผ่นด่นจับ,การระเร็จ
chemical,biological,เกี่ยวกับเคมี,เกี่ยวกับชีววิทยา,การบำหวะ,การรันภาพ
chemistry,biology,เคมี,ชีววิทยา,เสียงมิภาค,การลงคะแนนม่าได้
butterfly,bird,ผีเสื้อ,นก,ตราประแสง,การลงบอล
anniversary,birthday,วันครบรอบ,วันเกิด,ตามลำออก,การเลิ้นนำตาล
white,black,สีขาว,สีดำ,หมาเปญ,การเลือนตราย
bribe,blackmail,สินบน,แบล็กเมล,การเตรียิเศษ,การวางโกรธ
brown,blue,สีน้ำตาล,สีฟ้า,การชันสูตรพบายสี,นาวิพิเคราะห์
submarine,boat,เรือดำน้ำ,เรือ,การแข่งวิ่งมกเกอร์,มหาวิ่งแข่ง
bible,book,คัมภีร์ไบเบิล,หนังสือ,สุขภืน,การศึภาพ
manager,boss,ผู้จัดการ,เจ้านาย,ความัก,การสาบงชาย
washington,boston,วอชิงตัน,บอสตัน,การนำเร,การสือหนาว
glass,bottle,แก้ว,ขวด,งานแสดงเร็ง,การแรอง
top,bottom,สูงสุด,ล่างสุด,สัญชางศพ,กานยืนยั่งรู้
girl,boy,เด็กหญิง,เด็กชาย,การอนเบิด,กางสวดมนต์
noble,brave,มีคุณธรรมสูง,กล้าหาญ,การเลือนา,กาชั่วร้าย
smash,break,ทุบ,ทำลาย,การดสยอง,กาแลคซีเดินทาง
dinner,breakfast,อาหารเย็น,อาหารเช้า,สารรวาล,กาแง่ดี
groom,bride,เจ้าบ่าว,เจ้าสาว,สทิน,กำหนดเทียม
shine,bright,ส่องแสง,สว่าง,ปาส,กางการ
dude,bro,เพื่อน,เพื่อนชาย,ครอบงแคล่ว,กิกรุก
sister,brother,พี่สาวน้องสาว,พี่ชายน้องชาย,ให้อความ,สวก
scratch,bruise,เกา,รอยช้ำ,ส่อยโน,หยตาร์
construction,build,การก่อสร้าง,สร้าง,งานอดนเมฆ,กีวน
tower,building,หอคอย,อาคาร,แส,เก็บรนหิน
caliber,bullet,ลำกล้องปืน,กระสุน,การเบิด,น้ม
dig,bury,ขุด,ฝัง,แฮมเบี้ยน,เก็ม
train,bus,รถไฟ,รสบัส,เอ่,ทำเราะ
industry,business,อุตสาหกรรม,ธุรกิจ,ด๊ะ,เก้าใช้
ass,butt,ตูด,ก้น,ปรากฎขโซน,พยาดขึ้น
honey,butter,น้ำผึ้ง,เนย,สร้าพิเศษ,เกียรต่าย
seller,buyer,ผู้ขาย,ผู้ซื้อ,เกี่ยวกับการดางแท้จริง,เกี่ยวกับกาชื่อเสียง
hello,bye,สวัสดี,ลาก่อน,เกี่ยวกับกระด่มสหพันธ์,เกี่ยบริหารรัฐกิจ
dessert,cake,ขนมหวาน,เค้ก,เกี่ยว์ไบเบิล,เกี่ยวกับช้นเรียน
count,calculate,นับ,คำนวณ,เกี่ยวนาเมนต์,เกี่ยวกักกับแม่เหล็ก
quiet,calm,เงียบ,สงบ,เกี่ยวกอกาง,เกี่ยวกับชั่วร้าย
picnic,camping,ปิกนิก,การตั้งแคมป์,เกี่ยววกับวัยรุ่น,เกี่ยวกั่งนั้น
tumor,cancer,เนื้องอก,มะเร็ง,เหอง,เกี่ยว่อเสียง
lamp,candle,โคมไฟ,เทียนไข,มหาฝีปาก,แกห์
glasses,cap,แว่นตา,หมวก,อิมตน,โกล้
anarchy,capitalism,อนาธิปไตย,ทุนนิยม,ก้อนตน,ศิลชิด
commander,captain,ผู้บัญชาการ,กัปตัน,ซิ่,ไก่ใจ
vehicle,car,ยานพาหนะ,รถยนต์,ใกมน,บอศ
bishop,cardinal,บิชอป,พระคาร์ดินัล,สมัว,สนด
load,cargo,ของบรรทุก,สินค้า,วันอจูงใจ,ข้อแขนไหว
floor,carpet,พื้น,พรม,คำเรียน,ข้นหวาน
mafia,cartel,มาเฟีย,กลุ่มสหพันธ์,คำชมิการ,อ่อขวัญ
palace,castle,พระราชวัง,ปราสาท,ตุ้ค่า,ของเช้า
dog,cat,สุนัข,แมว,อ่อเหลว,ของหนะ
grab,catch,คว้า,จับ,สจัด,สร้อกลง
reason,cause,เหตุผล,สาเหตุ,คร้อภัย,ขอกคิด
grave,cemetery,หลุมฝังศพ,สุสาน,เซ็มปีติ,ขอบแรม
mile,centimeter,ไมล์,เซนติเมตร,ความขันจริง,เจ็บพิพาท
brain,cerebral,สมอง,เกี่ยวกับสมอง,บทงทุน,อารันนิษฐาน
ritual,ceremony,พิธีกรรม,พิธีการ,กระเป๋าการ,ขักเต้น
table,chair,โต๊ะ,เก้าอี้,ขนุ่มสาว,ขั้นสูบน้ำ
obstacle,challenge,อุปสรรค,ความท้าทาย,รานาญ,ข้ามูไร
wine,champagne,ไวน์,แชมเปญ,แตกนหน้า,ข้ามากลัว
competition,championship,การแข่งขัน,การแข่งขันชิงแชมป์,ไม่มีเปิ้ล,ขาดความร่าเปิดเผย
church,chapel,โบสถ์,ห้องสวดมนต์,ซืม,คงยา
attractive,charming,น่าดึงดูดใจ,มีเสน่ห์,คลองบ,ปุบาว
follow,chase,ติดตาม,ไล่ล่า,ลาบิด,ตั้พ
expensive,cheap,ราคาเเพง,ราคาถูก,จรัท,ขีพันธุ์
lip,cheek,ริมฝีปาก,แก้ม,กรรมา,ขึหนัก
bread,cheese,ขนมปัง,ชีส,เขหก,เข็มฉาทาย
cook,chef,ทำอาหาร,พ่อครัว,ขึล,ค่าบ
stomach,chest,ท้อง,หน้าอก,ราชหนัก,ท่าใจ
swallow,chew,กลืน,เคี้ยว,ราน,เขนัน
baby,child,เด็กทารก,เด็ก,ทนตรง,จาเบ็ง
youth,childhood,วัยหนุ่มสาว,วัยเด็ก,ขัว,คอม
sugar,chocolate,น้ำตาล,ช็อกโกแลต,วิงสา,แท่
catholic,christian,คาทอลิก,คริสเตียน,ประไอ,นุก้ง
smoke,cigar,สูบ,ซิการ์,ตู,ผมอยู่
tobacco,cigarette,ยาสูบ,บุหรี่,สิกส์,บาดตศาสตร์
zoo,circus,สวนสัตว์,ละครสัตว์,ดาวหก,คนโกวรรษ
capital,city,เมืองหลวง,เมือง,กล้าดยสาร,คนสู้รบ
culture,civilization,วัฒนธรรม,อารยธรรม,วิสนา,คนฟ้า
typical,classic,ทั่วไป,คลาสสิก,คนยาง,คนโงะเป็น
patient,client,คนไข้,ลูกค้า,สานรับ,แทรกยศ
hospital,clinic,โรงพยาบาล,คลินิก,อนุภรชุม,คนโงก
open,close,เปิด,ปิด,โกส,คนรักสาว
locked,closed,ที่ถูกล็อค,ที่ปิดอยู่,ตระโฟน,ครอบำมัน
cabinet,closet,ตู้,ตู้เสื้อผ้า,คามาชิก,คริเบี้ยน
opening,closure,การเปิด,การปิด,นะเบียบ,ปืง
beach,coast,ชายหาด,ชายฝั่ง,ตรงค้า,คลังสกจ้าง
cup,coffee,ถ้วย,กาแฟ,ก้อพาวุธ,สารงอาวุธ
rum,cognac,รัม,คอนยัค,ทั่นคง,คลาสณยา
hot,cold,ร้อน,เย็น,โรงพยาเข้า,คลินมอ
fall,collapse,ร่วงหล่น,พังทลาย,เชิงเสีย,แผ่นไส้
general,colonel,นายพล,พันเอก,ความเอื้อเพล,ความก้อหมู
arrive,come,มาถึง,มา,ความร้ว,เกี่ยกระหายน้ำ
drama,comedy,บทละคร,ละครตลก,อย่าสมดุล,ความกลมุภาค
inspector,commissioner,ผู้ตรวจการณ์,กรรมาธิการ,ความสยองเบิด,ความกค้า
commission,committee,คณะกรรมการ,กรรมการ,จินตนเป็น,ความคิดสร้างแคมป์
navigation,communication,การนำทาง,การสื่อสาร,เสน่า,ความชัล
racist,communist,ผู้ที่เหยียดผิว,คอมมิวนิสต์,เงบาน,เงีย
society,community,สังคม,ชุมชน,ความบ้งแกร่ง,ความโงะแขยง
patience,compassion,ความอดทน,ความเห็นอกเห็นใจ,ความสหพันธ์,ความทิตย์ตกดิน
total,complete,ทั้งหมด,สมบูรณ์,ความแง่ดี,จริงจา
absolutely,completely,อย่างแน่นอน,อย่างสมบูรณ์,ความทุกข์เมือง,ความเจ็บไถ่
software,computer,ซอฟต์แวร์,คอมพิวเตอร์,สนังหนัก,ความช่วงเตอร์
focus,concentrate,เพ่งความสนใจ,จดจ่อ,ชีทาก,ความรบน
tour,concert,การตระเวนแสดงผลงาน,คอนเสิร์ต,ความนทร์,ความเดืออปืน
admit,confess,ยอมรับ,สารภาพ,จำเบิด,ความต้อเท่า
respect,confidence,ความเคารพ,ความมั่นใจ,ผลปสรรค,ความท้าบอน
confirmation,confirm,การยืนยัน,ยืนยัน,ยากจลาง,ความทุคุณยาย
chaos,confusion,ความวุ่นวาย,ความสับสน,ควาติธรรม,การแข่เบิกบานใจ
contact,connection,การติดต่อ,การเชื่อมต่อ,ความต้อวรรษ,ความเปลี่ยนา
always,constantly,เสมอ,เสมอต้นเสมอปลาย,ความมังกาย,ความให้อภัย
law,constitution,กฏหมาย,รัฐธรรมนูญ,โอดูก,ความเป็นไกภาพ
contain,content,บรรจุ,ปริมาณความจุ,ก้อนตัว,ความเป็นส่างเพศ
proceed,continue,ดำเนินการต่อ,ดำเนินต่อ,ตลอดิดพลาด,วามผิด
opposite,contrary,ตรงข้าม,ตรงกันข้าม,เกี่ยประหลาดใจ,ความผิแหน่ง
orphanage,convent,สถานเลี้ยงเด็กกำพร้า,สำนักแม่ชี,ฝักน้อย,ความื่น
warm,cool,อบอุ่น,เย็น,ชัยชยา,ความพ่าทราย
original,copy,ต้นฉบับ,สำเนา,สมบกวน,ความมองดื่ม
company,corporation,บริษัท,บรรษัท,เคาราพ,ความมัวบอย
body,corpse,ร่างกาย,ศพ,ช่า,ความวกร
wrong,correct,ผิด,ถูกต้อง,ความกลปไตย,ความมุ่นเต้น
silk,cotton,ผ้าไหม,ผ้าฝ้าย,การให้กลัว,เมตตัว
baron,countess,บารอน,ภรรยาของขุนนาง,จดาด,ความเนา
relative,cousin,ญาติ,ลูกพี่ลูกน้อง,การแก้มกัน,ทหารรุติธรรม
rodeo,cowboy,การแสดงโชว์ของคาวบอย,คาวบอย,ความไต่สวน,ความเย่งแข่ง
paranoid,crazy,หวาดระแวง,บ้าคลั่ง,นิ่งโรจน์,ความรังโรจน์
imagination,creativity,จินตนาการ,ความคิดสร้างสรรค์,เกี่ยสบการณ์,วามรู้
monster,creature,สัตว์ประหลาด,สิ่งมีชีวิต,เกี่ยประทับใจ,ความรู้สรม
scary,creepy,น่ากลัว,น่าขยะแขยง,ระยะเร,ความทราย
sin,crime,บาป,อาชญากรรม,ความสำปไตย,ความล้กเมล์
thief,criminal,ขโมย,อาชญากร,ความหิบ,ความเอกลับ
situation,crisis,สถานการณ์,วิกฤติ,วิมหวัง,หวาดรัทธา
brutal,cruel,ทารุณ,โหดร้าย,ความวุ่งการ,สัพสล
evil,cruelty,ความชั่วร้าย,ความโหดร้าย,สมรรถฟ้า,ความสาดต่อ
tear,cut,ฉีก,ตัด,ท้อยภาพ,ความสามารถพ้วยทอง
sweet,cute,อ่อนหวาน,น่ารัก,ความเดือ,อย่าสำคัญ
naive,cynical,ไร้เดียงสา,เหยียดหยาม,นั้นหัน,ความตอบ
uncle,dad,ลุง,พ่อ,ความกระตือฉาว,หลัวใหล
dancer,dance,นักเต้น,การเต้นรำ,หวาดระทน,ความภักดีกเห็นใจ
risk,danger,ความเสี่ยง,อันตราย,ความุสาวรีย์,ความโหงหาร
risky,dangerous,เสี่ยงภัย,เป็นอันตราย,ลำลาย,ทุ่พ
shadow,dark,เงา,ความมืด,ตระมัน,ไกอน
sunset,dawn,พระอาทิตย์ตกดิน,รุ่งอรุณ,ฉิม,จูนยัค
alive,dead,มีชีวิตอยู่,ตาย,การให้อภัยเวนแสดงผลงาน,ภรรเสิร์ต
blind,deaf,ตาบอด,หูหนวก,ขัฟต์แวร์,ความรวเตอร์
century,decade,ศตวรรษ,ทศวรรษ,ผู้ทีทิตย์ตกดิน,คอมมิวนหวาน
november,december,พฤศจิกายน,ธันวาคม,ชราว,คาดนตัว
cabin,deck,ห้องโดยสาร,ดาดฟ้า,ผู้ลักษาปณ์,ค่าให้
victory,defeat,ชัยชนะ,ความพ่ายแพ้,เครื่องโชว์คาว,รหัสบอย
protect,defend,ปกป้อง,ป้องกัน,กาบาย,คำวัน
concept,definition,แนวคิด,คำนิยาม,ชีย์,คำนำยาศาสตร์
tasty,delicious,โอชา,อร่อย,เหยคิด,คำนทแมน
freedom,democracy,เสรีภาพ,ประชาธิปไตย,ประวัติคณตา,คำบรรหลวง
protest,demonstration,การประท้วง,การเดินขบวน,สาไม้,คำสายม
arrival,departure,การมาถึง,การออกเดินทาง,ความคิแค,คำจัดการ
stress,depression,ความเครียด,ภาวะซึมเศร้า,บานา,คำจัด
profile,description,ประวัติโดยย่อ,คำบรรยาย,พิจาคอย,ถดกา
fate,destiny,ชะตากรรม,โชคชะตา,ห้อกลัว,เขกา
creation,destruction,การสร้าง,การทำลาย,คุณแอบ,คุณพอม
agent,detective,สายลับ,นักสืบ,ปรดดาล,คุต่าง
courage,determination,ความกล้าหาญ,ความมุ่งมั่น,คุณปูคุณยาย,คุณย่าราชการ
progress,development,ความก้าวหน้า,การพัฒนา,สมควรดินัล,คู่คคำ
chip,device,ชิปคอมพิวเตอร์,อุปกรณ์,ลิมหวาน,สว้ก
angel,devil,นางฟ้า,ปีศาจ,ไมเรก,โรยราย
fidelity,devotion,ความซื่อสัตย์,ความจงรักภักดี,หุมพันธ์,เครืออังคาร
suffer,die,ทุกข์ทรมาน,ตาย,พี่เลดระเบิด,เครื่องจอบการ
similar,different,คล้ายกัน,แตกต่าง,ยาเครียด,เครื่องตรวจบดตั้ง
pride,dignity,ความภาคภูมิใจ,ศักดิ์ศรี,ร่านเซอร์,เครื่องถ่ายทอดสุดยอด
ping,ding,เปรี้ยง,กริ๊ง,เครื่องกำจิ้งจอก,เครื่องยุติธรรม
direct,directly,ตรงไปตรงมา,โดยตรง,รถสาบ,เครื่อนปอนด์
producer,director,ผู้อำนวยการสร้าง,ผู้อำนวยการ,กลรา,เรี้ยว
death,disappearance,ความตาย,การสาบสูญ,ย้อยา,ทศา
surprise,disappointment,ความประหลาดใจ,ความผิดหวัง,นักสาว,แอสกร
conversation,discussion,การสนทนา,การอภิปราย,ขะยา,งดไม้
flu,disease,ไข้หวัดใหญ่,โรค,อาภาว,ขอนนอ
dirty,disgusting,สกปรก,น่ารังเกียจ,การหมั้นตราย,งานแต่เรือ
resignation,dismissal,การลาออก,การเลิกจ้าง,การนิ่นเริง,งานเทศเท่า
conflict,dispute,ความขัดแย้ง,ข้อพิพาท,วิสศพ,อ่อศพ
county,district,เขต,อำเภอ,กาพร้อนรับ,งานสัสตางค์
interrupt,disturb,ขัดจังหวะ,รบกวน,เป็นไปหนัก,โยย
god,divine,พระเจ้า,ศักดิ์สิทธิ์,ทำอน,บวฟ
unit,division,หน่วย,แผนก,เงิกฆ่า,รถิน
make,do,จัดทำ,ทำ,สิมเนื้อ,เง่นไส้
surgeon,doctor,ศัลยแพทย์,แพทย์,เงิมพันธ์,เงินดอริเคน
file,document,ไฟล์,เอกสาร,เงินเขียน,ยากนเดือน
pound,dollar,เงินปอนด์,เงินดอลลาร์,งบประเอก,เง่นดิน
charity,donation,การกุศล,การบริจาค,ไร้เดงขัน,ทิศา
window,door,หน้าต่าง,ประตู,ผู้หงความสนใจ,จดทุน
paint,draw,ระบายสี,วาด,จักเลข,จดชาติ
nightmare,dream,ฝันร้าย,ความฝัน,ตีก,จมรถ
skirt,dress,กระโปรง,ชุดกระโปรง,ริงแล้ว,มัป
passenger,driver,ผู้โดยสาร,คนขับรถ,ความยสม,ท้างใจ
alcohol,drug,แอลกอฮอล์,ยา,จอกษา,ชิปคอมพวเตอร์
sober,drunk,มีสติ,เมา,เกี่ยวกับองปฏิกรณ์,ตอนรพรรดิ
goose,duck,ห่าน,เป็ด,ชาวคุม,จักชาย
ash,dust,ขี้เถ้า,ฝุ่น,จะเหลี่ยม,นักละเบียบ
rusty,dusty,เป็นสนิม,ฝุ่นจับ,น่าอำนาจ,จัดหทราย
responsibility,duty,ความรับผิดชอบ,หน้าที่,ควอย,หมบ
gunpowder,dynamite,ดินปืน,ระเบิด,ลงออก,จังทุน
eye,ear,ดวงตา,หู,ท้องขัง,คณิสวรรค์
late,early,สาย,มาก่อน,พิม,ตาพ
west,east,ทิศตะวันตก,ทิศตะวันออก,โหมนาส,จำแวง
impossible,easy,เป็นไปไม่ได้,ง่าย,สำรวง,จำลา
feed,eat,ให้อาหาร,กิน,ฟัลปิน,จิตสาป
health,education,สุขภาพ,การศึกษา,กายวิภานการต่อ,ทิศติทยา
influence,effect,อิทธิพล,ผลกระทบ,ความเป็นหยุด,จินตนปไตย
useful,effective,มีประโยชน์,มีประสิทธิภาพ,คดย์,ศตบ
nest,egg,รัง,ไข่,โรมดดำ,อบเลียต
campaign,election,แคมเปญ,การเลือกตั้ง,วัตถุปศาสตร์,ตามนา
magnetic,electric,เกี่ยวกับแม่เหล็ก,เกี่ยวกับไฟฟ้า,ไมปลน,พลับป่วย
current,electricity,กระแสไฟฟ้า,ไฟฟ้า,กล้อสิทธิ์,เจ้ามมา
fashionable,elegant,ทันสมัย,สง่างาม,ผู้เถ้า,เจ้าของหลวง
factor,element,ปัจจัย,องค์ประกอบ,เจ้ดหวัง,เจ้ศการ
urgent,emergency,เร่งด่วน,ภาวะฉุกเฉิน,ผู้ให้กาพ,เจ้มการ
mental,emotional,ทางจิต,ทางอารมณ์,พระเจ้าแผมาถึง,เจ้าตัง
imperial,emperor,เกี่ยวกับจักรพรรดิ,จักรพรรดิ,เจ้บง่าย,เจ้บจาค
dynasty,empire,ราชวงศ์,อาณาจักร,กองงาล,ขย้ง
power,energy,พลัง,พลังงาน,การบนหยุด,อรมตี
tank,engine,รถถัง,เครื่องยนต์,แสว,อรมตะ
exit,entrance,ทางออก,ทางเข้า,การตัมเห็นอกเห็นใจ,ใจดร้าย
millionaire,entrepreneur,เศรษฐี,ผู้ประกอบการ,ลักพกสาร,ฉุ่งก่า
plague,epidemic,กาฬโรค,โรคระบาด,คาดะ,ทดเลียวฉลาด
series,episode,ซีรี่ย์,ตอน,คิรับ,กฎะ
equipment,equip,อุปกรณ์,ติดตั้ง,เอวย,อภิยเหลือ
orgasm,erection,จุดสุดยอด,การแข็งตัว,กู้ภคำ,อภิเล
flee,escape,หนี,หลบหนี,นุภาค,ช็อคโอกรม
observation,evaluation,การสังเกต,การประเมิน,โอนเซ็น,ด้วงภาพ
night,evening,กลางคืน,ตอนเย็น,ประบอล,ปัติ
phenomenon,event,ปรากฏการณ์,เหตุการณ์,หนีหาด,ฤดูฝั่ง
finally,eventually,ในที่สุด,ในท้ายที่สุด,บัษ,ชิไต่สวน
never,ever,ไม่เคย,เคย,ปมี,เปลวิทยา
underestimate,exaggerate,ดูถูกดูแคลน,โอ้อวด,ขนมมตน,เนส
proud,excited,ภูมิใจ,ตื่นเต้น,อาภาพ,ชืดเอียน
forgive,excuse,ให้อภัย,ขอโทษ,กระโหลย,ชุดกรสว่าง
hanging,execution,การแขวนคอ,การประหารชีวิต,แยสัญลักษณ์,เทดยูนิฟอร์ม
practice,exercise,ฝึกฝน,ออกกำลังกาย,สบัส,ชุกใจ
gallery,exhibition,แกลเลอรี่,นิทรรศการ,สบาง,แกก่า
wait,expect,รอ,คาดหวัง,ริงบวก,แรงงลบ
burst,explode,ระเบิด,ประทุ,อาช่อใจ,ลงื่อ
earthquake,explosion,แผ่นดินไหว,การระเบิด,เน่,ทืก
bomb,explosive,ระเบิด,วัตถุระเบิด,แกรบ,จักเพลิง
describe,express,บรรยาย,แสดงออก,ละคิด,ปาแข็ง
internal,external,ภายใน,ภายนอก,ดูน,แชมายน
success,failure,ความสำเร็จ,ความล้มเหลว,ชะตาชาติ,น่าดชะตา
hope,faith,ความหวัง,ความศรัทธา,น่าสำตาล,โชครึ่ย
loyal,faithful,จงรักภักดี,ซื่อสัตย์,โอหาด,ดี่
fake,false,ปลอม,เท็จ,ประยุกียดาย,ปิ้
clan,family,ตระกูล,ครอบครัว,เปลนา,ชบจ้าง
popular,famous,เป็นที่นิยม,มีชื่อเสียง,สูดบัง,ปุอน
wonderful,fantastic,ยอดเยี่ยม,มหัศจรรย์,กียง,ไปรมแซม
reality,fantasy,ความเป็นจริง,จินตนาการ,หยม,ขัม
near,far,ใกล้,ไกล,ครีท้อน,ภาก
slow,fast,ช้า,เร็ว,นิปิด,ท้านไร
deadly,fatal,ปางตาย,ร้ายแรง,วาพ,จงาย
mother,father,คุณแม่,คุณพ่อ,หิบ,ซิกาไฟ
mail,fax,ไปรษณีย์,แฟกซ์,อาฟ้า,ซิจกรรม
horror,fear,ความสยองขวัญ,ความกลัว,อาจตญาณ,ซึ่งเป็วเตอร์
colony,federation,อาณานิคม,สหพันธรัฐ,หวาดระติธรรม,ซึ่งมองปฏิกรณ์
impression,feeling,ความประทับใจ,ความรู้สึก,ในภักดี,ซึ่งสมเหตตัญญู
male,female,ชาย,หญิง,งดรักภักดี,รต่อสัตย์
wall,fence,กำแพง,รั้ว,ไมคม,เซนตินทาง
carnival,festival,งานรื่นเริง,งานเทศกาล,บานที่,ตนนก
cough,fever,การไอ,ไข้,ดนจิ้งจอก,แผตรี
combat,fight,การสู้รบ,การต่อสู้,ดวงจัมซอส,ดวงอาตาล
champion,fighter,แชมเปียน,นักสู้,อารมณ์คร,ความสมองดื่ม
nasty,filthy,น่าสะอิดสะเอียน,สกปรกโสมม,ลัช,สีนไม้
banking,financial,การธนาคาร,การเงิน,ห้องโดเป็น,รวมฟ้า
financially,financing,ทางการเงิน,การจัดหาเงินทุน,ผู้มงเชื่องช้า,ดาไข
search,find,ค้นหา,หา,เรโปรง,ตอนเทียม
dna,fingerprint,ดีเอ็นเอ,ลายนิ้วมือ,การลังคาร,ดาวศสกุล
end,finish,จบ,เสร็จ,ดำเนอกางเกง,ดำเนิกร์
shark,fish,ปลาฉลาม,ปลา,ชะนอ,ทางพ
hunting,fishing,การล่าสัตว์,การจับปลา,สนจาบ,ดึดคิด
fire,flame,ไฟ,เปลวไฟ,เด็กทสผ่าน,ดัท
naval,fleet,ทหารเรือ,กองทัพเรือ,เดญญาณ,เด็ดเข้า
landing,flight,การลงจอด,เที่ยวบิน,เด็กยบง่าย,เดกสันหลัง
grain,flour,ธัญพืช,แป้ง,วิ้ว,เดือ
plant,flower,พืช,ดอกไม้,กำเศษ,เจ็มเด่น
liquid,fluid,ของเหลว,ของไหล,โดยบักเฉิน,โดยการธนา
land,fly,ลงจอด,บิน,ตรงข้ามมา,โดยมุม
cloud,fog,ก้อนเมฆ,หมอก,อย่างเป็นธรเน็ต,โดนทันเงิน
basketball,football,บาสเกตบอล,ฟุตบอล,โดยทาการ,โดยป้อง
strength,force,ความแข็งแกร่ง,พละกำลัง,อย่างกะทอข่าย,โดยไม่คามาถึง
jungle,forest,ป่าดงดิบ,ป่าไม้,ทง,ท้าเยิน
eternal,forever,นิรันดร,ตลอดกาล,แบบิยภาพ,ต้ทแมน
spoon,fork,ช้อน,ส้อม,พุ่นดิน,ต้นต่อ
two,four,สอง,สี่,ตรงกทาย,ตรงกังหล่น
third,fourth,ลำดับที่สาม,ลำดับที่สี่,มือปวพริบ,คงก
conspiracy,fraud,การสมคบคิด,การฉ้อโกง,ยอดันดร,ตลอดเปญ
freely,free,อย่างอิสระ,อิสระ,กวรีย์,ลั่ย
melt,freeze,ละลาย,แช่แข็ง,ล่ำนี้,เชือเช้า
english,french,เกี่ยวกับอังกฤษ,เกี่ยวกับฝรั่งเศส,กลางารก,ท้อเย็น
colleague,friend,เพื่อนร่วมงาน,เพื่อน,คำนาน,เงิกลับ
polite,friendly,สุภาพ,เป็นกันเอง,ทนก,รอส
relationship,friendship,ความสัมพันธ์,มิตรภาพ,โงบ,เขบ
scare,frighten,ทำให้กลัว,ทำให้ตกใจ,ความต้านคง,โจรนทาน
apple,fruit,แอปเปิ้ล,ผลไม้,แชมีวิตอยู่,โทย
gas,fuel,แก๊ส,เชื้อเพลิง,ทุกข์มารถ,โทยา
refugee,fugitive,ผู้ลี้ภัย,ผู้หลบหนี,เรียนปรัมปรา,ตางคม
empty,full,ว่างเปล่า,เต็ม,พละนะ,ตามหลวง
operational,functional,เกี่ยวกับการดำเนินงาน,เกี่ยวกับการทำหน้าที่,แกปกรณ์,ติผึ้ง
budget,funding,งบประมาณ,เงินทุน,ภูเร็จ,ตื่อเล่น
coffin,funeral,โลงศพ,งานศพ,กันยนทาง,รวมาคม
witty,funny,มีไหวพริบ,ตลก,จิบะ,ไร้อสื้อผ้า
universe,galaxy,จักรวาล,กาแล็กซี,องคงเปล่า,ภามี
play,game,การเล่น,เกม,พรเกม,เตรียสลัด
workshop,garage,ห้องเวิร์กช็อป,โรงรถ,สมออบ,ชาอา
trash,garbage,ขยะ,สิ่งปฏิกูล,ป้อทาก,อน่า
portal,gate,ทางเข้า,ประตูรั้ว,โซเปญ,โอยง
collect,gather,เก็บรวบรวม,รวมตัว,เอ้ายกัน,แตกยภาพ
lesbian,gay,เลสเบี้ยน,เกย์,คณด,แต่งงาเสื้อ
naturally,generally,อย่างเป็นธรรมชาติ,โดยทั่วไป,ถนนิยาม,กีน
compassionate,generous,มีความเห็นอกเห็นใจ,ใจกว้าง,คำงวล,กูม
soft,gentle,อ่อนนุ่ม,อ่อนโยน,รก่อง,ยอฟ
compliment,gift,คำชมเชย,ของขวัญ,ผิดกธีการ,ถูกกามารถ
boys,girls,เด็กผู้ชาย,เด็กผู้หญิง,บทด,ถูปักตัว
offer,give,เสนอ,ให้,แท้จี่,ทดสัย
national,global,ระดับชาติ,ทั่วโลก,โคโว,อะบาย
glorious,glory,รุ่งโรจน์,ความรุ่งโรจน์,ความงใจ,อดษฎี
enter,go,เข้า,ไป,จังเกต,ท่วงทุคคล
monkey,gorilla,ลิง,กอริลลา,ศตเร็จ,ทศเร็จ
administration,government,การบริหารรัฐกิจ,รัฐบาล,พลเขียน,ฟาร
diploma,graduate,ประกาศนียบัตร,บัณฑิต,ทหารเร็ว,หลอดปืนใหญ่
kilo,gram,กิโล,กรัม,ภิกภาพ,ท้องถิห์
grandfather,grandmother,คุณปู่คุณตา,คุณย่าคุณยาย,จาสูญ,โป๊ทิ้ง
hospitality,gratitude,ความเอื้อเฟื้อเผื่อแผ่,ความกตัญญู,แม่อใจ,ทะเลงทุน
excellent,great,ดีเลิศ,ยอดเยี่ยม,แสดงความยิษฎี,ทัฐบาล
roman,greek,โรมัน,กรีก,ระดับปรุง,ทัครตลก
congratulate,greet,แสดงความยินดี,ทักทาย,มุโปรง,สอบนคติ
gang,group,แก๊ง,กลุ่ม,ความคิแค้น,สอบน
innocent,guilty,บริสุทธิ์ใจ,มีความผิด,ทางเบี้ยน,อย่ากลไก
piano,guitar,เปียโน,กีตาร์,เรื่องทองมือ,ทางหลวงภาพ
rifle,gun,ปืนไรเฟิล,ปืน,ควกฤต,ทางการามารถ
illusion,hallucination,ภาพลวงตา,ภาพหลอน,ทางกาศ,ทางเร็จ
sandwich,hamburger,แซนวิช,แฮมเบอร์เกอร์,ทางการินทาง,ทางจิตวงงาน
stick,hammer,ตระบอง,ค้อน,เสเท่า,ทางนโยน
cloth,handkerchief,ผ้า,ผ้าเช็ดหน้า,ทางทิเบิด,ทางจันทะวันตก
occur,happen,ปรากฎขึ้น,เกิดขึ้น,ตังเตือน,ทางเสื้อ
satisfied,happy,พอใจ,มีความสุข,ทางจันทปภาพ,ทางสุรแลคซี
bay,harbor,อ่าว,ท่าเรือ,ฝุน,ทางิทยา
tough,hard,ทนทาน,แข็ง,ทางารก,ทางอาเฟีย
balance,harmony,ความสมดุล,ความกลมกลืน,แรกป่า,ท้านาโด
helmet,hat,หมวกนิรภัย,หมวก,ทรใหล,ทาบัส
base,headquarters,ฐานทัพ,กองบัญชาการ,อหก,ท่มเลือก
recover,heal,ฟื้นตัว,รักษา,จัมชน,รีง
listen,hear,ฟัง,ได้ยิน,วงบ,ทำออก
sky,heavenly,ท้องฟ้า,จากสวรรค์,สบปรนใจ,ทำความุ่นเคือง
heavy,heavily,หนัก,อย่างหนัก,ทำอภัย,ทำความกใจ
weight,height,น้ำหนัก,ความสูง,ไหยาญ,ทำให้ส้งก่า
ambulance,helicopter,รถพยาบาล,เฮลิคอปเตอร์,จิตวะวันตก,จิตวะวันออก
paradise,hell,สวรรค์,นรก,ทิปไตย,มะศเหนือ
cocaine,heroin,โคเคน,เฮโรอีน,กลหลบภัย,เกิกกำบัง
cover,hide,ปิดบัง,ซ่อน,เคาที่,เง่ตั้ง
low,high,ต่ำ,สูง,ที่น่ง,ที่น้าน
majesty,highness,พระเจ้าแผ่นดิน,เจ้าฟ้า,ถูกลลง,ที่ปิดอยนะ
road,highway,ถนน,ทางหลวง,ความน่าจำหนัก,แบล็ปไปได้
aids,hiv,เอดส์,เอชไอวี,ก้อคม,รวาย
crack,hole,รอยแตก,รู,สอข่าย,รถสุด
christmas,holiday,คริสต์มาส,วันหยุด,ตัมสุข,รถ่อยู่
decent,honest,เหมาะสม,จริงใจ,อนาธิเบิด,ทุนธรรม
loyalty,honesty,ความภักดี,ความจริงใจ,สีอม,เทิศ
privilege,honor,สิทธิพิเศษ,เกียรติยศ,มุล์ฟ,บาดนิส
terrible,horrible,แย่,น่าสยดสยอง,บาทไฟ,เทียหาด
donkey,horse,ลา,ม้า,ตามธรรมหมาย,ชุยม
pump,hose,เครื่องสูบน้ำ,สายยาง,การลงคัญ,ภูเกี่ยวบิน
kiss,hug,จูบ,กอด,ถาร้าง,จู้จริง
big,huge,ใหญ่,มหึมา,วิกา,ศักทัศน์
man,human,คน,มนุษย์,หุร,โทรศัพวร
thousand,hundred,พัน,ร้อย,ตามลำจิกายน,ธันวิการ
tired,hungry,เหนื่อย,หิว,การจะความ,ธุกงาน
carbon,hydrogen,คาร์บอน,ไฮโดรเจน,อุตสาบปรุง,ธุรกย์
fool,idiot,คนโง่,คนโง่เง่า,ผาเรือ,หัย
meaning,importance,ความหมาย,ความสำคัญ,ฟร,นกหม่า
valuable,important,มีค่า,สำคัญ,อรรค์,ยอกา
flatter,impress,ยกยอ,ประทับใจ,พละคะ,ถ้ด
penalty,imprisonment,การลงโทษ,การคุมขัง,พรก่อน,งูน
change,improvement,ความเปลี่ยนแปลง,การปรับปรุง,รางบาย,นักกาปกครอง
profit,income,กำไร,รายได้,ผู้ชั่วรัล,นั่กตัว
point,indicate,ชี้,ระบุ,ช้อ,นะเบียบ
person,individual,บุคคล,ปัจเจกบุคคล,นะห้อง,นั่งนตรี
virus,infection,ไวรัส,การติดเชื้อ,ตัวปรวรรษ,นักนิก
report,inform,รายงาน,แจ้ง,นักบินาบ่าว,นีพิษ
source,informant,แหล่งที่มา,ผู้ให้ข้อมูล,จ้าร,นับจับ
data,information,ข้อมูล,สารสนเทศ,นายธนาสัตว์,นักลอุ่น
heritage,inherit,มรดก,สืบทอด,การลบจ้าง,นักลอบสิกภาพ
dose,injection,ปริมาณยา,การฉีดยา,เหยแรง,นักล้วย
wound,injury,บาดแผล,อาการบาดเจ็บ,อัจฉรดหยาม,เพลิทยาศาสตร์
spider,insect,แมงมุม,แมลง,สานรัว,นักแสด
outside,inside,ข้างนอก,ข้างใน,กรรวิเคราะห์,นกแส
examination,inspection,การทดสอบ,การตรวจสอบ,แชมปสะเอียน,นักสที
inspire,inspiration,สร้างแรงบันดาลใจ,แรงบันดาลใจ,ผู้เขียบ,นักแสดนแบบ
tool,instrument,เครื่องมือ,อุปกรณ์,ลัว,นั้ว
smart,intelligent,ฉลาด,เฉลียวฉลาด,น่าขยกำบัง,น่ดเตรียม
purpose,intention,วัตถุประสงค์,เจตนา,น่วนตัว,น่าขยกจ้าง
accidentally,intentionally,โดยบังเอิญ,โดยเจตนา,น่าเรงสือ,นักวื่นเต้น
exciting,interesting,น่าตื่นเต้น,น่าสนใจ,วินาวก,นาล์
personal,intimate,ส่วนตัว,ใกล้ชิด,เป็นครังครรภ์,ชุนๆ ครั้ง
instinct,intuition,สัญชาตญาณ,การหยั่งรู้,ชื่งมั่น,นามำตาล
finance,invest,การเงิน,ลงทุน,นายอำสุด,ดีเอเทศมนตรี
examine,investigate,พิจารณา,สอบสวน,อ่อนาการ,น่กนิก
analyst,investigator,นักวิเคราะห์,นักสืบ,หิล,นกนิบ
banker,investor,นายธนาคาร,นักลงทุน,สกคืน,นักลังเกียจ
irony,ironic,การประชดประชัน,ประชดประชัน,น่าเวหลัง,น่าสางาม
unreasonable,irresponsible,ไม่มีเหตุผล,ขาดความรับผิดชอบ,นักลื่นเต้น,น่าสเรือ
shirt,jacket,เสื้อ,เสื้อแจ็กเกต,ตระ,ความยดสยอง
diamond,jewel,เพชร,อัญมณี,วัพ,น้ำผำนาญ
trick,joke,กลอุบาย,เรื่องตลก,นางนหิน,น้บกวน
reporter,journalist,ผู้สื่อข่าว,นักข่าว,คัปสติก,น้มแซม
pleasure,joy,ความปิติยินดี,ความเบิกบานใจ,น้ำมทรวง,น้ำอดาร์
court,judge,ศาล,ผู้พิพากษา,นิตยสานเสมอปลาย,พายยสาร
milk,juice,นม,น้ำผลไม้,โป๊เลอรี่,นิทรรอ่าน
romeo,juliet,โรมิโอ,จูเลียต,นิมา,นิ้วงสือพิมพ์
june,july,มิถุนายน,กรกฎาคม,นะครั้ง,จรยา
climb,jump,ปีน,กระโดด,นิต้อหมู,มังกื้อ
senior,junior,อาวุโส,รุ่นน้อง,บาว,ตอน้อเยื่อ
revenge,justice,การแก้แค้น,ความยุติธรรม,คำแนะวรรษ,นักนำ
hold,keep,ถือ,เก็บรักษา,เสบ,นักนาม
poison,kill,วางยา,ฆ่า,อย่าอืนลอบยิง,ในทางมัติเหตุ
queen,king,พระราชินี,พระราชา,ชือที่สุด,ในท้าแท็กซี่
royal,kingdom,ราชวงศ์,ราชอาณาจักร,ขดหยาม,บทดทำ
shoulder,knee,ไหล่,เข่า,ซองจดชาติ,ข้าจุุภัณฑ์
recognize,knew,จำได้,รู้,สิ่ยุติธรรม,บรรยาหลวง
sword,knife,ดาบ,มีด,บริษ่น,มีรษัท
now,know,ตอนนี้,รู้,บรพูด,บร้อเพลิง
experience,knowledge,ประสบการณ์,ความรู้,งาว,ลก
lord,lady,ท่านลอร์ด,สภาพสตรี,บางาร้าง,สงบครั้ง
river,lake,แม่น้ำ,ทะเลสาบ,สบชิงตัน,แทสตัน
tenant,landlord,ผู้เช่า,เจ้าของบ้าน,ประเหยียด,บัมทิศ
first,last,แรกสุด,ท้ายสุด,มงปรก,บัสตางค์
smile,laugh,ยิ้ม,หัวเราะ,หวาดระคม,บ้งแกร่ง
member,leader,สมาชิก,ผู้นำ,ไม่มีเกิด,บางสิ่งก่อ
seminar,lecture,สัมมนา,การบรรยาย,ที่อุ้น,บางเเพง
right,left,ขวา,ซ้าย,สวาก,ลอบหลวง
illegal,legal,ผิดกฎหมาย,ถูกกฎหมาย,ซึบ,ฤดร์
myth,legend,นิทานปรัมปรา,ตำนาน,อนุรักแฟ,บำรุงรศใต้
size,length,ขนาด,ความยาว,ลงกาล,ตำนอ
allow,let,อนุญาต,ปล่อย,แรคนิสัย,บุคลมิภาค
telegram,letter,โทรเลข,จดหมาย,มีสูบ,นกหรี่
lie,liar,โกหก,คนโกหก,ขนมปอหน้า,เบจ่อ
conservative,liberal,นักอนุรักษ์นิยม,เสรีนิยม,ทิศตกีฬา,ลาดบอล
suck,lick,ดูด,เลีย,เครงแข่ง,สกีร์
sergeant,lieutenant,จ่า,ผู้หมวด,มงเปอร์แมน,แบนายน
darkness,light,ความมืด,แสงสว่าง,ทันตราย,แรงบั้งเดิม
probability,likely,ความน่าจะเป็น,ที่เป็นไปได้,สิสัย,แบล็ตเมตร
taxi,limousine,รถแท็กซี่,รถลีมูซีน,ไก่เรือ,บิทยา
ming,ling,หมิง,หลิง,สุขภาพิน,ทิติ
dragon,lion,มังกร,สิงโต,การประชดประแกร่ง,ประชดประเมือง
art,literature,ศิลปะ,วรรณกรรม,อุปีภาพ,ประชาธิดยสาร
kidney,liver,ไต,ตับ,สาราต่าง,ปรครู
frog,lizard,กบ,กิ้งก่า,ทางักษา,ประครั้ง
credit,loan,สินเชื่อ,เงินกู้,ยบพาน,ประทันหิน
tuna,lobster,ทูน่า,ล็อบสเตอร์,ระเท,สะทุ
regional,local,ภูมิภาค,ท้องถิ่น,กรัด,ประทัม
place,location,สถานที่,ที่ตั้ง,นายกรัวเตอร์,ประธานากเต้น
key,lock,กุญแจ,ล็อก,ล่าว,ประโอ
alone,lonely,ตามลำพัง,เหงา,จันทาง,ประสบความสำคลั่ง
short,long,สั้น,ยาว,เป็นกปก,ประรมณ์
hate,love,เกลียด,รัก,เปราชวัง,ปรานสด
nice,lovely,ดี,น่ารัก,สีรจุ,ปริมาเคราะห์
mistress,lover,อนุภรรยา,คนรัก,ฉุม,รั้ม
snack,lunch,อาหารว่าง,อาหารกลางวัน,อนาหาร,ผ้อย
robot,machine,หุ่นยนต์,เครื่องจักร,ปลาฉุ่ม,แมบ
playboy,magazine,นิตยสารเพลย์บอย,นิตยสาร,ปกนาง,สงบงกัน
nanny,maid,พี่เลี้ยงเด็ก,แม่บ้าน,บุบอย,ปัจเจบกษาปณ์
preserve,maintain,อนุรักษ์,บำรุงรักษา,ผลปสร,ในญหา
service,maintenance,การบริการ,การซ่อมบำรุง,เลียด,ปัสสเม็ด
control,manipulate,ควบคุม,จัดการ,กระแผล,สอบกา
compass,map,เข็มทิศ,แผนที่,ป่าดกลับ,ป่ารณ
advertising,marketing,การโฆษณา,การตลาด,เปพบ,เอพ
divorce,marriage,การหย่าร้าง,การแต่งงาน,เหยฟ้า,จมศาจ
single,married,โสด,แต่งงานแล้ว,ปืนไรบรอบ,จรน
yoga,massage,โยคะ,นวด,สภาน,เปมิ
tournament,match,ทัวร์นาเมนต์,การแข่งขัน,สุชีพ,เป็นกุนปืน
physics,mathematics,ฟิสิกส์,คณิตศาสตร์,อย่างเป็นทเตือน,เป็นทาเข้า
minimum,maximum,ขั้นต่ำสุด,ขั้นสูงสุด,กล้าดาสามัญ,เป็คยติ
ketchup,mayonnaise,ซอสมะเขือเทศ,มายองเนส,ระยงภัย,เป็นอคุณยาย
sheriff,mayor,นายอำเภอ,นายกเทศมนตรี,ป้น,เมือไฟ
food,meal,อาหาร,มื้ออาหาร,เปร้อ,เตรียนเปล่า
pork,meat,เนื้อหมู,เนื้อ,เขะตุ้น,เปิดในตราย
technical,mechanical,ทางเทคนิค,ทางกลไก,ขน้ง,เปผูก
trophy,medal,ถ้วยรางวัล,เหรียญรางวัล,ธัญพฐี,ชุ้ง
artifact,medallion,สิ่งประดิษฐ์,เหรียญกษาปณ์,ผิยคติ,โลลก
see,meet,พบ,พบปะ,การพปูน,เจ็กเกอร์
conference,meeting,การสัมมนา,การประชุม,เขมย์,คิ
commercial,merchant,ทางการค้า,พ่อค้า,อิททิ้ง,โรคระทบ
forgiveness,mercy,การให้อภัย,ความเมตตา,ผลทัศน์,ผลที่ตป้อง
warning,message,คำเตือน,ข้อความ,แอปปั้น,ผลคัญ
iron,metal,เหล็ก,โลหะ,เส้สร้าง,สมิต
kilometer,meter,กิโลเมตร,เมตร,ยี่หน,ผลิมพันธ์
camera,microphone,กล้อง,ไมโครโฟน,ผ้นผสม,ผ้าขาลใจ
telescope,microscope,กล้องโทรทรรศน์,กล้องจุลทรรศน์,มาว,ผ้าชัดแจ้ง
civil,military,พลเรือน,ทหาร,ผ้าของ,ผัมตาย
ambassador,minister,เอกอัครราชทูต,รัฐมนตรี,ผูอมูล,รียก
embassy,ministry,สถานทูต,กระทรวง,อย่าชากร,ผู่น
plus,minus,บวก,ลบ,เหแรง,ผู้โจม็อบ
second,minute,วินาที,นาที,ผู้แวร,ผู้ชู่
reflection,mirror,ภาพสะท้อน,กระจก,ฝูกาส,ผูลาม
poverty,misery,ความยากจน,ความทุกข์ยาก,เลขานารัก,ผู้ชจัย
unfortunate,misfortune,น่าเสียดาย,โชคร้าย,มโร่,ผู้ช่วยช้าติ
rocket,missile,จรวด,ขีปนาวุธ,ไข้เหวี่ยวชาญ,ผู้ชำนาญเฉพมปราม
task,mission,งาน,ภารกิจ,ผู้ขัย,ผูเสื้อ
error,mistake,ข้อผิดพลาด,ความผิด,ก้อชิก,สนำ
combination,mixture,การผสมผสาน,ส่วนผสม,ผู้ไข่,ผู้ยกร้อง
humble,modest,ถ่อมตน,สงบเสงี่ยม,อำรษฐี,ผู้ประกงห้าม
temple,monastery,วัด,อาราม,ฆล,ผู้พินกู้
cash,money,เงินสด,เงิน,ผู้สามัญ,ผู้มีสิทธงเชื่องช้า
screen,monitor,จอภาพ,จอคอมพิวเตอร์,โครถ,ผู้เง้น
tomorrow,morning,พรุ่งนี้,ตอนเช้า,โสย,ผู้ขง
aspirin,morphine,แอสไพริน,มอร์ฟีน,งูน,ผู้หญิด
hotel,motel,โรงแรม,โมเต็ล,ผู้ล้อภัย,มีเหลบหนี
hill,mountain,เนินเขา,ภูเขา,นักวงที่มา,ไข้ไหว้ข้อมูล
porn,movie,หนังโป๊,ภาพยนตร์,ผู้อำนวยกกกำพร้า,ผู้อำนดปกติ
daddy,mum,พ่อ,แม่,หนอย,โกนก
suicide,murder,การฆ่าตัวตาย,การฆาตกรรม,แทรกการ,อาชงาน
killer,murderer,นักฆ่า,ฆาตกร,ยอดมทิศ,จูนที่
nerve,muscle,เส้นประสาท,กล้ามเนื้อ,กลุสัก,ท้ามเป็น
library,museum,ห้องสมุด,พิพิธภัณฑ์,ผัย,โทบ
jazz,music,ดนตรีแจ๊ส,ดนตรี,ถนตรู,ฝ่ายตรนาการ
singer,musician,นักร้อง,นักดนตรี,ดำเถ้า,ฟื่น
evolution,mutation,วิวัฒนาการ,การกลายพันธุ์,เป็นจรง,ฝุบหลับ
secret,mystery,ความลับ,ความลึกลับ,คมาง,เฝ้างา
nude,naked,เปลือย,เปลือยเปล่า,ที่ปความ,พนักงานอ้นตอน
country,nation,ประเทศ,ชาติ,มนศา,พบยคอ
diarrhea,nausea,ท้องเสีย,คลื่นไส้,ปางล,วิตยาม
marine,navy,นาวิกโยธิน,ราชนาวี,ผิ้น,ฤดม
throat,neck,ลำคอ,คอ,จมชอป,พระคารดินทาง
ring,necklace,แหวน,สร้อยคอ,พระราดคิด,กล้อราชา
necessary,need,จำเป็น,ความต้องการ,ความแขคลั่ง,พละกำมการ
positive,negative,เชิงบวก,เชิงลบ,ชัล,ยากงงาน
grandson,nephew,หลานปู่,หลานชาย,ปูนิวเตอร์,ช่าสติก
worried,nervous,เป็นกังวล,ประหม่า,ทศง,ละอน
channel,news,ช่อง,ข่าว,ทำอากัน,ฤดอครัว
article,newspaper,บทความ,หนังสือพิมพ์,ทางการนตัว,พ่าคดี
midnight,noon,เที่ยงคืน,กลางวัน,โรมมนตร์,พกอด
healthy,normal,สุขภาพดี,ปกติ,ศาสงหล่น,พัมบ้าน
south,north,ทิศใต้,ทิศเหนือ,โทนง,พักจ้าน
mouth,nose,ปาก,จมูก,หนีพล,พับดัก
atomic,nuclear,เกี่ยวกับปรมาณู,เกี่ยวกับนิวเคลียร์,กูง,ยยุ
swear,oath,สาบาน,คำสาบาน,พายุเฮอรมสูง,พายุทอร์เตือน
clearly,obviously,อย่างชัดเจน,อย่างชัดแจ้ง,พิที่สาม,พิดยสาร
sea,ocean,ทะเล,มหาสมุทร,ห้อนหยุด,อนพิธภัณฑ์
september,october,กันยายน,ตุลาคม,พี่นุ่มสาว,พี่ชายน่างดาว
insult,offend,สบประมาท,ทำให้ขุ่นเคือง,เส้นขอ,เค้งผิว
desk,office,โต๊ะทำงาน,สำนักงาน,ทดคุย,ส้ด
officially,official,อย่างเป็นทางการ,เป็นทางการ,อัลบทีม,พิลง
sometimes,often,บางครั้ง,บ่อยครั้ง,สะดวกสยนตร์,เครือดเพลิน
coal,oil,ถ่านหิน,น้ำมัน,กาเศษ,อ่ามเติม
garlic,onion,กระเทียม,หอมหัวใหญ่,ณาส,เพียคุม
enemy,opponent,ศัตรู,ฝ่ายตรงข้าม,เพื่อนร่งมั่น,กื่น
choice,option,ตัวเลือก,ทางเลือก,เพื่อย่าง,เปลวอนชาย
green,orange,เขียว,ส้ม,ไม่แพทย์,โหทย์
planet,orbit,ดาวเคราะห์,วงโคจร,บรบ,ลิน
command,order,สั่งการ,สั่ง,ฟ้งดิบ,ย้าร้อง
arrange,organize,จัดเตรียม,จัดระเบียบ,ครอบเกตบอล,ฟุกบิน
result,outcome,ผลลัพธ์,ผลที่ตามมา,โต๊ษณีย์,ตืกซ์
property,owner,กรรมสิทธิ์,เจ้าของ,กระแสไฟสัตว์,ไฟภาด
air,oxygen,อากาศ,ออกซิเจน,รอมี,รอนยา
envelope,package,ซองจดหมาย,บรรจุภัณฑ์,บาเลข,ภรรยาขอดขะเบียบ
suffering,pain,ความทุกข์ทรมาน,ความเจ็บปวด,หนังแสง,ร้ายนตร์
artist,painter,ศิลปิน,จิตรกร,หลอดลวงตา,ลำพหลอน
section,paragraph,มาตรา,ย่อหน้า,คลใน,ภายเจน
supernatural,paranormal,อภินิหาร,เหนือธรรมชาติ,โจนะ,กำรกิจ
adult,parent,ผู้ใหญ่,ผู้ปกครอง,ยากงด่วน,ภาวะฉูหนาว
matter,particle,สสาร,อนุภาค,ความงเรียน,ภาวะซึได้รับ
reception,party,การต้อนรับ,งานสังสรรค์,ทหานเขา,วมเขา
enthusiasm,passion,ความกระตือรือร้น,ความหลงใหล,ฟื้ง,โปว์
ticket,passport,ตั๋ว,หนังสือเดินทาง,ยัว,คูษย์
code,password,รหัส,รหัสผ่าน,ลุเอฟโอ,การกย์ต่างดาว
future,past,อนาคต,อดีต,สหพันตราย,สึรัฐ
route,path,เส้นทาง,ทางเดิน,ยอดเยนทาง,ถ่าศจรรย์
miserable,pathetic,น่าเวทนา,น่าสงสาร,วิคลั่ง,การวิทยาลัย
guard,patrol,อารักขา,ลาดตระเวน,ทะนวน,ดาวศสมุทร
paper,pen,กระดาษ,ปากกา,ซึญ,ลอึมา
vagina,penis,ช่องคลอด,องคชาติ,ปากไพริน,อดร์ฟีน
population,people,ประชากร,ผู้คน,ดานฝรั่ง,มะขือก่อน
ideal,perfect,ในอุดมคติ,สมบูรณ์แบบ,ชองอก,มะโปรง
show,performance,งานแสดงโชว์,การแสดง,มีดภัย,มั่มไป
lipstick,perfume,ลิปสติก,น้ำหอม,ลูถึง,บร
radius,perimeter,รัศมี,เส้นรอบวง,หุด,พาม
phase,period,ระยะ,ระยะเวลา,มีบ,มานหิน
character,personality,อุปนิสัย,บุคลิกภาพ,วราบ,ดาวศการ
view,perspective,มุมมอง,ทัศนคติ,ซอสมะเขปดาห์,มายองผลิต
picture,photo,รูปภาพ,รูปถ่าย,ความสัมบูง,มิตข้าม
autograph,photographer,ลายเซ็น,ช่างภาพ,บริสุสิทธิ์,มีสตามผิด
dictionary,phrase,พจนานุกรม,วลี,พอกาศ,มีควางทุน
sexual,physical,เรื่องทางเพศ,ทางกายภาพ,เป็นที่นิ่ม,สามื่อเสียง
fragment,piece,เศษ,ชิ้นส่วน,คอบล,บอภ
cow,pig,วัว,หมู,มีประโวไป,หลอดะสิทธิภาพ
tablet,pill,ยาเม็ด,ยา,น่าดึงด่วน,มีเสน่ทำ
astronaut,pilot,นักบินอวกาศ,นักบิน,คำอธมคติ,ผู้หุตุผล
preparation,planning,การเตรียมการ,การวางแผน,ยุงแกร่ง,ผู้หาดบ
cement,plastic,ปูนซีเมนต์,พลาสติก,กันเศษ,มีเอกลางษณ์
bowl,plate,ชาม,จาน,มือมูล,มีเหินลอบยิง
explanation,plausible,คำอธิบาย,มีเหตุผล,ผู้ปมัครเล่น,เมื้องชาย
coach,player,โค้ช,ผู้เล่น,อาน้ำ,เมื้อนหวาน
comfortable,pleasant,สะดวกสบาย,เพลิดเพลิน,อภิลเมตร,สูตรู
text,poem,ข้อความ,บทกวี,พสติ,ผำ
gambling,poker,การพนัน,โป๊กเกอร์,เมือบหลับ,เจรือง
critical,political,วิกฤต,ทางการเมือง,วันนาย,คอม่อวาน
policy,politician,นโยบาย,นักการเมือง,ขอส,ผู่
journalism,politics,วารสารศาสตร์,การเมือง,ที่จุยงเด็ก,แม่บกิน
status,position,สถานะ,ตำแหน่ง,คำไข,เล่มด
chance,possibility,โอกาส,ความเป็นไปได้,แมงทัพ,แมที
helpless,powerless,หมดหนทาง,ไร้อำนาจ,หมนัช,เบรว
literally,practically,อย่างแท้จริง,ในทางปฏิบัติ,โรงลัง,โมเมิน
prey,predator,เหยื่อ,นักล่า,เง้อง,ไมโคริยาม
birth,pregnancy,การเกิด,การตั้งครรภ์,ทีรอภิปราย,ห้อเป็นที่รู้จัก
ready,prepare,พร้อม,เตรียมตัว,ออกซัดใจ,ไม่สบาองตลก
chancellor,president,นายกรัฐมนตรี,ประธานาธิบดี,สนไปได้,ไม่สฎหมาย
button,press,ปุ่ม,กด,ชืนเมฆ,ดึย่อง
pulse,pressure,ชีพจร,ความดัน,ดีเลคะ,ยอดเยวรรษ
value,price,มูลค่า,ราคา,ดาดหลัง,นางนกลับ
monk,priest,พระ,บาทหลวง,ปฏิเงา,ผีมรับ
secondary,primary,รอง,หลัก,มาเชย,ย่นค้า
princess,prince,เจ้าหญิง,เจ้าชาย,เรียบร้งแคล่ว,ยักลม
cell,prison,ห้องขัง,คุก,ยาบทอด,ขี
hostage,prisoner,ตัวประกัน,นักโทษ,แอลกอมทาง,วีม
private,privacy,ส่วนตัว,ความเป็นส่วนตัว,ผู้น,มีว
nobel,prize,โนเบล,รางวัล,ลูกกระสดปกติ,วไง
maybe,probably,อาจจะ,ซึ่งเป็นไปได้,กาแฟนยัน,แผนยัน
capsule,probe,ยาแคปซูล,เครื่องตรวจบาดแผล,เรียสอบ,แกนยัน
trouble,problem,อุปสรรค,ปัญหา,อบกลืน,โหเน็น
process,procedure,กระบวนการ,ขั้นตอน,สนอน,โหบ
create,produce,สรรสร้าง,ผลิต,หิ,ทศ่า
brand,product,ยี่ห้อ,ผลิตภัณฑ์,รบเเพง,รถไฟ้
factory,production,โรงงาน,การผลิต,รถดีโอ,รถบรราหาญ
amateur,professional,มือสมัครเล่น,มืออาชีพ,ยานพามตัว,รถ่นชม
dean,professor,คณบดี,ศาสตราจารย์,รถบที่สี่,รถลีดูดใจ
project,program,โครงการ,แผนงาน,ขัดจ้งหมด,รบมุม
forbidden,prohibit,ต้องห้าม,ห้ามปราม,เก็บระเด่น,ท้าตัม
guarantee,promise,รับประกัน,สัญญา,คุนหัน,แผนมทาง
evidence,proof,หลักฐาน,การพิสูจน์,หอมจน,ปาจ
lawyer,prosecutor,ทนายความ,พนักงานอัยการ,ผู้ไฟ,รสงวง
rule,protocol,กฎ,มาตรการ,รห่ม,เทคสผ่าน
model,prototype,แบบอย่าง,ต้นแบบ,ชานยกร้อง,นักงขอ
enable,provide,มอบอำนาจ,จัดหาให้,ดาวเท้าบูต,ศาสเท้า
medical,psychological,ทางการแพทย์,ทางจิตวิทยา,ดำเนินเสาร์,สาดชีวิต
anatomy,psychology,กายวิภาคศาสตร์,จิตวิทยา,ข้านาญ,ลัช
push,pull,ดัน,ดึง,กัม,รอัค
insert,put,แทรกเข้า,ใส่,รูน,ดาอยา
quantity,quality,ปริมาณ,คุณภาพ,ร้าพ,รอยชี
half,quarter,ครึ่ง,หนึ่งในสี่,เครืงข้าม,ระดูก
slowly,quickly,อย่างเชื่องช้า,อย่างรวดเร็ว,บั้ม,ระณุ
fox,rabbit,สุนัขจิ้งจอก,กระต่าย,ดินทร์,ระเย็น
squirrel,raccoon,กระรอก,แรคคูน,ระนสด,ระยะเวสัตว์
marathon,race,การแข่งวิ่งมาราธอน,การวิ่งแข่ง,สงก้า,ระบาค
contamination,radiation,การปนเปื้อน,รังสี,เกลีธี,ติถ
anger,rage,ความโกรธ,ความเดือดดาล,ฟื่นจับ,รัขภาพ
kidnapper,ransom,ผู้ลักพาตัว,ค่าไถ่,การปน่นน้อง,รังงี
occasionally,rarely,เป็นครั้งคราว,นานๆ ครั้ง,กฏชาติ,รัลทรรศน์
mouse,rat,มุสิก,หนู,การญาณภัย,รัยภาพ
generator,reactor,เครื่องกำเนิดไฟฟ้า,เครื่องปฏิกรณ์,เสมอต้รราชทูต,รัวเตอร์
true,real,ถูกต้อง,แท้จริง,กำสาร,รัติ
optimistic,realistic,ในแง่ดี,ซึ่งสมเหตุสมผล,มูแห่ง,รานอก
actually,really,จริงๆแล้ว,จริงๆ,ราคาบรวม,รามาชิก
front,rear,ด้านหน้า,ข้างหลัง,เงสูบน้ำ,เมือวัล
fair,reasonable,ยุติธรรม,มีเหตุผล,โนนวณ,เมรัลย์
just,recently,ขณะนี้,เร็วๆนี้,นาวิกทาง,ราชนเมฆ
record,recording,บันทึก,การบันทึก,ราชารณ์,ราชอาณาจนไปได้
increase,reduce,เพิ่ม,ลด,ถุบ,ร้านอก่อน
fresh,refresh,สด,ทำให้สดชื่น,กำเทศ,รายแวง
philosophy,religion,ปรัชญา,ศาสนา,อุปตาย,ภาพยแรง
stay,remain,อยู่,คงอยู่,รายสิค,รายสสัตว์
exceptional,remarkable,พิเศษ,โดดเด่น,พระอาเหยียด,รุ่งอรทบ
forget,remember,ลืม,จำได้,อาวกใจ,รุยกร้อง
eliminate,remove,กำจัด,ลบ,รอยวัน,สมุ
hire,rent,จ้าง,เช่า,จำน้ำ,เร้
fix,repair,แก้ไข,ซ่อมแซม,ยินนี้,เรราว
answer,reply,คำตอบ,ตอบกลับ,รูกสาว,ลงปถ่าย
career,reputation,อาชีพ,ชื่อเสียง,อนุลทรรศน์,รูทเม้น
demand,request,เรียกร้อง,ร้องขอ,พยาว,เรลก
resistance,resist,ความต้านทาน,ต้านทาน,ย่ะนี้,เริงๆ นี้
pub,restaurant,ผับ,ร้านอาหาร,อย่างเรนตราย,ตรวจบง่าย
back,return,ถอยหลัง,ย้อนกลับ,เรือดเด่น,เรด
bonus,reward,เงินโบนัส,รางวัล,ลูเต้ย,เรเดส
poor,rich,ยากจน,รวย,แนวุบาย,กรรมองตลก
drive,ride,ขับ,ขี่,การนิหนี,เรื่องสื้อผ้า
steal,rob,ขโมย,ปล้น,กระมาน,ตามคูน
theft,robbery,การลักขโมย,การปล้น,สร้างแรงบันด่วมงาน,เตรียนดาลใจ
dramatic,romantic,ดราม่า,โรแมนติก,หมวกระกอบ,แร่เขลา
caesar,rome,ซีซาร์,โรม,ผู้เชดใหญ่,ลำคี
chain,rope,โซ่,เชือก,เอกโรค,โรคระพัน
turn,rotate,เปลี่ยน,หมุน,ห้องเวรราชทูต,เป็จรถ
espionage,sabotage,จารกรรม,วินาศกรรม,ชัสเอียน,โรงงเสีย
security,safety,ความมั่นคง,ความปลอดภัย,โรงภาพปดาห์,มีปรละคร
anchor,sail,สมอเรือ,ใบเรือ,สกซาร์,ภาม
pirate,sailor,โจรสลัด,กะลาสี,ดราทาน,โร่มเติม
soup,salad,ซุป,สลัด,ไร้ประโสร้าง,ไรงฟ้า
pension,salary,เงินบำนาญ,เงินเดือน,น่าห่วมงาน,ไร้สบดัก
auction,sale,การประมูล,การขาย,ที่ปหนทาง,ดีเอานาจ
ninja,samurai,นินจา,ซามูไร,ฤดูใบไงหล่น,ฤดูใงแท้จริง
mud,sand,โคลน,ทราย,ลาร้อน,ฤดอหน้า
radar,satellite,เรดาร์,ดาวเทียม,การเท่า,ลงบาด
cream,sauce,ครีมซอส,ซอส,กวบฟอร์ม,ลงิกา
rescue,save,กู้ภัย,ช่วยเหลือ,สวิ่ม,ฆู่
hero,savior,ฮีโร่,ผู้ช่วยชีวิต,กำใจ,กัย
gossip,scandal,การนินทา,เรื่องอื้อฉาว,เฝก,ฉัย
tattoo,scar,รอยสัก,แผลเป็น,นมญแจ,ลู้
calendar,schedule,ปฏิทิน,กำหนดการ,แตน่า,วิสสเตอร์
class,school,ชั้นเรียน,โรงเรียน,บทความคร,ละคาถูก
technology,science,เทคโนโลยี,วิทยาศาสตร์,ท้าสัตว์,ละครสร้าง
genius,scientist,อัจฉริยภาพ,นักวิทยาศาสตร์,กำสดี,ลากชาย
safe,secure,ปลอดภัย,มั่นคง,ทำความสะหตุผล,ลดู้
choose,select,คัดเลือก,เลือก,สูยสาร,แช็งสุด
stubborn,selfish,ดื้อรั้น,เห็นแก่ตัว,อารัตอบ,ตู้เตระเวน
buy,sell,ซื้อ,ขาย,พี่ชนเอ,ลายนิ้วมกร
parliament,senate,รัฐสภา,วุฒิสภา,ลำดับองชาย,ลำดัลแท็กซี่
governor,senator,ผู้ว่าราชการ,วุฒิสมาชิก,คนัค,พูบเขา
bring,send,นำมา,ส่ง,ลูการ,ลูกษา
delicate,sensitive,ละเอียดอ่อน,อ่อนไหว,รหติ,ลูกพุนเคือง
word,sentence,คำ,ประโยค,นามกน้อย,เลย์
speech,sermon,คำพูด,การเทศนา,คดยา,เล็จ
slave,servant,ทาส,คนรับใช้,คันเดือน,ลูอก
refuge,shelter,ที่หลบภัย,ที่กำบัง,นานาหมาย,ชุภ
crew,ship,ลูกเรือ,เรือ,เหนรก,โลป่า
boot,shoe,รองเท้าบูต,รองเท้า,ตินต่อ,ไลว่าง
shot,shoot,ลูกกระสุนปืน,ยิง,สรรเคราะห์,วงโคสบาย
ill,sick,ไม่สบาย,เจ็บป่วย,น่าเคสตรา,วงันตอน
form,sign,แบบฟอร์ม,ลงนาม,อบกาล,วนยาว
frequency,signal,ความถี่,สัญญาณ,ศิสาท,วงออกรรม
stamp,signature,ตราประทับ,การลงนาม,พจนานิจาค,มดี
silent,silence,เงียบ,ความเงียบ,ควสกี้,คลีก้า
golden,silver,ที่ประกอบด้วยทอง,แร่เงิน,ยาแกชินี,วำงาน
simply,simple,อย่างเรียบง่าย,เรียบง่าย,ระเท่า,วัตถุระสงค์
toilet,sink,ห้องน้ำ,อ่างล้างมือ,พอร์ล็อก,วัปตัน
drop,sip,หยด,จิบ,วันคเตือน,วะเงิน
stand,sit,ยืน,นั่ง,คริสดท้าย,วังสมุด
bone,skull,กระดูก,กะโหลก,วันจอนชาย,วันออาหาร
rest,sleep,พักผ่อน,นอน,วัสเตอร์,วันอศาสตร์
little,small,เล็กน้อย,เล็ก,วัยหนู่บ้าน,วะเป็น
taste,smell,รสชาติ,กลิ่น,เกี่ยกับเหล็ก,วัยรหิน
worm,snake,หนอน,งู,ระนาการ,ธุด
shooter,sniper,มือปืน,มือปืนลอบยิง,จมคัญ,ก้อยน้ำ
rain,snow,ฝน,หิมะ,ทิศตการณ์,วิกรี่
lemonade,soda,น้ำมะนาว,น้ำอัดลม,จิตวินทาง,วาหาร
lunar,solar,ทางจันทรคติ,ทางสุริยคติ,โลวีดี,วิดาร์
nothing,something,ไม่มีอะไร,บางสิ่งบางอย่าง,ฉลรตีน,แบบามิน
elsewhere,somewhere,ที่อื่น,บางแห่ง,เทคโนอุ่น,วิทยางสรรค์
daughter,son,ลูกสาว,ลูกชาย,คริกรรม,วินามปราม
album,song,อัลบั้ม,เพลง,การเปป้อง,สปายทัศน์
noise,sound,เสียงรบกวน,เสียง,รัฐสจบ,หอฒิสภา
lasagna,spaghetti,ลาซานย่า,สปาเก็ตตี้,ผู้ว่างดาว,วุฒิสทอลิก
talk,speak,พูดคุย,พูด,อินเทอระเบิด,วนับ
expert,specialist,ผู้เชี่ยวชาญ,ผู้ชำนาญเฉพาะทาง,ปัมบี้,หมดไพร์
sensational,spectacular,น่าเร้าใจ,น่าตื่นเต้น,บาดงกาย,ถู้
distance,speed,ระยะทาง,ความเร็ว,ความภาคภูดการ,แขกดิ์ศรี
waste,spend,เปลือง,ใช้จ่าย,พระข้าง,สารดิ์สิทธิ์
soul,spirit,จิตวิญญาณ,วิญญาณ,ย่บดี,ศาสตรามานตร์
hobby,sport,งานอดิเรก,กีฬา,ปรัยน้ำ,แอลนา
celebrity,star,ผู้มีชื่อเสียง,ดารา,วิ่งย,ศึภาพ
federal,state,สหพันธรัฐ,มลรัฐ,รุร้า,โศกกวน
comment,statement,ความคิดเห็น,คำให้การ,น่าสะอิดอภัย,สกปรกโสดร้าย
platform,station,ชานชาลา,สถานี,ล่ามา,กบง
monument,statue,อนุสาวรีย์,รูปปั้น,เชบาน,ดีบ
concrete,steel,คอนกรีต,เหล็ก,กล้มตน,สงบเสงเช้า
already,still,เรียบร้อยแล้ว,ยังคง,ทันตรา,โศกางาม
rock,stone,หิน,ก้อนหิน,ท้วย,โครงเบอร์รี่
prevent,stop,ป้องกัน,หยุด,ครอบชาลา,ข้านี
shop,store,ร้านค้า,คลังสินค้า,วิศหนี,ผำปนิก
wind,storm,ลม,พายุ,อาคารผู้โฎหมาย,สนามถัง
oven,stove,เตาอบ,เตา,สังเตือน,สนาเม็น
unusual,strange,ผิดปกติ,แปลก,ลาซานาไม้,หมดเก็ตตี้
plan,strategy,แผนการ,กลยุทธ์,นโยนลอร์ด,ผาพสตรี
banana,strawberry,กล้วย,สตรอเบอร์รี่,เมียว,ดูงส์
avenue,street,ถนนหลวง,ถนน,ทั้งก่า,สมบปรุง
hit,strike,ตี,โจมตี,ในอุคติ,สมเบอร์รี่
nap,stroll,การงีบหลับ,การเดินเล่น,แหสวบ,สร้อนิส
firmly,strongly,อย่างหนักแน่น,อย่างแรงกล้า,การก่อง,ย้าง
pyramid,structure,พีระมิด,สิ่งก่อสร้าง,จ่ป,สลจร
research,study,วิจัย,ศึกษา,การผสมณภาพ,นิตนผสม
naïve,stupid,ไร้เดียงสา,โง่,อุปงแสง,ฤด่าง
madness,stupidity,ความบ้าคลั่ง,ความโง่เขลา,อาณานกลับ,สิทธนธรัฐ
rhythm,style,จังหวะ,ท่วงทำนอง,เรียนรม,จูด
object,subject,กรรม,ประธาน,พิจาค,สอบกลา
replace,substitute,แทนที่,ทดแทน,สะอน,สึจน
manage,succeed,จัดการ,ประสบความสำเร็จ,สี่เง่า,สัตยู
enough,sufficient,พอ,เพียงพอ,รับปรญญาณ,สึตัว
propose,suggest,เสนอ,แนะนำ,ความรบ่,สันทาง
briefcase,suitcase,กระเป๋าเอกสาร,กระเป๋าเดินทาง,การแจ้งเวีย,สาบริหารรัฐกิจ
moon,sun,ดวงจันทร์,ดวงอาทิตย์,ฆาม,สิหนักษณ์
saturday,sunday,วันเสาร์,วันอาทิตย์,สัตวเข้า,สัษณ์
layer,surface,ชั้น,พื้นผิว,เด่งย์,สสัตย์
operate,surgery,ผ่าตัด,การผ่าตัด,ดึม,ท้อม
nickname,surname,ชื่อเล่น,นามสกุล,คารเท่า,เหตเท่า
live,survive,ดำเนินชีวิต,รอดชีวิต,วงมาท,เนือเหลี่ยม
doubt,suspect,สงสัย,ระแวง,สายเคงสาร,บรรไฟ
drown,swim,จมน้ำ,ว่ายน้ำ,เครื่องตูรั้ว,สายัคร
flag,symbol,ธง,สัญลักษณ์,ห้มรับ,หนู้ภาพ
symptom,syndrome,อาการ,ซินโดรม,ขเมิน,สารสนยชน์
needle,syringe,เข็ม,เข็มฉีดยา,เหตสิค,สาทหาร
network,system,เครือข่าย,ระบบ,มีช้า,สำเชย
potential,talent,ศักยภาพ,ความสามารถพิเศษ,โต๊ะทวเลข,สำนั่นจับ
learn,teach,เรียนรู้,สอน,สถานเลี้ยงเด็งคราว,สำนั่งแข่ง
student,teacher,นักเรียน,ครู,ดำฉบับ,สำไร
league,team,สมาคม,ทีม,ไมยง,สำเนาลใจ
method,technique,วิธีการ,กลวิธี,มหามิด,สิ่งบางหย่าม
teenage,teenager,เกี่ยวกับวัยรุ่น,วัยรุ่น,มักลา,สำระ
call,telephone,โทร,โทรศัพท์,อะเภอ,สิ่งคั่ง
radio,television,วิทยุ,โทรทัศน์,ไล,สิเปิดเผย
say,tell,กล่าว,บอก,สัตว์ป้นหมาย,สิ่งแท้งจริน
heat,temperature,ความร้อน,อุณหภูมิ,ของบรรเย็น,สินทึก
golf,tennis,กอล์ฟ,เทนนิส,บั้ล,เข่
experiment,test,การทดลอง,การทดสอบ,มาขาว,ยาดดำ
witness,testimony,พยาน,คำให้การ,คณะตาล,รอนฟ้า
grateful,thank,ปลื้มปีติ,ขอบคุณ,สีลอง,สีฟู้เลือง
what,that,อะไร,สิ่งนั้น,ปางดก,สือท้อน
cinema,theater,โรงภาพยนตร์,โรงละคร,หลุมฝีภาพ,คำสาน
idea,theory,ความคิด,ทฤษฎี,เบาษ์,มัช
here,there,ที่นี่,ที่นั่น,รั่ง,เส้นรอดชง
thin,thick,บาง,หนา,เสน,เอกอัคนเสมอปลาย
consider,think,พิจารณา,คิด,ในย,เสนาจ
hunger,thirst,ความหิว,ความกระหายน้ำ,นักอนุรัศม์นิยม,เสรีนิระ
one,three,หนึ่ง,สาม,เสียงรฝีปาก,เสนอง
crown,throne,มงกุฎ,บัลลังก์,มืน,เสื้อแกเกอร์
finger,thumb,นิ้ว,นิ้วหัวแม่มือ,ความแตร,สอบสว่าง
lightning,thunder,ฟ้าแลบ,ฟ้าร้อง,บรรงใจ,แสดงทาบ
bind,tie,ผูกมัด,ผูก,แสดงเข้า,แฟ่
detonator,timer,ที่จุดระเบิด,เครื่องจับเวลา,อนย,กบิง
skin,tissue,ผิว,เนื้อเยื่อ,โยว,หนวดทราย
name,title,ชื่อ,คำนำหน้าชื่อ,คัมภีรกับเคมี,หนัยงสา
potato,tomato,มันฝรั่ง,มะเขือเทศ,ตัมน,หนังสือก้องสาว
nail,tooth,เล็บ,ฟัน,บทนค้า,รายงสือพิมพ์
hurricane,tornado,พายุเฮอริเคน,พายุทอร์นาโด,พ่ง,เฟา
torment,torture,ทรมาน,ทารุณ,ทหารรับชอบ,น้้าที่
blanket,towel,ผ้าห่ม,ผ้าขนหนู,สะอง,ว่าอก
doll,toy,ตุ๊กตา,ของเล่น,ดำดา,โป๊งในสี่
modern,traditional,ทันสมัย,แบบดั้งเดิม,เกดับ,นู้
sad,tragic,เศร้า,โศกสลด,หลานนิรภัย,หมล์
spy,traitor,สายลับ,คนทรยศ,แว่จิต,หมลนย์
move,transfer,เคลื่อนไหว,โอนย้าย,รอยนเมฆ,หมุ่น
sensor,transmitter,เซ็นเซอร์,เครื่องถ่ายทอดสัญญาณ,จีวา,ทอดป่า
therapy,treatment,การบำบัด,การรักษา,เปียน,หมรอ
bush,tree,พุ่มไม้,ต้นไม้,ยีบ,จู๊
hearing,trial,การไต่สวน,การพิจารณาคดี,ฝายบ,หม่วมงาน
circle,triangle,วงกลม,สามเหลี่ยม,ป้อกฐาน,หยลา
double,triple,สองเท่า,สามเท่า,อวี,หลบนวน
jeep,truck,รถจี๊ป,รถบรรทุก,สนามเลือดดำ,หลอดเหลืออามิน
monday,tuesday,วันจันทร์,วันอังคาร,บรง,วาก
bridge,tunnel,สะพาน,อุโมงค์,หลานสถ์,หลานปรก
chicken,turkey,ไก่,ไก่งวง,หมลา,อบิง
snail,turtle,หอยทาก,เต่า,บวอง,ห้อกบิน
disgusting,ugly,น่าขยะแขยง,น่าเกลียด,โบเลข,ห้อรอนุมัติ
final,ultimate,สุดท้าย,ที่สุด,ห้องอาบน้ำเดิม,ห้องอาติยศ
inability,unable,การไร้ความสามารถ,ไม่สามารถ,กระเมือง,หอมหะอาหาร
realize,understand,ตระหนัก,เข้าใจ,เบ้ม,หัวพริบ
suddenly,unexpectedly,อย่างกะทันหัน,โดยไม่คาดคิด,ค้งพอ,อ๊ง
injustice,unfair,ความอยุติธรรม,ซึ่งไม่ยุติธรรม,แข็งห้าม,แมงมปราม
badge,uniform,ตราสัญลักษณ์,ชุดยูนิฟอร์ม,ฉี,หีต
special,unique,พิเศษ,มีเอกลักษณ์,สมน่อย,ไฟวา
college,university,วิทยาลัย,มหาวิทยาลัย,ทะเลนแบบ,หุยรวม
anonymous,unknown,ไม่เป็นที่เปิดเผย,ไม่เป็นที่รู้จัก,ร้าตา,แบพ
uncomfortable,unpleasant,อึดอัดใจ,ไม่สบายใจ,จูบอด,ลิหนวก
down,up,ลงมา,ขึ้นไป,ตามลำตอบ,เหรพ
lower,upper,ต่ำกว่า,เหนือกว่า,ผู้ให้กฏการณ์,เหตุกอ่าน
blood,urine,เลือด,ปัสสาวะ,ล้อรั้น,เห็นแดขโมบ
apply,use,ประยุกต์ใช้,ใช้,ตลข่าว,เหองอกว่า
ordinary,usual,ธรรมดาสามัญ,เป็นปกติ,บรานิหาร,การธอธรรมชาติ
normally,usually,โดยทั่วไป,โดยปกติ,ไร้เดงขิน,เหยียนธรรม
antidote,vaccine,ยาแก้พิษ,วัคซีน,กัดดาล,เหยแพ้น
desert,valley,ทะเลทราย,หุบเขา,สิ่งปรทรรศน์,เหรียญสตานค์
zombie,vampire,ซอมบี้,แวมไพร์,ถ้วยราการ,เหรียญรากัน
trailer,van,รถพ่วง,รถตู้,คอนกสาร,สมลก
cinnamon,vanilla,อบเชย,วนิลา,ทาอก,สืดร้าย
valve,ventilation,วาล์ว,การระบายอากาศ,เสอบ,ครู้
mars,venus,ดาวอังคาร,ดาวศุกร์,ช่องคลจก,ดาวชาติ
check,verify,ตรวจสอบ,ยืนยัน,ปะเจ้า,องค์ปรำนาญ
extremely,very,อย่างที่สุด,อย่างมาก,วัตคต,ตีต
dvd,video,ดีวีดี,วิดีโอ,จาร,อนิมาณ
camp,village,ค่าย,หมู่บ้าน,ค่าน,ที่ปึทเม้น
revelation,vision,การเปิดเผย,วิสัยทัศน์,จัดริกา,อเมรน้ำ
protein,vitamin,โปรตีน,วิตามิน,อย่างชสผ่าน,อย่างชัดใหญ่
whiskey,vodka,วิสกี้,วอดก้า,อย่าบทสี่,อย่าตญาณ
volunteer,voluntarily,อาสาสมัคร,ด้วยความสมัครใจ,เลือกตง,อย่างรวดสยอง
majority,vote,เสียงข้างมาก,การลงคะแนนเสียง,อย่างหนาราธอน,อย่างแร่งการ
candidate,voter,ผู้สมัคร,ผู้มีสิทธิเลือกตั้ง,อย่างแดชื่น,อย่างสมพันธ์
waiter,waitress,บริกร,บริกรหญิง,หนดู,อย่างห้าม
run,walk,วิ่ง,เดิน,โอเปญ,ง่าอย่า
pocket,wallet,กระเป๋าเสื้อหรือกางเกง,กระเป๋าสตางค์,ฝึสลด,อกกำลัยสัตว์
soldier,warrior,ทหาร,นักรบ,อารณ์,อาริเจน
clean,wash,ทำความสะอาด,ล้าง,อ่อนธรรม,อ่อนผสม
look,watch,ดู,เฝ้าดู,เก่ดแดง,ดีอนวัย
sherlock,watson,เชอร์ล็อก,วัตสัน,ละเอียดปกติ,อ่อไม้
strong,weak,แข็งแกร่ง,อ่อนแอ,โศกงแกร่ง,ออุโส
treasure,wealth,สมบัติ,ความมั่งคั่ง,ที่โมนน,อะดรีนต์ใช้
pistol,weapon,ปืนพก,อาวุธ,เพื่อนส,อัญมระ
internet,web,อินเทอร์เน็ต,เว็บ,ความเบี้ยน,อัมนตรี
engagement,wedding,การหมั้นหมาย,งานแต่งงาน,น่าประทอความ,อัวเตอร์
month,week,เดือน,สัปดาห์,ถ้วยแผล,อาการบาดนิหาร
daily,weekly,รายวัน,รายสัปดาห์,หอสิค,อาโทษ
southern,western,ทางทิศใต้,ทางทิศตะวันตก,ห้อทิ้ง,อ่างล้งก่า
dry,wet,แห้ง,เปียก,ฉมุย,มีปรญากร
horn,whistle,แตร,นกหวีด,พรป,อาชญาชาติ
narrow,wide,แคบ,กว้าง,ราชาร,อาณาจปดาห์
husband,wife,สามี,ภรรยา,ตอบนธรรม,อารยโลยี
gain,win,ได้รับ,ชนะ,อมด,อาตรง
loser,winner,ผู้แพ้,ผู้ชนะ,ปือทับ,อารยธ
summer,winter,ฤดูร้อน,ฤดูหนาว,อาหารบน้ำ,อาทิตย์ตกดัน
cable,wire,สายเคเบิล,สายไฟ,อาหาริการ,อาหารดการ
desire,wish,ความต้องการ,ความปรารถนา,อำนาจอนไหว,อำกา
curse,witch,คำสาป,แม่มด,แมตล,อำจอด
magic,wizard,เวทมนตร์,พ่อมด,โก่งอิสระ,ดำสระ
bear,wolf,หมี,หมาป่า,ความหิอน,อุณหภูย
widow,woman,ม่าย,ผู้หญิง,เหตุกเท้า,บาดัติเหตุ
job,work,อาชีพ,งาน,จอคอพิว,แกปกรณ์
farmer,worker,ชาวนา,คนงาน,เครื่อมต่อ,แกอรณ์
international,world,นานาชาติ,โลก,สะวหา,พึโมงค์
concern,worry,กังวล,กลุ้มใจ,ไฟสา,เอกวหา
useless,worthless,ไร้ประโยชน์,ไร้ค่า,บริษน,เอเลอรี่
deserve,worthy,สมควรได้รับ,คู่ควร,คลดส์,เอชไงสี
read,write,อ่าน,เขียน,โซซิฟิก,หลันแลนติก
poet,writer,กวี,นักเขียน,แวมโว,วัตฟา
reading,writing,การอ่าน,การเขียน,เคลนตัว,โอนท้วง
okay,yeah,โอเค,ใช่,ดีเอกดูแคลน,โอ้อดู
red,yellow,สีแดง,สีเหลือง,โคค้า,เฮเรือน
today,yesterday,วันนี้,เมื่อวาน,รถพยาเย็น,เฮลิคอนเสาร์
old,young,เก่าแก่,อ่อนวัย,งานวิช,แฮมเบอรศาสตร์
area,zone,พื้นที่,โซน,สปาบอน,ไฮโดรำหอม
