"pl_target","pl_cue","pl_fake_cue","pl_fake_target","en_cue","en_target"
"absolwent","dyplom","dycioł","absolnian","diploma","graduate"
"absurdalny","niedorzeczny","niedoświetny","absurkwentny","ridiculous","absurd"
"administracyjny","kierownictwo","kierownicwiasz","administrawdzięczny","management","administrative"
"adrenalina","hormon","osąmon","adrenalinatkniesz","hormone","adrenaline"
"adres","numer","nutuj","adzuj","number","address"
"agencja","solidny","sotrumny","sponcja","firm","agency"
"akcent","głos","głet","aksing","voice","accent"
"aktor","autor","auczę","akczę","author","actor"
"aktualności","kanał","kaela","aktualnosworth","channel","news"
"aktywuj","spust","spaćt","aktytley","trigger","activate"
"alarm","alarm","alnam","alrem","alert","alarm"
"aleja","kąt","ont","colja","corner","alley"
"alfa","brawo","scowo","alpię","bravo","alpha"
"alibi","motyw","mobry","zmobi","motive","alibi"
"ameryka","afryka","zgroka","zdraryka","africa","america"
"analiza","sekcja zwłok","sekcja zliach","stwoliza","autopsy","analysis"
"apartament","dom","zym","zrzętament","house","apartment"
"aprobata","pozwolenie","postrzalenie","zgodbata","permission","approval"
"architekt","inżynier","inżyłość","archimsty","engineer","architect"
"aresztować","karać","kaczy","otrzytować","punish","arrest"
"armia","legion","lekieć","arter","legion","army"
"arogancja","ignorancja","chrirancja","szepgancja","ignorance","arrogance"
"artyleria","kawaleria","kawaległych","artyległych","cavalry","artillery"
"asystent","sekretarz","sekrekręć","lonstent","secretary","assistant"
"atak","inwazja","inwaciel","wiak","invasion","attack"
"atlantycki","pacyfik","pacystru","zgwałtycki","pacific","atlantic"
"atmosfera","środowisko","zgwałdowisko","wspólmosfera","environment","atmosphere"
"autobus","pociąg","pomisz","autociąg","train","bus"
"autorytet","jurysdykcja","jurysdykskiej","autoryznasz","jurisdiction","authority"
"autostrada","droga","berga","autoriachda","road","highway"
"awangarda","zwiastun filmu","chrzestun filmu","strogarda","trailer","van"
"babcia","dziadek","dzialas","możcia","grandfather","grandmother"
"badacz","analityk","analigram","badlić","analyst","investigator"
"badanie","badania","badajesz","badajesz","research","study"
"bar","klub","klvy","zir","club","bar"
"bardzo","niezwykle","niezwyszły","barbet","extremely","very"
"baseball","stadion","stadwie","basecond","stadium","baseball"
"batalion","pułk","puwd","batastal","regiment","battalion"
"bawełna","jedwab","jegnan","bazmiana","silk","cotton"
"bezpieczeństwo","bezpieczeństwo","bezpiestrzostwo","bezpiestrzostwo","security","safety"
"bezpieczne","bezpieczny","bezsłuszny","bezsłuszne","safe","secure"
"bezpośrednio","bezpośredni","bezpowspólni","bezpowzmocnio","direct","directly"
"bezsilny","bezradny","bezdziwny","bezzyczny","helpless","powerless"
"bezwartościowy","nieprzydatny","nieśmierdatny","bezkrzysztościowy","useless","worthless"
"bić się","walka","bitka","cwe się","combat","fight"
"biologia","chemia","pormia","biolowach","chemistry","biology"
"biologiczny","chemiczny","chestępny","biolosprawny","chemical","biological"
"bitwa","wojna","blina","biłów","war","battle"
"biznes","przemysł","przetwił","bizran","industry","business"
"błąd","błąd","błea","błfi","error","mistake"
"blisko","otwarty","mknięty","colsko","open","close"
"blizna","tatuaż","taturzuć","blibem","tattoo","scar"
"boczek","toast","totwe","boogey","toast","bacon"
"bogactwo","skarb","skinb","bobrentwo","treasure","wealth"
"bogaty","słaby","zniby","bospekty","poor","rich"
"ból","cierpienie","wstapienie","evl","suffering","pain"
"boska","bóg","ołg","botom","god","divine"
"boston","waszyngton","wascranton","boista","washington","boston"
"bracie","koleś","koese","zencie","dude","bro"
"brak","obecność","ogarność","wiak","presence","absence"
"brama","portal","krótal","zioma","portal","gate"
"brat","siostra","ilustra","łoat","sister","brother"
"broda","włosy","censy","złada","hair","beard"
"broń","pistolet","pistostać","łooń","pistol","weapon"
"bronić","chronić","wistnić","złanić","protect","defend"
"brudny","paskudny","pagielny","rządny","nasty","filthy"
"brzuszny","rdzeniowy","więźniowy","wzroczny","spinal","abdominal"
"brzydki","digustowanie","diguolśniewanie","zbrodki","digusting","ugly"
"budynek","wieża","dłuża","budydził","tower","building"
"budżetowy","bankowość","bankodusz","burynsztowy","banking","financial"
"burmistrz","szeryf","szecuz","gremistrz","sheriff","mayor"
"burza","wiatr","wimir","bulen","wind","storm"
"but","uruchomić","uruchotycz","ght","boot","shoe"
"butelka","szkło","rikło","bunostka","glass","bottle"
"całkowicie","absolutnie","absoochronie","wszelkowicie","absolutely","completely"
"cebula","czosnek","czokieœ","spróbula","garlic","onion"
"celowo","przypadkowo","współpadkowo","cesprawo","accidentally","intentionally"
"cena £","wartość","wartrem","celanż","value","price"
"centymetr","mila","minio","centysing","mile","centimeter"
"ceremonia","rytuał","rytuczej","ceremoczysz","ritual","ceremony"
"cesarz","cesarski","cerzymski","ceball","imperial","emperor"
"chirurgia","obsługiwać","obsługistrem","chirurłych","operate","surgery"
"chłopiec","dziewczyna","utrzyczyna","chłochac","girl","boy"
"chodź","przyjechać","przyjestra","chniź","arrive","come"
"choroba","grypa","wojpa","przeroba","flu","disease"
"chory","chory","riery","riery","ill","sick"
"chrześcijanin","katolicki","katocząstki","uwielścijanin","catholic","christian"
"chusteczka","płótno","pompno","chusdziadka","cloth","handkerchief"
"chwała","wspaniały","streniały","zjedła","glorious","glory"
"ciąć","łza","eea","cily","tear","cut"
"ciągnąć","naciskać","naciściu","trugnąć","push","pull"
"ciasto","deser","demol","cianes","dessert","cake"
"ciąża","narodziny","narotryczny","rówża","birth","pregnancy"
"ciekawe","ekscytujący","strzelcytujący","strakawe","exciting","interesting"
"ciemny","cień","cipu","nialny","shadow","dark"
"ciężko","ciężki","niówki","czynko","heavy","heavily"
"ciężko","trudny","tworny","czynko","tough","hard"
"ciśnienie","puls","puga","cimyślnie","pulse","pressure"
"cisza","cichy","ciwił","cicem","silent","silence"
"cmentarz","grób","groo","umożtarz","grave","cemetery"
"coś","nic","ęśc","ruś","nothing","something"
"ćwiczenie","ćwiczyć","utoczyć","głupczenie","practice","exercise"
"cygaro","palić","pasto","cyastero","smoke","cigar"
"cyniczny","naiwny","nachenny","cydzieny","naive","cynical"
"cyrk","ogród zoologiczny","stéphad zoologiczny","cyxa","zoo","circus"
"cywilizacja","kultura","ogratura","cywilizazdrosz","culture","civilization"
"czapka","okulary","szeplary","bracka","glasses","cap"
"czarny","biały","gnęły","tworny","white","black"
"czarodziej","magia","mascy","czaroszesz","magic","wizard"
"czarownica","przekleństwo","przesiąkstwo","czadziennica","curse","witch"
"czasopismo","lekkoduch","lekkoaper","czasopitwiać","playboy","magazine"
"cząstka","materiał","matebull","wiastka","matter","particle"
"czaszka","kość","ejść","siaczka","bone","skull"
"czekolada","cukier","cudlem","dźwiękolada","sugar","chocolate"
"często","czasem","czaili","częgię","sometimes","often"
"człowiek","człowiek","szerwiek","szerwiek","man","human"
"cztery","dwa","wha","wciery","two","four"
"czwarty","trzeci","wzroci","czyszty","third","fourth"
"czynność","aktywny","akczalny","uczuność","active","activity"
"daleko","blisko","colsko","dajabłko","near","far"
"dama","lord","loia","thoma","lord","lady"
"darowizna","dobroczynność","dobrozręczność","darowiniesz","charity","donation"
"dawać","oferta","okręta","darza","offer","give"
"definicja","pojęcie","pojętych","definiskiej","concept","definition"
"dekada","stulecie","kanclecie","dekawicz","century","decade"
"delikatny","miękki","ciutki","deliuliczny","soft","gentle"
"demokracja","wolność","ataność","demokradziez","freedom","democracy"
"demonstracja","protest","protraż","demonstraszysz","protest","demonstration"
"depresja","stres","mires","deprełach","stress","depression"
"detektyw","agent","nęent","deteksley","agent","detective"
"determinacja","odwaga","odwadzic","determinawrzesz","courage","determination"
"dezorientacja","chaos","dzios","dezwarsztacja","chaos","confusion"
"diabeł","anioł","annył","dianol","angel","devil"
"ding.","świst","elist","móng.","ping","ding"
"długi","krótki","kłamki","ścigi","short","long"
"długopis","papier","pagiąć","długorzam","paper","pen"
"długość","rozmiar","rozmond","silgość","size","length"
"dobrowolnie","wolontariusz","wolontadziec","dobrostycznie","volunteer","voluntarily"
"doceniać","podziwiać","podzidziu","doceland","admire","appreciate"
"dochód","zysk","ussk","docisk","profit","income"
"dodatkowy","dodatkowy","dostrzekowy","dostrzekowy","extra","additional"
"dokument","plik","pleb","dokurier","file","document"
"dolar","funt","fusa","dobył","pound","dollar"
"dolina","pustynia","purzutnia","wrażlina","desert","valley"
"dolny","najlepszy","najśpieszy","rajny","top","bottom"
"dowód","dowód","domił","dotwę","evidence","proof"
"drapieżnik","ofiara","uwięra","dratrawnik","prey","predator"
"drut","kabel","kadon","drwa","cable","wire"
"drzewo","krzak","krrok","wredwo","bush","tree"
"drzwi","okno","zono","driyi","window","door"
"duch","dusza","duble","durs","soul","spirit"
"dynamit","proch strzelniczy","wzmia strzelniczy","dynazłam","gunpowder","dynamite"
"dyrektor","producent","produzłam","dyrekścią","producer","director"
"dyskusja","rozmowa","alarmowa","dyskułach","conversation","discussion"
"dywan","piętro","pięnac","dyków","floor","carpet"
"działać","gest","gemą","dziasey","gesture","act"
"dzieciństwo","młodzież","młocznie","dziecińdził","youth","childhood"
"dziecko","dziecko","ścierko","ściemko","baby","child"
"dziedziczyć","dziedzictwo","dzieradztwo","dziedziwisz","heritage","inherit"
"dziękować","wdzięczny","wstrzykny","odłąkować","grateful","thank"
"dzielnica","hrabstwo","prinstwo","wspólnica","county","district"
"dziennikarz","reporter","reporskim","dzienniskim","reporter","journalist"
"dziewczyny","chłopcy.","chłopeby","utrzyczyny","boys","girls"
"dziwne","niezwykły","niezwymian","śnione","unusual","strange"
"dziwny","straszny","strzenny","rzędny","scary","creepy"
"dźwięk","hałas","hanil","dźwisz","noise","sound"
"edukacja","zdrowie","skręwie","głębkacja","health","education"
"efekt","wpływ","evływ","uwekt","influence","effect"
"efektywny","użyteczne","użydziane","rocztywny","useful","effective"
"eksplodować","pękać","pęles","eksgwiazdować","burst","explode"
"eksplozja","trzęsienie ziemi","śmieszsienie ziemi","eksamnezja","earthquake","explosion"
"elegancki","modny","anyny","eleskotki","fashionable","elegant"
"elektryczność","obecny","mienny","zmartryczność","current","electricity"
"elektryczny","magnetyczny","magnedzialny","zmartryczny","magnetic","electric"
"element","czynnik","uczunik","pełment","factor","element"
"emocjonalny","psychiczny","psyzmienny","twiercjonalny","mental","emotional"
"energia","moc","ońc","upewgia","power","energy"
"epidemia","plaga","abiga","skledemia","plague","epidemic"
"epizod","seria","sewaj","epikąp","series","episode"
"erekcja","orgazm","orback","skrecja","orgasm","erection"
"fajny","ciepły","ciekre","tulny","warm","cool"
"faks","poczta","punkta","faet","mail","fax"
"fałszywe","podróbka","podkartka","piększywe","fake","FALSE"
"fantastyczny","wspaniały","streniały","fantaklizmny","wonderful","fantastic"
"fantazja","rzeczywistość","rzeczywidziej","świętazja","reality","fantasy"
"fatalny","śmiertelnie","oskartelnie","faniczny","deadly","fatal"
"federacja","kolonia","kolodach","federadziec","colony","federation"
"festiwal","karnawał","karnanych","festistej","carnival","festival"
"film","porno","skuno","fiog","porn","movie"
"finansowanie","budżet","buśleń","fiespressowanie","budget","funding"
"finansowanie","materialnie","matewstydnie","fiespressowanie","financially","financing"
"fizyczny","seksualny","przyjsualny","fidzinny","sexual","physical"
"flota","morski","lijski","hekta","naval","fleet"
"fotograf","autograf","autolizm","fotonosc","autograph","photographer"
"francuski","język angielski","język angietrwasz","uciecuski","english","french"
"funkcjonalny","operacyjny","zniszracyjny","wspiecjonalny","operational","functional"
"gabinet","biurko","thorko","gabishop","desk","office"
"gabinet","gabinet","gabibisz","gabishop","cabinet","closet"
"galaktyka","wszechświat","wszechtriot","gamkniętyka","universe","galaxy"
"garaż","warsztat","warszelu","gazly","workshop","garage"
"gazeta","artykuł","artysiów","gazechce","article","newspaper"
"gdzieś","gdzie indziej","œwiet indziej","gdziaf","elsewhere","somewhere"
"gitara","fortepian","fortesurd","szantara","piano","guitar"
"głodny","zmęczony","stroczony","ogłuny","tired","hungry"
"głosować","większość","niejszość","piersować","majority","vote"
"głuchy","ślepy","tłupy","ciechy","blind","deaf"
"głupi","naiwny","nachenny","półpi","naïve","stupid"
"głupota","szaleństwo","szaleńkich","techpota","madness","stupidity"
"godność","duma","dułów","delność","pride","dignity"
"godny","zasługiwać","zasługiniesz","fryny","deserve","worthy"
"góra","wzgórze","dzierze","sysra","hill","mountain"
"gorączka","kaszel","kalien","gospłuka","cough","fever"
"górny","niżej","nisku","semny","lower","upper"
"goryl","małpa","zgapa","gobii","monkey","gorilla"
"gospodarz","najemca","nabrańca","gospovens","tenant","landlord"
"gra","bawić się","bawićmium","xha","play","game"
"gracz","trener","trekom","amacz","coach","player"
"gram","kilogram","kilostej","grif","kilo","gram"
"grecki","rzymski","wszyski","przeki","roman","greek"
"gruby","chudy","sardy","małby","thin","thick"
"grudzień","listopad","listotrzy","chodzień","november","december"
"grupa","banda","groda","rzepa","gang","group"
"grzmot","błyskawica","uszkoskawica","grboot","lightning","thunder"
"gwiazda","sława","górwa","wieczda","celebrity","star"
"gwizdać","klakson","slonson","clindać","horn","whistle"
"halucynacja","iluzja","umozja","halucynazwiesz","illusion","hallucination"
"hamburger","kanapka","kaśrodka","oszaburger","sandwich","hamburger"
"harmonia","balansować","bathompsować","trzymonia","balance","harmony"
"harmonogram","kalendarz","kalenmiać","harmonothing","calendar","schedule"
"hasło","kod","izd","hanin","code","password"
"heroina","kokaina","kokalach","herosach","cocaine","heroin"
"hiv","aids","aihu","akv","aids","hiv"
"hojny","współczujący","tłuszczujący","fikny","compassionate","generous"
"homar","tuńczyk","rąbczyk","hoing","tuna","lobster"
"honor","przywilej","dziewilej","hodre","privilege","honor"
"hrabina","baron","basem","johnbina","baron","countess"
"idealny","ideał","błoał","funkalny","ideal","perfect"
"idiota","oszukać","oszules","chwata","fool","idiot"
"ilość","suma","perma","ubość","sum","amount"
"imperium","dynastia","dynaball","impetach","dynasty","empire"
"imponować","pochlebiać","poszłybiać","imponoksięż","flatter","impress"
"impreza","przyjęcie","dziejęcie","imzwiaza","reception","party"
"indyk","kurczak","kurkłaś","insos","chicken","turkey"
"indywidualny","osoba","milba","indywiduwdzięczny","person","individual"
"infekcja","wirus","wilio","instancja","virus","infection"
"informacja","dane","tywne","informathers","data","information"
"informator","źródło","kundło","informaczysz","source","informant"
"inny; różny","podobny","poręczny","inny; rśniam","similar","different"
"inspiracja","inspirować","indiachrować","inprzedracja","inspire","inspiration"
"instrument","narzędzie","narzętach","infragment","tool","instrument"
"inteligentny","mądry","mąmuj","intelistraszny","smart","intelligent"
"intuicja","instynkt","instrict","intusard","instinct","intuition"
"intymny","osobisty","osobiciem","inanalny","personal","intimate"
"inwestor","bankier","banrzej","inwemyśl","banker","investor"
"inwestować","finanse","fiexcuse","inweogrzewać","finance","invest"
"ironiczny","ironia","hienia","iroczalny","irony","ironic"
"iść","wchodzić","ignodzić","cmć","enter","go"
"jądrowy","atomowy","ogólmowy","jąchliwy","atomic","nuclear"
"jajko","gniazdo","gruszdo","gonko","nest","egg"
"jakość","ilość","kność","jakłem","quantity","quality"
"jasny","połysk","pobrok","jawił","shine","bright"
"jaszczurka","żaba","żanek","oklaczurka","frog","lizard"
"jazda","prowadzić","prowariat","cwada","drive","ride"
"jedna czwarta","połowa","pomniawa","jednazwiskrta","half","quarter"
"jeść","karmić","karchi","jebe","feed","eat"
"jesień","wiosna","wiołem","jetnie","spring","autumn"
"jezioro","rzeka","gruka","jechacro","river","lake"
"julia","romeo.","romógl","jugan","romeo","juliet"
"junior","senior","senand","judish","senior","junior"
"kaczka","gęś","yoś","nantka","goose","duck"
"kamień","głaz","głup","kakłeś","rock","stone"
"kapelusz","kask","kałą","kapeufać","helmet","hat"
"kapitalizm","anarchia","anarashi","kapitaśmach","anarchy","capitalism"
"kapitan","dowódca","dotknęca","kapiciem","commander","captain"
"kapłan","mnich","koich","kadang","monk","priest"
"kaplica","kościół","komścij","kazachca","church","chapel"
"kardynał","biskup","bisizm","kardyczyc","bishop","cardinal"
"kartel","mafia","maszu","karnię","mafia","cartel"
"kawa","filiżanka","filidziecka","stowa","cup","coffee"
"kazanie","przemówienie","współmówienie","kazatrzy","speech","sermon"
"kciuk","palec","pacik","sgiuk","finger","thumb"
"kelnerka","kelner","ofiner","chwynerka","waiter","waitress"
"kemping","piknik","todnik","złąping","picnic","camping"
"kierowca","pasażer","pasatrow","kiestępca","passenger","driver"
"kłamca","kłamać","kłatra","skomca","lie","liar"
"klasyczny","typowy","typochod","klatworny","typical","classic"
"klasztor","sierociniec","sierociskasz","prosztor","orphanage","convent"
"klasztor","świątynia","wkłatynia","prosztor","temple","monastery"
"klejnot","diament","lopment","klejrez","diamond","jewel"
"klient","pacjent","pachand","klnęnt","patient","client"
"klinika","szpital","wspatal","opłanika","hospital","clinic"
"kobieta","wdowa","bucwa","kogranta","widow","woman"
"kochanek","kochanka","koniutka","kodzionek","mistress","lover"
"kolano","ramię","razek","koprzyno","shoulder","knee"
"komedia","dramat","drakin","komeżysz","drama","comedy"
"komisarz","inspektor","inproctor","komicisk","inspector","commissioner"
"komisja","zamawiać","zamadłem","komiłach","commission","committee"
"kompletny","całkowity","śmietkowity","komzgodny","total","complete"
"komputer","oprogramowanie","grzeszgramowanie","kompuscic","software","computer"
"komunikacja","nawigacja","nawigabriel","komunikadziesz","navigation","communication"
"komunistyczny","rasistowski","rasidziejski","komuniświetlny","racist","communist"
"koń","osioł","oskół","zań","donkey","horse"
"koncentrować się","centrum","centarł","koncentrowaćszczyt","focus","concentrate"
"koncert","wycieczka","wyrzyszka","kondrei","tour","concert"
"koniak","rum","alm","korzać","rum","cognac"
"koniec","koniec","kovich","koszet","end","finish"
"konserwacja","usługa","spluga","konserwaszyng","service","maintenance"
"konstytucja","prawo","zerwo","konstytuarium","law","constitution"
"kontrola","badanie","badajesz","konśmiela","examination","inspection"
"kontyntynuj","kontynuować","kontynustrze","kontyntysięcz","proceed","continue"
"kopiuj","oryginalny","uczciginalny","kokies","original","copy"
"korporacja","spółka","szanka","dzienporacja","company","corporation"
"kot","pies","piął","unt","dog","cat"
"kowboj","rodeo","roxbu","kowtay","rodeo","cowboy"
"kreatura","potwór","poriów","kreichira","monster","creature"
"kreatywność","wyobraźnia","wyomdlenia","krepiękność","imagination","creativity"
"król","królowa","ustalowa","krśi","queen","king"
"królestwo","królewski","króchiński","królewych","royal","kingdom"
"królik","lis","rps","krókły","fox","rabbit"
"kropka","faza","fałeś","dzonka","phase","period"
"krupon","tyłek","tysie","kruoko","ass","butt"
"kryminalista","złodziej","złodrzeć","uczniaminalista","thief","criminal"
"kryzys","sytuacja","sytutwił","kryitą","situation","crisis"
"krzesło","stół","styz","krzegię","table","chair"
"książę","księżniczka","skromniczka","klamżę","princess","prince"
"książka","biblia","biliot","dziejka","bible","book"
"kuchenka","piekarnik","piekarsten","kuszyjka","oven","stove"
"kupiec","reklama w telewizji","reklama w telechlebstw","kuther","commercial","merchant"
"kupujący","sprzedawca","współdawca","szczepujący","seller","buyer"
"kurtka","koszula","kochwila","bratka","shirt","jacket"
"kuzyn","względny","wzroczny","kuimi","relative","cousin"
"kwatera główna","baza","gnoza","kwatera głóchciej","base","headquarters"
"kwiat","zakład","zakiet","kwest","plant","flower"
"ładunek","załaduj","załazien","ładuchow","load","cargo"
"las","dżungla","dżuntow","aus","jungle","forest"
"łaska","przebaczenie","współbaczenie","łanie","forgiveness","mercy"
"latać","grunt","groźt","laren","land","fly"
"łatwo","niemożliwy","niedzielliwy","łasmy","impossible","easy"
"łazienka","kabina prysznicowa","opryszczkabina prysznicowa","łaafryka","shower","bathroom"
"leczenie","terapia","teradach","lejesznie","therapy","treatment"
"legenda","mit","zęt","lecharda","myth","legend"
"lek","alkohol","alkonież","owk","alcohol","drug"
"lekarz","chirurg","chikong","lejach","surgeon","doctor"
"lekki","ciemność","unieność","piaki","darkness","light"
"lew","smok","smat","taw","dragon","lion"
"lewy","prawidłowy","prawiuczciwy","lecił","right","left"
"liberał","konserwatywny","konserwachlarzny","libeusze","conservative","liberal"
"lider","członek","ścionek","licji","member","leader"
"limuzyna","taxi","tadaż","otrzymuzyna","taxi","limousine"
"lina","łańcuch","łańłęcz","lismy","chain","rope"
"lipiec","czerwiec","oczywiec","lizisz","june","july"
"list","telegram","teleslie","limę","telegram","letter"
"literatura","sztuka","rzonka","liściachratura","art","literature"
"lizać","ssać","ośać","liwej","suck","lick"
"łódź","łódź podwodna","skunk podwodna","łóił","submarine","boat"
"lokalizacja","miejsce","miejrio","lokalizazdrosz","place","location"
"lokalny","regionalny","regiostyczny","loteczny","regional","local"
"lot","lądowanie","lądowarzysz","unt","landing","flight"
"lotnisko","terminal","skonminal","wciąnisko","terminal","airport"
"łóżko","sofa","socze","fruko","sofa","bed"
"ludzie","populacja","populations","lubież","population","people"
"lustro","odbicie","odbistym","luchło","reflection","mirror"
"łyk","upuść","upićć","znk","drop","sip"
"majonez","keczup","kedruk","majodżaj","ketchup","mayonnaise"
"mąka","ziarno","gralno","kacka","grain","flour"
"maksymalny","minimum","ministwa","stripsymalny","minimum","maximum"
"malarz","artysta","artyścią","mastru","artist","painter"
"mały","mało","marań","maceu","little","small"
"małżeństwo","rozwód","rozneś","małżeńdził","divorce","marriage"
"manipulować","kontrola","konxwella","manipulouisvil","control","manipulate"
"mapa","kompas","komfon","makie","compass","map"
"marketing","reklama","regresma","markeskaj","advertising","marketing"
"martwy","żywy","stowy","marbał","alive","dead"
"marynarka wojenna","morski","lijski","marynarka wojechlebstw","marine","navy"
"marynarz","pirat","piłom","marytlić","pirate","sailor"
"masaż","joga","bunga","mahul","yoga","massage"
"masło","kochanie","koprzynie","manin","honey","butter"
"maszyna","robot","roels","maroczna","robot","machine"
"matematyka","fizyka","fiplotka","mateatrzyktyka","physics","mathematics"
"materiał wybuchowy","bomba","pańba","materiał wybuchchlebstw","bomb","explosive"
"mdłości","biegunka","bieczewka","ciołści","diarrhea","nausea"
"mechaniczny","techniczny","chroniczny","mechasprawny","technical","mechanical"
"mecz","turniej","katniej","medo","tournament","match"
"medal","trofeum","troleźc","menii","trophy","medal"
"medalion","artefakt","arteboya","medanosc","artifact","medallion"
"metal","żelazo","żelarium","meset","iron","metal"
"metr","kilometr","kilozłam","mezz","kilometer","meter"
"mgła","chmura","pseura","ebła","cloud","fog"
"miasto","stolica","życzlica","mianam","capital","city"
"mięsień","nerw","newo","międium","nerve","muscle"
"mięso","mięso wieprzowe","mięso wieprzstarcz","pulso","pork","meat"
"mieszanina","połączenie","połąsłusznie","mieochotnina","combination","mixture"
"mikrofon","kamera","kamedycz","mikronieś","camera","microphone"
"mikroskop","teleskop","teleczen","mikrobiam","telescope","microscope"
"milczący","tatuś","tafey","starczący","daddy","mum"
"miliard","milion","mipiać","mimiast","million","billion"
"miłość","nienawidzić","nienawicjusz","miskać","hate","love"
"minister","ambasador","ambasachach","minikich","ambassador","minister"
"ministerstwo","ambasada","strzebasada","minichwalstwo","embassy","ministry"
"minus","plus","dzus","mirat","plus","minus"
"minuta","druga","terga","mifronta","second","minute"
"misja","zadanie","zadarzyć","miżać","task","mission"
"mistrzostwo","konkurencja","konkurenfield","michwalstwo","competition","championship"
"młody","stary","rozry","tardy","old","young"
"młot","kij","rej","fdot","stick","hammer"
"mocz","krew","krts","moak","blood","urine"
"mokry","suchy","suelo","mowiu","dry","wet"
"molwa","ming.","sung.","psuwa","ming","ling"
"monitor","ekran","wnran","monifest","screen","monitor"
"morderca","zabójca","zaznawca","morświeca","killer","murderer"
"morderca","najemnik","naczynnik","morświeca","mercenary","assassin"
"morderstwo","samobójstwo","samobójdzisz","morderbird","suicide","murder"
"morfina","aspiryna","kingryna","ustafina","aspirin","morphine"
"motel","hotel","hosco","mosco","hotel","motel"
"mówić","rozmowa","alarmowa","móman","talk","speak"
"mózgowy","mózg","mókl","mótrójwy","brain","cerebral"
"możliwość","szansa","charsa","możlistów","chance","possibility"
"mrówka","pszczoła","świńczoła","grifka","bee","ant"
"mundur","odznaka","odżeczka","munnoi","badge","uniform"
"mutacja","ewolucja","niemlucja","mutadzie","evolution","mutation"
"muzeum","biblioteka","biczwarteka","mupeye","library","museum"
"muzyk","piosenkarz","piosenling","mukój","singer","musician"
"muzyka","jazz","jacu","mułeczka","jazz","music"
"myć się","czysty","czyter","dża się","clean","wash"
"myśleć","rozważać","rozwakiem","mygląd","consider","think"
"na około","okrągły","opargły","na okdlać","round","around"
"na zawsze","wieczny","gwiazny","na zauważ","eternal","forever"
"naciskać","przycisk","przysing","nacignął","button","press"
"nadajnik","czujnik","channik","naosobnik","sensor","transmitter"
"nadal","już","zyż","naarl","already","still"
"nagi","nagi","nałeś","nałaś","nude","naked"
"nagły wypadek","pilne","słane","nagły wypostrza","urgent","emergency"
"nagranie","nagrywać","naśpiewać","nawiednie","record","recording"
"nagroda","nobel.","nofers","nawsiada","nobel","prize"
"nagroda","premia","presor","nawsiada","bonus","reward"
"najwyższy","finał","filów","najśliwszy","final","ultimate"
"napastnik","ofiara","uwięra","naczownik","victim","attacker"
"naprawa","naprawić","napraczył","naschowa","fix","repair"
"naprawdę","faktycznie","fakprzenie","nastejdę","actually","really"
"naród","kraj","krtt","naami","country","nation"
"nastolatek","nastoletni","nastostrzeni","natranslatek","teenage","teenager"
"naszyjnik","pierścień","pierrview","nalusznik","ring","necklace"
"nauczać","uczyć się","uczyćthią","nawrzeć","learn","teach"
"nauczyciel","student","studżać","nauczygnąć","student","teacher"
"nauki ścisłe","technologia","dziewnologia","nauki ścwrzyj","technology","science"
"naukowiec","geniusz","gesiądz","naukoszać","genius","scientist"
"nazwisko","przezwisko","strazwisko","napastsko","nickname","surname"
"negatywny","pozytywny","pozydzialny","negadzialny","positive","negative"
"nerwowy","zmartwiony","zmarnialny","zwiąwowy","worried","nervous"
"niebezpieczny","ryzykowny","ryzybliczny","niebezsprawny","risky","dangerous"
"niebiański","niebo","arabo","niezbędski","sky","heavenly"
"niebieski","brązowy","paszzowy","niebiegach","brown","blue"
"niedziela","sobota","socmenta","niezrówla","Saturday","Sunday"
"nieodpowiedzialny","nierozsądny","nierozpieczny","nieodpowieochrzczony","unreasonable","irresponsible"
"niepokoić się","obawa","lekwa","niepokoićuthern","concern","worry"
"niepowodzenie","sukces","sukbom","niepowościachnie","success","failure"
"nieprzyjemny","niewygodny","niewystrzeny","nieśmierjemny","uncomfortable","unpleasant"
"niesamowity","robi wrażenie","robi wrażtrzysz","wstrząsamowity","impressive","amazing"
"niespodziewanie","nagle","napek","niegrzeczdziewanie","suddenly","unexpectedly"
"niesprawiedliwy","niesprawiedliwość","niegrzeczwiedliwość","niegrzeczwiedliwy","injustice","unfair"
"nieszczęście","niefortunny","nieforgrzywny","niewznieście","unfortunate","misfortune"
"nieszczęście","ubóstwo","slestwo","niewznieście","poverty","misery"
"niezdolny","niemożność","niemożkach","nierządny","inability","unable"
"nieznany","anonimowy","uśmienimowy","niemiczny","anonymous","unknown"
"niezwykły","wyjątkowy","wystrzekowy","niezwypiał","exceptional","remarkable"
"normalna","zdrowy","zrzuwy","norteczna","healthy","normal"
"nos","usta","zyta","rms","mouth","nose"
"nowotwór","guz","ksz","nowonieć","tumor","cancer"
"nóż","miecz","miłyz","wtż","sword","knife"
"o","na zewnątrz","na zespiesz","dé","out","about"
"obcy","ufo.","ufcp","bójcy","ufo","alien"
"obiad","przekąska","niczkąska","obród","snack","lunch"
"obietnica","gwarancja","czujrancja","wszytnica","guarantee","promise"
"oblicz","liczyć","licjan","obrion","count","calculate"
"obowiązek","odpowiedzialność","odpowieostrożność","obowiąbiać","responsibility","duty"
"obrabować","skraść","heraść","obraboskiej","steal","rob"
"obracać się","skręcać","spóźcać","obracaćwiert","turn","rotate"
"obrażenia","rana","cjona","obrażeszych","wound","injury"
"obrazić","zniewaga","nadawaga","obrażysz","insult","offend"
"obrzydliwe","brudny","wzruny","atrakdliwe","dirty","disgusting"
"obserwować","popatrz","postrzę","obserwodzisz","look","watch"
"obwód","promień","prociął","obsze","radius","perimeter"
"ocean","morze","mogra","filan","sea","ocean"
"ocena","obserwacja","obserwaszyng","stona","observation","evaluation"
"oczekiwać","czekać","czeles","spełkiwać","wait","expect"
"oczywiście","wyraźnie","wyczynnie","stanwiście","clearly","obviously"
"odcisk palca","dna.","dndb","odcisk pastrzyk","dna","fingerprint"
"odnieść sukces","zarządzać","zarzących","odnieść sugniarz","manage","succeed"
"odpowiadać","odpowiedź","odpodziec","odposprzedać","answer","reply"
"odświeżać","świeży","schoży","odobrażać","fresh","refresh"
"odważny","szlachetny","ignochetny","oddzieny","noble","brave"
"ogólnie","naturalnie","natuschronie","ugrynie","naturally","generally"
"ogrodzenie","ściana","shinna","chwidzenie","wall","fence"
"ojciec","mama","malii","ojpher","mother","father"
"okrucieństwo","zło","mco","pioncieństwo","evil","cruelty"
"okrutny","brutalny","wskatalny","chlujny","brutal","cruel"
"okup","porywacz","poryskam","okrz","kidnapper","ransom"
"olbrzymi","duża","dupel","olludzmi","big","huge"
"olej","węgiel","węnizm","znej","coal","oil"
"opcja","wybór","wypin","opfoa","choice","option"
"opis","profil","proved","oppu","profile","description"
"oprzeć się","opór","opij","oprzećchio","resistance","resist"
"opuścić","wychodzić","wychocych","smaścić","leave","abandon"
"orbita","planeta","miczneta","ustabita","planet","orbit"
"ordynans","nadczłowiek","nadwrażwiek","ordykryc","superman","batman"
"oskarżenie","skarga","dzwoga","śmierżenie","complaint","accusation"
"osobowość","postać","polter","osobosley","character","personality"
"ostatecznie","wreszcie","głaszcie","spontecznie","finally","eventually"
"ostatnio","tylko","anoko","ostatsna","just","recently"
"oświadczenie","komentarz","komenować","wstrzączenie","comment","statement"
"oszustwo","spisek","spicho","szerstwo","conspiracy","fraud"
"otwór","pękać","pęles","otrzr","crack","hole"
"owad","pająk","paglu","łąad","spider","insect"
"owoc","jabłko","czołko","owsz","apple","fruit"
"pa","cześć","czrać","rą","hello","bye"
"pakiet","koperta","kochajta","paczem","envelope","package"
"paliwo","gaz","etz","paczerwo","gas","fuel"
"panna młoda","pan młody","frismłody","panna młściom","groom","bride"
"papieros","tytoń","tydya","papiechii","tobacco","cigarette"
"paranormalne","nadprzyrodzony","nadświetlrodzony","paranorstrzenne","supernatural","paranormal"
"pasja","entuzjazm","entupłacz","papią","enthusiasm","passion"
"paszport","bilet","bisje","sparport","ticket","passport"
"patrol","strażnik","atlannik","patien","guard","patrol"
"październik","wrzesień","wrzeszla","paźpiecznik","september","october"
"pełny","pusty","puter","bilny","empty","full"
"penis","pochwa","pocież","peida","vagina","penis"
"pensja","emerytura","otwarrytura","pendle","pension","salary"
"perfumy","pomadka","pochwęka","trzyfumy","lipstick","perfume"
"perspektywiczny","pogląd","pogers","perspektychrystny","view","perspective"
"piasek","błoto","minto","któsek","mud","sand"
"piekło","raj","nij","pienis","paradise","hell"
"piękno","czar","czcz","gwałno","charm","beauty"
"piękny","ładny","wotny","rzędny","pretty","beautiful"
"pieniądze","gotówka","godzieka","pieprzedze","cash","money"
"pigułka","tablet","taliot","pipączka","tablet","pill"
"pijany","trzeźwy","orienwy","pigniony","sober","drunk"
"piłka nożna","koszykówka","koszyczłonka","piłka nodiusz","basketball","football"
"pilot","astronauta","sprzynauta","pigło","astronaut","pilot"
"piosenka","album","alńor","pioaplika","album","song"
"pisać","czytać","czygów","pizja","read","write"
"pisarz","poeta","pomię","pising","poet","writer"
"pismo","czytanie","zmietanie","pirzy","reading","writing"
"pistolet","karabin","karaznać","pistostać","rifle","gun"
"piwo","drink","skink","pirza","drink","beer"
"planowanie","przygotowanie","stwiergotowanie","astronowanie","preparation","planning"
"plastikowy","cement","celand","placzłonkowy","cement","plastic"
"płeć żeńska","mężczyzna","ogroczyzna","afra żeńska","male","female"
"płomień","ogień","śwień","płomych","fire","flame"
"płyn","płyn","płeż","płią","liquid","fluid"
"pływać","utopić","trupić","stuwać","drown","swim"
"pociągać","uwaga","małga","pociąnisz","attention","attract"
"pocisk","kaliber","kaliscie","poicie","caliber","bullet"
"pocisk","rakieta","rasparta","poicie","rocket","missile"
"podejrzany","wątpliwość","wątpliśnie","podejpieczny","doubt","suspect"
"podekscytowany","dumny","syjny","uśmiechekscytowany","proud","excited"
"podpis","znaczek","bliczek","podrow","stamp","signature"
"podpisać","formularz","formusial","podpiciel","form","sign"
"podstawowa","wtórny","wienny","podtrzeźwowa","secondary","primary"
"podział","jednostka","jedtaczka","podzasz","unit","division"
"pogrzeb","trumna","zrzęna","poprzód","coffin","funeral"
"pogrzebać","kopać","kosme","pomniabać","dig","bury"
"poinformować","raport","rament","poinwszechmować","report","inform"
"poker","hazard","harzak","pomno","gambling","poker"
"pokojówka","niania","rujnia","pokoniaczka","nanny","maid"
"pokonać","zwycięstwo","zwycięciem","pokochem","victory","defeat"
"połączenie","kontakt","konlatw","połąostatnie","contact","connection"
"pole walki","arena","mnona","pole watłych","arena","battlefield"
"policzek","warga","kroga","politrów","lip","cheek"
"polityczny","krytyczny","kryciemny","policjantny","critical","political"
"polityk","polityka","polichwiaka","polining","policy","politician"
"polityka","dziennikarstwo","aresznikarstwo","polimieszka","journalism","politics"
"północ","południe","połuprzę","półtla","south","north"
"południe","środek nocy","środek nstiel","połumiąc","midnight","noon"
"pomarańczowy","zielony","urząlony","pomaumieszczowy","green","orange"
"pomidor","ziemniak","ziemczaj","pomisnął","potato","tomato"
"poprawa","reszta","rietta","poświęwa","change","improvement"
"porozumienie","kontrakt","kontkasz","porozuwzględnie","contract","agreement"
"port","zatoka","zatowiec","pood","bay","harbor"
"portfel","kieszeń","kiekiet","portzam","pocket","wallet"
"porucznik","sierżant","sierthan","poczynnik","sergeant","lieutenant"
"pościg","śledzić","cardzić","poacon","follow","chase"
"posiłek","jedzenie","jechalnie","posiczam","food","meal"
"postawa","opinia","connia","pośpiewa","opinion","attitude"
"poświęcenie","wierność","wciąność","postrzecenie","fidelity","devotion"
"potroić","podwójnie","ponialnie","posłałić","double","triple"
"potrzebować","niezbędny","niesienny","posłuszbować","necessary","need"
"potwierdzać","potwierdzenie","pouszkodzenie","posprawdzać","confirmation","confirm"
"powiedzieć","mówić","mózgo","powiecjach","say","tell"
"powierzchnia","warstwa","leństwa","pouwzględnia","layer","surface"
"powitać","pogratulować","pośpiesztulować","powiśnio","congratulate","greet"
"powrót","plecy","wawcy","pokrew","back","return"
"poznać","zobaczyć","zobastia","pozłeś","see","meet"
"pozostać","zostawać","zośpiewać","pozocząc","stay","remain"
"pozwolić","dopuszczać","dopuszkiej","poschylić","allow","let"
"pozycja","status","stabla","pozydenc","status","position"
"pożyczka","kredyt","krekos","ponostka","credit","loan"
"praca","stanowisko","stanowiczysz","dunca","job","work"
"pracownik","rolnik","zninik","praręcznik","farmer","worker"
"pragnienie","głód","icód","praudolnie","hunger","thirst"
"praktycznie","dosłownie","domiernie","czertycznie","literally","practically"
"prawdopodobne","prawdopodobieństwo","uśmiechdopodobieństwo","ćwierćdopodobne","probability","likely"
"prawdopodobnie","może","moson","ćwierćdopodobnie","maybe","probably"
"prawdziwy","prawda","charda","szkodziwy","TRUE","real"
"prawidłowy","zło","mco","prawiuczciwy","wrong","correct"
"prawny","nielegalny","nieletryczny","mienny","illegal","legal"
"prędkość","dystans","dyplant","prędkłem","distance","speed"
"prezent","komplement","kompledłeś","preeney","compliment","gift"
"prezydent","kanclerz","kancbasz","prezysnie","chancellor","president"
"próba","próbować","szkobować","wpaba","try","attempt"
"problem","kłopoty","trwapoty","prooter","trouble","problem"
"procedura","proces","probył","oświecedura","process","procedure"
"produkcja","fabryka","faaderka","prokwencja","factory","production"
"produkować","stwórz","stogrz","względukować","create","produce"
"produkt","marka","froka","prowent","brand","product"
"profesjonalny","amator","baltor","profesjostrzenny","amateur","professional"
"profesor","dziekan","dziewia","profepaść","dean","professor"
"program","projekt","prorech","prognij","project","program"
"prokurator","prawnik","prawcze","prokuradziec","lawyer","prosecutor"
"promieniowanie","zanieczyszczenie","zanieuprzejczenie","proboszczniowanie","contamination","radiation"
"prośba","popyt","poets","wrzeba","demand","request"
"prosty","po prostu","po prsmin","proter","simply","simple"
"protokół","reguła","reumarła","protopiaj","rule","protocol"
"prototyp","model","molaj","protokres","model","prototype"
"prowadzić śledztwo","zbadać","bendać","prowadzić śledkhardt","examine","investigate"
"prywatność","prywatny","prychowny","prywatters","private","privacy"
"przechadzka","drzemka","dreszka","przezwiązka","nap","stroll"
"przeciwnie","naprzeciw","nałachciw","straciwnie","opposite","contrary"
"przeciwnik","wróg","wryc","straciwnik","enemy","opponent"
"przedmiot","obiekt","obiefi","przedhill","object","subject"
"przedsiębiorca","milioner","mibrenner","współsiębiorca","millionaire","entrepreneur"
"przenosić","ruszaj się","ruszajghes","zjednosić","move","transfer"
"przestępczość","grzech","ruzech","przestępchard","sin","crime"
"przestraszyć","przestraszyć","przestradłem","przestrawasz","scare","frighten"
"przeszkadzać","przerwać","przegłam","przewstydzać","interrupt","disturb"
"przeszłość","przyszły","przystan","przespiesz","future","past"
"przeziębienie","gorąco","gostarco","współziębienie","hot","cold"
"przeznaczenie","los","ząs","współznaczenie","fate","destiny"
"przeżyć","relacja na żywo","relacja na łkniesz","przezem","live","survive"
"przyczyna","powód","pogla","niszczyna","reason","cause"
"przygotowywać","gotowy","gotościo","stwiergotowywać","ready","prepare"
"przyjaciel","współpracownik","szczepracownik","przyjagnąć","colleague","friend"
"przyjaźń","relacja","reladzie","przyvacs","relationship","friendship"
"przyjazny","grzeczny","wzroczny","dziejazny","polite","friendly"
"przyjemny","wygodna","wypuszna","dziejemny","comfortable","pleasant"
"przynęta","pułapka","puduszka","uniknęta","trap","bait"
"przysięga","przysięgać","dziesięgać","dziesięga","swear","oath"
"psychologia","anatomia","stwotomia","psycholorzysz","anatomy","psychology"
"psychologiczny","medyczny","meczynny","psycholoostrożny","medical","psychological"
"ptak","motyl","mowns","ptbu","butterfly","bird"
"publiczność","tłum","xeum","pudzienność","crowd","audience"
"pułkownik","ogólny","orzeny","kłótkownik","general","colonel"
"pył","popiół","pobitt","węł","ash","dust"
"pyszny","smaczny","nieczny","doczny","tasty","delicious"
"radość","przyjemność","przyjemkach","rasrać","pleasure","joy"
"radzić","rada","rakie","rabiam","advice","advise"
"ramię","ręka","sanka","racho","hand","arm"
"rano","jutro","juśne","racyj","tomorrow","morning"
"reaktor","generator","generadziec","reakścią","generator","reactor"
"realistyczny","optymistyczny","optymidlandny","realidzialny","optimistic","realistic"
"ręcznik","koc","wac","randnik","blanket","towel"
"redukować","zwiększać","zwiękczem","redukoniecz","increase","reduce"
"regulator czasowy","detonator","detonadziej","regulator czaschlebstw","detonator","timer"
"religia","filozofia","filozoszysz","reliwach","philosophy","religion"
"remis","farba","końba","retek","paint","draw"
"reputacja","kariera","kaczwora","reputastycz","career","reputation"
"restauracja","pub","łab","reprzedracja","pub","restaurant"
"robić","robić","rożyt","rośli","make","do"
"rodzic","dorosły","dororium","roczyć","adult","parent"
"rodzina","klan","nean","ropiętna","clan","family"
"romantyk","dramatyczny","dramadzialny","romangram","dramatic","romantic"
"rozbój","kradzież","kracznie","roznas","theft","robbery"
"rozczarowanie","niespodzianka","niespogrzewka","rozgnieśćrowanie","surprise","disappointment"
"rozsądny","sprawiedliwy","niedźwiedliwy","rozdziwny","fair","reasonable"
"rozumiesz","realizować","rejestrzować","rozuciach","realize","understand"
"rozwój","postęp","polter","rozzin","progress","development"
"ryba","rekin","relaj","pieba","shark","fish"
"rząd","administracja","administradziesz","rzye","administration","government"
"rzadko","sporadycznie","sporaostatnie","szerko","occasionally","rarely"
"rzym","cezar","cemił","rznn","caesar","rome"
"sabotaż","szpiegostwo","szpiegościa","sabogins","espionage","sabotage"
"sałatka","zupa","piopa","saniemka","soup","salad"
"samochód","pojazd","posred","samotnij","vehicle","car"
"samochód ciężarowy","jeep","jedia","samochód ciężarchlebstw","jeep","truck"
"samolubny","uparty","granty","samoupiorny","stubborn","selfish"
"samotny","sam","iom","sagrzany","alone","lonely"
"samuraj","ninja.","ninech","samudząc","ninja","samurai"
"satelita","radar","raczu","satekryszta","radar","satellite"
"schron","schronienie","sprzynienie","scraon","refuge","shelter"
"ścieżka","trasa","ślusa","dziejka","route","path"
"sędzia","sąd","ozd","sęding","court","judge"
"senat","parlament","parlazłam","sebii","parliament","senate"
"senator","gubernator","gubernadziej","senamięt","governor","senator"
"ser","chleb","muleb","zir","bread","cheese"
"sieć","internet","interdzia","sijo","internet","web"
"siedzieć","stoisko","stoizmu","siecjach","stand","sit"
"silnie","mocno","galno","udinie","firmly","strongly"
"silnik","zbiornik","związnik","tatnik","tank","engine"
"siniak","zadrapanie","zamknijpanie","sition","scratch","bruise"
"siostrzeniec","wnuk","wnye","siostrzelasz","grandson","nephew"
"skandal","plotki","hostki","kwardal","gossip","scandal"
"sklep","sklep","skaup","skanp","shop","store"
"skok","wspinać się","wspinaćmium","drok","climb","jump"
"skromny","pokorny","pochleny","dziorny","humble","modest"
"skrzynia","brzuch","łozuch","skocznia","stomach","chest"
"słaby","mocny","zmany","broby","strong","weak"
"śliczny","ładny","wotny","sięczny","nice","lovely"
"słodki","słodkie","odłokie","drobki","sweet","cute"
"słońce","księżyc","księbiu","klowce","moon","sun"
"słoneczny","księżycowy","utrzyżycowy","słotrzony","lunar","solar"
"ślub","zaręczyny","zaręsprawny","łóub","engagement","wedding"
"sługa","niewolnik","niewolfram","burga","slave","servant"
"słynny","popularny","poputryczny","chenny","popular","famous"
"słyszeć","słuchać","urochać","słysizm","listen","hear"
"śmiech","uśmiechać się","uśmiechaćwiąć","śmosch","smile","laugh"
"śmieci","śmieci","trioci","trioci","trash","garbage"
"śmieszne","dowcipny","dowwaczny","wszechne","witty","funny"
"śmigłowiec","ambulans","ambuczom","śmigłośnym","ambulance","helicopter"
"snajper","strzelec","strzesuj","snajmię","shooter","sniper"
"śniadanie","kolacja","koladzie","skandanie","dinner","breakfast"
"śnić","koszmar","koszdię","ugić","nightmare","dream"
"śnieg","deszcz","ejszcz","gwieg","rain","snow"
"soda","lemoniada","lemoyoshida","sonel","lemonade","soda"
"sok","mleko","sunko","iek","milk","juice"
"sonda","kapsuła","sprósuła","rybda","capsule","probe"
"sos","krem","krze","rms","cream","sauce"
"spać","odpoczynek","odpotwiernek","spcz","rest","sleep"
"spacerować","biegać","biesji","wgniecerować","run","walk"
"spaghetti","lazania","lazastęp","spapraćti","lasagna","spaghetti"
"specjalista","ekspert","eksnard","transcjalista","expert","specialist"
"spektakularny","rewelacyjny","rewelastrzenny","gwiazdtakularny","sensational","spectacular"
"spierać się","konflikt","konfiant","spieraćbłów","conflict","dispute"
"spokojna","spokojny","sposienny","sporęczna","quiet","calm"
"społeczność","społeczeństwo","społestrzostwo","spochetność","society","community"
"sport","hobby","reyby","spist","hobby","sport"
"spotkanie","konferencja","konferenfield","spochownie","conference","meeting"
"sprawiedliwość","zemsta","zemium","sprawiedliskiem","revenge","justice"
"sprzedać","kupić","kuowa","sprzebie","buy","sell"
"srebro","złoty","darty","sredas","golden","silver"
"stacja","platforma","wszeforma","stamen","platform","station"
"stal","beton","belię","stpu","concrete","steel"
"stale","zawsze","zagazm","ubole","always","constantly"
"stan","federalny","fededzienny","stlą","federal","state"
"statek","załoga","zatrzyga","protek","crew","ship"
"statua","pomnik","poscią","stażsi","monument","statue"
"sto","tysiąc","tyseya","kło","thousand","hundred"
"stosowanie","zastosować","zatwiersować","przedsowanie","apply","use"
"strach","przerażenie","współrażenie","straze","horror","fear"
"strajk","uderzyć","ranrzyć","straph","hit","strike"
"straszny","straszny","strzenny","strzenny","terrible","horrible"
"strategia","plan","gian","zmietegia","plan","strategy"
"strefa","powierzchnia","pouwzględnia","trudfa","area","zone"
"struktura","piramida","piramistrzy","ogrodtura","pyramid","structure"
"strzelać","strzał","strzbo","strzeria","shot","shoot"
"strzykawka","igła","pcła","zdrajkawka","needle","syringe"
"styl","rytm","ryłd","stsp","rhythm","style"
"sugerować","zaproponować","zachcianponować","sugerodziej","propose","suggest"
"sukienka","spódnica","anionica","subricka","skirt","dress"
"świadectwo","świadek","świakom","szkodectwo","witness","testimony"
"świat","międzynarodowy","międzynarodowyostrzyć","zjiat","international","world"
"światowy","krajowy","zmiejowy","szkotowy","national","global"
"świeca","lampa","firpa","słańca","lamp","candle"
"świetnie","doskonały","dorzecznały","zmiennie","excellent","great"
"świnia","krowa","warwa","zbania","cow","pig"
"świt","zachód słońca","zamilkł słońca","cuit","sunset","dawn"
"sygnał","częstotliwość","częstotlistwem","syrzaj","frequency","signal"
"symbol","flaga","linga","symcii","flag","symbol"
"syn","córka","kajka","xon","daughter","son"
"sypialnia","pokój","poane","syścienia","room","bedroom"
"system","sieć","siim","maktem","network","system"
"szampan","wino","opano","szamdow","wine","champagne"
"szantaż","przekupić","opłakupić","szanary","bribe","blackmail"
"szczepionka","antidotum","antidobiasz","szczebramka","antidote","vaccine"
"szczęśliwy","zadowolona","zadowolonatkniesz","zniszśliwy","satisfied","happy"
"szczur","mysz","myve","riczur","mouse","rat"
"szef","menedżer","menetrol","tref","manager","boss"
"szef kuchni","ugotować","hisztować","chit kuchni","cook","chef"
"szeroki","wąska","wągli","franroki","narrow","wide"
"szkoła","klasa","pansa","trzyła","class","school"
"szop pracz","wiewiórka","wieżółtka","zsyn pracz","squirrel","raccoon"
"sztuczny","naturalny","natudzienny","wszechny","natural","artificial"
"sztuka","fragment","claument","trauka","fragment","piece"
"szybki","powolny","poręczny","scówki","slow","fast"
"szybko","powoli","pomnieli","skutko","slowly","quickly"
"szyja","gardło","zwadło","kleja","throat","neck"
"tajemnica","sekret","sesper","tastrzenica","secret","mystery"
"tak","w porządku","w porząuczą","onk","okay","yeah"
"talent","potencjał","potensons","taijut","potential","talent"
"talerz","miska","minuj","tazasz","bowl","plate"
"talia kart","kabina","kapłanna","taliafgang","cabin","deck"
"tam","tutaj","tujek","łem","here","there"
"tani","drogi","kingi","tałem","expensive","cheap"
"taniec","tancerz","tancyzm","tafium","dancer","dance"
"tata","wujek","wucha","tasie","uncle","dad"
"teatr","kino","tymno","tedeń","cinema","theater"
"technika","metoda","meprzeda","chronika","method","technique"
"telefon","dzwonić","skarnić","teleznał","call","telephone"
"telewizja","radio","rabyć","telewifield","radio","television"
"temperatura","ciepło","ciefru","oczyszperatura","heat","temperature"
"tenis ziemny","golf","goął","tenizmachmny","golf","tennis"
"teoria","pomysł","potwił","znuria","idea","theory"
"test","eksperyment","eksperyszard","mist","experiment","test"
"test","przesłuchanie","współsłuchanie","mist","hearing","trial"
"tętnica","żyła","choła","pasznica","vein","artery"
"tkanka","skóra","lorra","skówka","skin","tissue"
"tlen","powietrze","powiedzał","gmen","air","oxygen"
"tonąć","toaleta","toakryszta","towal","toilet","sink"
"torba","skrzynka","wskrzeka","zmyba","box","bag"
"tornado","huragan","huradiem","świanado","hurricane","tornado"
"torturować","dręczyć","unoczyć","przyjturować","torment","torture"
"towarzyszyć","eskorta","zbiorta","towarzyniesz","escort","accompany"
"tradycyjny","nowoczesny","nowoczemiesz","tradystansny","modern","traditional"
"tragiczny","smutny","miętny","traczalny","sad","tragic"
"trójkąt","okrąg","okmig","trójleh","circle","triangle"
"tron","korona","przerona","phon","crown","throne"
"truskawka","banan","basem","truczynka","banana","strawberry"
"trwać","pierwszy","twiejszy","trróć","first","last"
"trzy","jeden","jełym","enzy","one","three"
"trzymać","utrzymać","utrzyrię","trzyrię","hold","keep"
"tunel","most","momą","tulow","bridge","tunnel"
"tydzień","miesiąc","miepiaj","tyściej","month","week"
"tygodniowo","codziennie","coostatnie","tygouczciwo","daily","weekly"
"tył","przód","prykd","beł","front","rear"
"tytuł","imię","imus","tynaś","name","title"
"ucho","oko","iao","ucai","eye","ear"
"ucieczka","uciec","zmiec","uczęszka","flee","escape"
"uczciwość","lojalność","lojalkach","szczuwość","loyalty","honesty"
"uczciwy","przyzwoity","dziezwoity","szczuwy","decent","honest"
"uczucie","wrażenie","stwożenie","maczcie","impression","feeling"
"ukryć","pokrywa","powiedwa","ukość","cover","hide"
"ulica","aleja","fraja","amuca","avenue","street"
"umiejętność","pojemność","pojemkach","skonjętność","capacity","ability"
"umierać","cierpieć","cierpert","dziarać","suffer","die"
"unikalny","specjalny","speteczny","uniteczny","special","unique"
"uniwersytet","szkoła wyższa","szkoła wyscień","uniwersyskasz","college","university"
"uprowadzać","porwać kogoś","porwać krveya","ściewadzać","kidnap","abduct"
"uroczy","atrakcyjny","obrzycyjny","mężczy","attractive","charming"
"urodziny","rocznica","sponnica","pierdziny","anniversary","birthday"
"urządzenie","żeton","żerać","niszdzenie","chip","device"
"urzędnik","oficjalnie","ofirycznie","uzgodnik","officially","official"
"uścisk","pocałunek","pocałudzisz","alcisk","kiss","hug"
"ustęp","sekcja","zjacja","uszłp","section","paragraph"
"usunąć","wyeliminować","wykształminować","gadnąć","eliminate","remove"
"utrzymywać","utrzymywać","dziewmywać","dziewmywać","preserve","maintain"
"uważać","zaufanie","zachopnie","uwanim","trust","believe"
"uwięzienie","kara","kanie","wspizienie","penalty","imprisonment"
"uzdrowić","zdrowieć","zdrolver","zdrajwić","recover","heal"
"w górę","na dół","nariół","w gpoń","down","up"
"w środku","na zewnątrz","na zespiesz","w śroowe","outside","inside"
"wakacje","boże narodzenie","boże narodzostrzyć","wakawiar","christmas","holiday"
"walizka","aktówka","akśniaka","waśrodka","briefcase","suitcase"
"wampir","zambi","zasyc","wamnod","zombie","vampire"
"wanilia","cynamon","cynadzia","waniczej","cinnamon","vanilla"
"wątroba","nerka","pięka","wąszajba","kidney","liver"
"watson.","sherlock.","cienlock.","watpork","sherlock","watson"
"wąż","robak","rodit","pęż","worm","snake"
"wąż gumowy","pompa","izopa","szczą gumowy","pump","hose"
"ważny","cenny","ryjny","któny","valuable","important"
"wcześnie","późno","elono","skomśnie","late","early"
"wczoraj","dziś","dzcê","wczones","today","yesterday"
"wdzięczność","gościnność","gowrotność","wstrzykność","hospitality","gratitude"
"wędkarstwo","polowanie","polowadzasz","wędkarmisz","hunting","fishing"
"wejście","wyjście","sioście","kolście","exit","entrance"
"wentylacja","zawór","zasow","błysztylacja","valve","ventilation"
"wenus","mars","magy","wefon","mars","venus"
"wesoły","lesbijka","lesśrodka","wesokosc","lesbian","gay"
"wiadomość","ostrzeżenie","skrzywżenie","wiadostań","warning","message"
"wiara","mieć nadzieję","opuch nadzieję","flera","hope","faith"
"wiarygodny","wyjaśnienie","wyjaschronie","wiarystyczny","explanation","plausible"
"wiązanie","wiązać","uduzać","utwozanie","bind","tie"
"widelec","łyżka","tsuka","widerwał","spoon","fork"
"wideo","płyta dvd","płytaskwą","wifry","dvd","video"
"wieczór","noc","ewc","wieszly","night","evening"
"wiedza","doświadczenie","dowspółczenie","wieżyć","experience","knowledge"
"wiedział","rozpoznać","rozpołącz","wiedzasz","recognize","knew"
"wiedzieć","teraz","tedię","wieciach","now","know"
"wierny","wierny","ficzny","liczny","loyal","faithful"
"wiersz","tekst","tealt","wizasz","text","poem"
"więzień","zakładnik","zaopienik","więgher","hostage","prisoner"
"więzienie","komórka","kopaczka","zdzizienie","cell","prison"
"wilk","niedźwiedź","niedźnieść","wiuć","bear","wolf"
"winny","niewinny","nieczalny","ściny","innocent","guilty"
"wioska","obóz","obźć","senska","camp","village"
"witamina","białko","statko","sprzątamina","protein","vitamin"
"wizja","objawienie","objastrzęnie","wilin","revelation","vision"
"wkładać","wstawić","stwowić","wstydać","insert","put"
"właściciel","własność","włarzyść","właścignąć","property","owner"
"wódka","whisky","lamsky","dorka","whiskey","vodka"
"wodór","węgiel","węnizm","woetu","carbon","hydrogen"
"wojownik","żołnierz","newnierz","woręcznik","soldier","warrior"
"wojownik","mistrz","mistzą","woręcznik","champion","fighter"
"wojskowy","cywilny","cyubrany","branskowy","civil","military"
"wolny","swobodnie","swostatnie","shiny","freely","free"
"wrażliwy","delikatny","delizręczny","skryliwy","delicate","sensitive"
"wschód","zachód","zajezd","wsches","west","east"
"wściekłość","gniew","uziew","wściekreśl","anger","rage"
"wskazać","punkt","pułyt","wielzać","point","indicate"
"wsparcie","pomoc","povan","edwarcie","support","assistance"
"wspierać","wsparcie","ksiazcie","wspiełów","help","assist"
"współczucie","cierpliwość","stwopliwość","sprawczucie","patience","compassion"
"wtorek","poniedziałek","poniesłuszłek","aderek","monday","tuesday"
"wybierz","wybierać","wybiestów","wyrzasz","choose","select"
"wybór","kampania","oprapania","wymad","campaign","election"
"wyborca","kandydat","kandyoper","wykrzyca","candidate","voter"
"wybrzeże","plaża","rioża","wyzwiąże","beach","coast"
"wydać","marnować","zdolnować","wyspu","waste","spend"
"wydarzenie","zjawisko","ukrywisko","wydaniachnie","phenomenon","event"
"wygórowanie","majestat","majeuldn","wygórowachlarz","majesty","highness"
"wygrać","zdobyć","zdołaj","wytron","gain","win"
"wyjazd","przyjazd","przyszaj","wykrze","arrival","departure"
"wykład","seminarium","seminauczyc","wybran","seminar","lecture"
"wykonanie","wiszące","wiświęce","wykonastycz","hanging","execution"
"wymówka","przebaczyć","przebastia","wydencka","forgive","excuse"
"wynajem","wynajmować","wyszturmować","wynadzać","hire","rent"
"wynik","wynik","wytre","wymor","result","outcome"
"wyolbrzymiać","zbagatelizować","uśmiechgatelizować","wyolbrzychych","underestimate","exaggerate"
"wypadek","incydent","incywacz","wypamięć","incident","accident"
"wyposażyć","sprzęt","sprzrv","wyposaniach","equipment","equip"
"wyprzedaż","aukcja","auichś","wyszkodaż","auction","sale"
"wyrażenie","słownik","biornik","wyrażeglarz","dictionary","phrase"
"wyrazić","opisać","opicho","wyragasz","describe","express"
"wyrok","słowo","miawo","wynum","word","sentence"
"wyścigi","maraton","maradzic","wyusługi","marathon","race"
"wysłać","przynieść","przywiedź","wyszeń","bring","send"
"wysoka","niska","nilem","wyczerka","low","high"
"wysokość","waga","walen","wysoberg","weight","height"
"wystarczający","dość","dopę","wyoczyszczający","enough","sufficient"
"wystawa","galeria","galegasz","wywprowa","gallery","exhibition"
"występ","pokazać","pokachów","wysiąt","show","performance"
"wyznać","przyznać","przyanie","wyzłeś","admit","confess"
"wyzwanie","przeszkoda","przeprzeda","wyosobnie","obstacle","challenge"
"zaakceptować","odrzucać","odrzuwisz","zaakkształtować","refuse","accept"
"ząb","gwóźdź","kłóźdź","ncb","nail","tooth"
"zabawka","lalka","ashka","zazwleka","doll","toy"
"zabić","zatruć","zafiać","zadat","poison","kill"
"zachodni","południowy","połuuczciwy","zadziani","southern","western"
"żagiel","kotwica","kodłowca","żaniów","anchor","sail"
"zagrożenie","ryzyko","ryuspoko","zaoskarżenie","risk","danger"
"zakazać","zakazany","zakastyczny","zakachów","forbidden","prohibit"
"zakurzony","zardzewiały","zaświadwiały","zakustyczny","rusty","dusty"
"żałosne","nieszczęśliwy","nieśmierśliwy","żałorzać","miserable","pathetic"
"założenie","wniosek","utwosek","założebrach","conclusion","assumption"
"zamek","pałac","paici","zagaj","palace","castle"
"zamek","klucz","klltz","zagaj","key","lock"
"zamiar","cel, powód","cel, usand","zatarz","purpose","intention"
"zamknięcie","otwarcie","obraźcie","zaszczęcie","opening","closure"
"zamknięte","zablokowany","zagwiazdkowany","zaotwarte","locked","closed"
"zamówienie","komenda","kostrada","zamózgachnie","command","order"
"zamrażać","stopić","stogne","zapłodżać","melt","freeze"
"zanik","śmierć","śmietv","zagłę","death","disappearance"
"zapach","smak","klak","zapier","taste","smell"
"zapamiętaj","zapominać","zapomistwie","zapamięmiesz","forget","remember"
"zapewniać","włączać","żarczać","zapewstów","enable","provide"
"zapisać","ratować","ratościo","zapiścia","rescue","save"
"zapytać się","pytanie","pytastro","zapytaćprzód","question","ask"
"żart","sztuczka","wszechka","birt","trick","joke"
"zastąpić","wymienić","wystarnić","zastąstów","replace","substitute"
"zastrzyk","dawka","porka","zastrial","dose","injection"
"zatrzymać","zapobiec","zapozłam","zaskłamać","prevent","stop"
"zaufanie","poszanowanie","pośmiertnowanie","zakrewnie","respect","confidence"
"zawalić się","jesień","jeskaj","zawalićbiesz","fall","collapse"
"zawartość","zawierać","zawiekiej","zawarkins","contain","content"
"zawsze","nigdy","dlady","zascue","never","ever"
"zbawiciel","bohater","bohaskim","zbawignąć","hero","savior"
"zbieg","uchodźca","ucieczca","wrieg","refugee","fugitive"
"zbroja","tarcza","plecza","zmiaja","shield","armor"
"zbrojownia","arsenał","arseczyc","szyjjownia","arsenal","armory"
"zbudować","budowa","pierdowa","skardować","construction","build"
"zdarzyć","zdarzać się","zdarzaćspol","płyrzyć","occur","happen"
"zdjęcie","zdjęcie","szujcie","znokcie","picture","photo"
"zdrajca","szpieg","szpiuj","uzdroca","spy","traitor"
"że","co","dą","rę","what","that"
"zebrać","zebrać","zebert","zebert","collect","gather"
"zepsuć","rozbić","rozczy","zepłem","smash","break"
"zespół","objaw","obleb","zescig","symptom","syndrome"
"zespół","liga","liski","zescig","league","team"
"zespół muzyczny","orkiestra","orkiemień","zechcieć muzyczny","orchestra","band"
"zewnętrzny","wewnętrzny","westrzenny","zestrzenny","internal","external"
"zima","lato","lacyj","terma","summer","winter"
"złapać","złapać","złakuj","złakuj","grab","catch"
"zły","dobry","donac","uty","good","bad"
"zły","zazdrosny","zachwysny","uty","jealous","angry"
"zmuszać","siła","rzyła","cieszać","strength","force"
"znaczenie","oznaczający","zwiękczający","przyczenie","meaning","importance"
"znajdować","szukaj","szulii","okredować","search","find"
"zniszczenie","kreacja","krebacz","współczenie","creation","destruction"
"żółty","czerwony","wpływony","penty","red","yellow"
"żółw","ślimak","ślidlu","żóźo","snail","turtle"
"żona","mąż","ójż","styna","husband","wife"
"żonaty","pojedynczy","pojewieszczy","oznanaty","single","married"
"zorganizować","zorganizować","umieszganizować","umieszganizować","arrange","organize"
"żuć","łyk","iuk","eać","swallow","chew"
"zwariowany","paranoidalny","paranoszczwany","mieszriowany","paranoid","crazy"
"zweryfikować","sprawdzać","sprawwiam","briarcryfikować","check","verify"
"zwierzę","bestia","beskaj","zwieler","beast","animal"
"zwłoki","ciało","twoło","tworki","body","corpse"
"zwolnienie","rezygnacja","rezyskrypcja","rycznienie","resignation","dismissal"
"zwycięzca","przegrany","szwagrany","zwystepca","loser","winner"
"zwykle","normalnie","wielmalnie","zwyżeń","normally","usually"
"zwykły","zwyczajny","zwyobrony","zwymar","ordinary","usual"
"życzenie","pragnienie","praspłynie","żywasznie","desire","wish"
